{"MSE_train": [865.0146854197357], "R2_train": -0.15299735336205567, "MAE_train": 22.376449136703336, "MSE_test": 864.4075961336557, "R2_test": -0.11792047518970072, "MAE_test": 22.500575272093382}