{"MSE_train": [7.131062959809872], "R2_train": 0.05528856414853567, "MAE_train": 2.323145647335472, "MSE_test": 7.412538735018484, "R2_test": -0.1471291578962659, "MAE_test": 2.1210860579698676}