{"MSE_train": [0.021505091488820703], "R2_train": 0.997151041019688, "MAE_train": 0.11212548043994908, "MSE_test": 0.26393523280999015, "R2_test": 0.9591546415909928, "MAE_test": 0.3283013763838411}