{"MSE_train": [0.03672393792347883], "R2_train": 0.9939246120034906, "MAE_train": 0.14714747218426466, "MSE_test": 0.11603335344210426, "R2_test": 0.9892773929100389, "MAE_test": 0.28331352204994625}