{"MSE_train": [0.0004247404343764052], "R2_train": 0.9999437310891959, "MAE_train": 0.013439857735537353, "MSE_test": 0.26372833957962016, "R2_test": 0.9591866594010323, "MAE_test": 0.4012837837661822}