{"MSE_train": [0.0013441681529593025], "R2_train": 0.9997776288839504, "MAE_train": 0.02407780438737591, "MSE_test": 0.21598253117290103, "R2_test": 0.9800411196318838, "MAE_test": 0.3710187285698138}