{"MSE_train": [0.0], "R2_train": 1.0, "MAE_train": 0.0, "MSE_test": 0.33829122174516607, "R2_test": 0.968738610536097, "MAE_test": 0.4149854892818997}