{"MSE_train": [0.0], "R2_train": 1.0, "MAE_train": 0.0, "MSE_test": 0.30555346819104817, "R2_test": 0.9527140018840783, "MAE_test": 0.3779269016664128}