{"MSE_train": [0.030460477852804917], "R2_train": 0.9959646462341972, "MAE_train": 0.1429664654909947, "MSE_test": 0.05765232790578491, "R2_test": 0.9910780005709936, "MAE_test": 0.17938712871510357}