{"MSE_train": [0.0396903316746825], "R2_train": 0.9934338696156091, "MAE_train": 0.15709703281410484, "MSE_test": 0.09912663740091315, "R2_test": 0.9908397374249002, "MAE_test": 0.2683135881457625}