{"MSE_train": [6.044706600562569], "R2_train": 0.0, "MAE_train": 2.0644205786003966, "MSE_test": 14.444916194745725, "R2_test": -0.3348503357782988, "MAE_test": 3.21170425798208}