{"MSE_train": [7.0752504497926605], "R2_train": 0.06268251323775254, "MAE_train": 2.318305550845278, "MSE_test": 7.926602290353988, "R2_test": -0.22668318309836244, "MAE_test": 2.187610948606694}