{"MSE_train": [0.016721879705715908], "R2_train": 0.9972336325299628, "MAE_train": 0.09342063618867925, "MSE_test": 0.2963453632319001, "R2_test": 0.9726148146321311, "MAE_test": 0.40827203631590037}