{"MSE_train": [0.011176402885007361], "R2_train": 0.99851936861634, "MAE_train": 0.07825153969121548, "MSE_test": 0.2813408279648247, "R2_test": 0.9564610346600336, "MAE_test": 0.3674226058018357}