{"MSE_train": [7.14230866525414], "R2_train": 0.05379875167635684, "MAE_train": 2.3249895474176023, "MSE_test": 7.355936263839732, "R2_test": -0.13836962928950358, "MAE_test": 2.1151762824299234}