{"MSE_train": [6.0106261012950615], "R2_train": 0.005638073362292939, "MAE_train": 2.0610120985824323, "MSE_test": 14.481221734796446, "R2_test": -0.33820531975148005, "MAE_test": 3.2019517919577467}