{"MSE_train": [0.03658104278938185], "R2_train": 0.9951538039064765, "MAE_train": 0.15142627196623057, "MSE_test": 0.11529980546553668, "R2_test": 0.982156751758417, "MAE_test": 0.2407316283509504}