{"MSE_train": [0.04280450282340834], "R2_train": 0.9929186798215442, "MAE_train": 0.15251318071390216, "MSE_test": 0.17001732130841363, "R2_test": 0.9842887507703774, "MAE_test": 0.33088760170078635}