{"MSE_train": [297.79299261890327], "R2_train": -0.4427071051698612, "MAE_train": 12.784712056259519, "MSE_test": 277.12212436485027, "R2_test": -0.670440596026348, "MAE_test": 11.805573531587578, "hyperparameters": {"alpha": 0.001, "beta": 0.001}}