Time,Iteration,Cost,Parameters
Wed Mar 20 05:51:29 2024,0,0.47006467472300045,[-1.60328955  2.23743454 -2.12427954 -0.11653093  0.55388708 -2.77010907
  3.06858489  2.18960155  1.18552008 -1.06648318]
Wed Mar 20 05:51:52 2024,1,0.47005826836065545,[-1.59891877  2.23743454 -2.12427954 -0.11653093  0.55388708 -2.77010907
  3.06858489  2.18960155  1.18552008 -1.06648318]
