{"MSE_train": [2.122479239786497], "R2_train": 0.7085676228014319, "MAE_train": 1.2181502339611083, "MSE_test": 3.0395138354014204, "R2_test": 0.6969888649630598, "MAE_test": 1.5096786791947594, "hyperparameters": {"alpha": 0.001, "beta": 0.001}}