{"MSE_train": 0.00015918305923104547, "R2_train": 0.5912779366139326, "MAE_train": 0.008538779186610267, "MSE_test": 0.00016122085079700506, "R2_test": 0.5854878334294666, "MAE_test": 0.008669238376816275}