{"MSE_train": 0.0006504178006661781, "R2_train": -0.649155468561273, "MAE_train": 0.021338232117942245, "MSE_test": 0.0006579555500206598, "R2_test": -0.673310136752955, "MAE_test": 0.02140038636400981}