{"MSE_train": [922.1412976471624], "R2_train": -0.2291426880193541, "MAE_train": 23.76671778384933, "MSE_test": 913.219297105739, "R2_test": -0.1810476390295377, "MAE_test": 23.82905299008894}