{"MSE_train": [956.3881192971872], "R2_train": -0.27479103987869946, "MAE_train": 24.050759286533697, "MSE_test": 998.7933482441895, "R2_test": -0.29171879039435344, "MAE_test": 24.730162324179258}