{"MSE_train": [865.8645486711339], "R2_train": -0.15413015503132033, "MAE_train": 22.046482388375786, "MSE_test": 860.7704650150877, "R2_test": -0.11321664870022596, "MAE_test": 22.16192138835865}