{"MSE_train": [1.1441030174496114], "R2_train": 0.8429060431380544, "MAE_train": 0.6107403905952327, "MSE_test": 5.885371626296864, "R2_test": 0.41328342847865474, "MAE_test": 1.336853963540217, "hyperparameters": {"alpha": 0.001, "beta": 0.001}}