{"MSE_train": [7.967880009483719], "R2_train": -0.0940499058216333, "MAE_train": 2.025156384494223, "MSE_test": 19.923744455884624, "R2_test": -0.986211199780981, "MAE_test": 3.2263972272947923}