{"MSE_train": [4.40829426483022], "R2_train": 0.39470801272971867, "MAE_train": 1.6778691503422536, "MSE_test": 7.3223206222599755, "R2_test": 0.27003303718722294, "MAE_test": 2.318678761322744, "hyperparameters": {"alpha": 0.001, "beta": 0.001}}