{"MSE_train": [0.00040231220216304324], "R2_train": -0.03188085758912451, "MAE_train": 0.013127855754026842, "MSE_test": 0.0004002480214509906, "R2_test": -0.030174296465137473, "MAE_test": 0.01311078220207626}