{"MSE_train": [4.3918062294910545], "R2_train": 0.3969719441002373, "MAE_train": 1.364581866894287, "MSE_test": 3.592703193534579, "R2_test": 0.6418410537091763, "MAE_test": 1.5701882391478335, "hyperparameters": {"alpha": 0.001, "beta": 0.001}}