{"MSE_train": [797.5867883075562], "R2_train": -0.06312120649018182, "MAE_train": 20.845021695673495, "MSE_test": 822.721048529969, "R2_test": -0.06400812491122676, "MAE_test": 21.456769055949025}