{"MSE_train": [68.4348502289829], "R2_train": 0.6684561184656913, "MAE_train": 7.2011595738233165, "MSE_test": 100.67908329360145, "R2_test": 0.3931252212727283, "MAE_test": 8.579080858930588}