{"MSE_train": [108.4917259682298], "R2_train": 0.47439399923418146, "MAE_train": 9.260493928350723, "MSE_test": 132.1667416203, "R2_test": 0.2033234764164602, "MAE_test": 10.260022358698556}