{"MSE_train": [23.07559243654627], "R2_train": 0.8882064991810826, "MAE_train": 4.0455816762073535, "MSE_test": 37.47467085817882, "R2_test": 0.7741096577268898, "MAE_test": 4.769133890516869, "BATCH_SIZE": 32, "NUM_CORES": 16, "TOLERANCE": 1e-06, "MAX_ITER": 500, "NUM_QUBITS": 5}