{"MSE_train": [0.0009804052094041726], "R2_train": -1.5146176596821967, "MAE_train": 0.024504162005664108, "MSE_test": 0.0009670079417319307, "R2_test": -1.4889235490496313, "MAE_test": 0.02431678799823229}