{"MSE_train": [750.0138991787119], "R2_train": 0.00028975771874162337, "MAE_train": 19.98554803240052, "MSE_test": 775.7386830856469, "R2_test": -0.003246802893723588, "MAE_test": 20.62952392243435}