{"MSE_train": [633.2350892785679], "R2_train": 0.15594683616279348, "MAE_train": 18.686565158987637, "MSE_test": 644.4447257298585, "R2_test": 0.16655295806768344, "MAE_test": 19.002378692125376}