{"MSE_train": [0.14150694685808443], "R2_train": 0.701110739497784, "MAE_train": 0.31068093942722136, "MSE_test": 0.14482257851851216, "R2_test": 0.7299109670396977, "MAE_test": 0.3271595116264718}