{"MSE_train": [753.6951483240031], "R2_train": -0.004617061313501258, "MAE_train": 20.07173077223779, "MSE_test": 778.4029813290824, "R2_test": -0.006692484736028792, "MAE_test": 20.671733310369174}