{"MSE_train": [749.3375381623154], "R2_train": 0.0011912943920109331, "MAE_train": 20.092647199520222, "MSE_test": 776.0509472971696, "R2_test": -0.00365064774341195, "MAE_test": 20.735340087638907}