{"MSE_train": [749.403636736748], "R2_train": 0.0011031901289660917, "MAE_train": 20.099152057457776, "MSE_test": 776.6254829338519, "R2_test": -0.004393682805628352, "MAE_test": 20.75302321025113}