Time,Iteration,Cost,Parameters
Mon Nov  4 16:49:13 2024,345,0.10772101006438299,[-3.29474229  3.14124776 -1.66988013 -0.04283029  0.62130367 -2.69010651
  3.28774271  2.30955143  0.95609812 -1.41463377  0.75101396  0.91674008
  1.55335022 -1.57364317  0.73060117  3.13476557 -0.35782637 -0.58507375
 -2.16095275  0.72323679  1.54450241  2.89949789 -1.1487366  -0.07222391
 -2.58804687 -2.30090484  3.12007712  2.42554542 -0.74071901 -2.65752304
  1.60443947  0.08389164 -2.68537356  2.43514639  1.0145235  -0.61978889
  1.20196755 -1.71805098 -0.38943648  2.30525903 -0.36159247  0.75291283
  2.96524063  1.10349042  2.76283347  2.79378394  3.23079795 -2.97462798]
