{"MSE_train": [0.2312850191569667], "R2_train": 0.5394570782430688, "MAE_train": 0.4086421877505947, "MSE_test": 0.33394386225796746, "R2_test": 0.37720640149523676, "MAE_test": 0.4990690754151227, "BATCH_SIZE": 32, "NUM_CORES": 16, "TOLERANCE": 1e-06, "MAX_ITER": 1000, "NUM_QUBITS": 5}