{"MSE_train": [778.5698272412839], "R2_train": -0.03777307524110163, "MAE_train": 20.523233168685103, "MSE_test": 786.7935787304422, "R2_test": -0.017543870906174375, "MAE_test": 20.80112304913646}