{"MSE_train": [0.5015540761329387], "R2_train": 0.0012877596512321787, "MAE_train": 0.6187961076606816, "MSE_test": 0.56801319562134, "R2_test": -0.05932470118565347, "MAE_test": 0.6770863735335668}