{"MSE_train": [1108.4392328379718], "R2_train": -0.47746335798299766, "MAE_train": 26.801934213148776, "MSE_test": 1139.9922949199256, "R2_test": -0.4743284692889582, "MAE_test": 27.293311446554373}