{"MSE_train": [3.127046343815489], "R2_train": 0.5706329972490523, "MAE_train": 1.4150428810635953, "MSE_test": 14.644890790727185, "R2_test": -0.4599588030512194, "MAE_test": 2.4969877136581813}