{"MSE_train": [0.502090308965595], "R2_train": 0.00021999384264792532, "MAE_train": 0.6186634584161796, "MSE_test": 0.5747699422590078, "R2_test": -0.07192579684348388, "MAE_test": 0.6784655760770311}