{"MSE_train": [0.3561820116788551], "R2_train": 0.290757763154068, "MAE_train": 0.5127219410858297, "MSE_test": 0.3948711350587809, "R2_test": 0.2635791731996382, "MAE_test": 0.5467939087847212, "hyperparameters": {"alpha": 0.001, "beta": 0.001}}