{"MSE_train": [177.25816508535758], "R2_train": 0.14124368082331995, "MAE_train": 10.527907281315368, "MSE_test": 142.45531555627866, "R2_test": 0.1413058673306904, "MAE_test": 8.809892052298718, "hyperparameters": {"alpha": 0.001, "beta": 0.001}}