{"MSE_train": [135.53407644747557], "R2_train": 0.34338288700552877, "MAE_train": 10.75948909842871, "MSE_test": 137.809009963769, "R2_test": 0.16931293281151805, "MAE_test": 10.655559793897101, "hyperparameters": {"alpha": 0.001, "beta": 0.001}}