{"MSE_train": [752.3590481192643], "R2_train": -0.0028361435720378747, "MAE_train": 20.05813958969942, "MSE_test": 777.5837500613437, "R2_test": -0.005632989872474736, "MAE_test": 20.66476729753269}