{"MSE_train": [0.0960447617911037], "R2_train": 0.8087522686253024, "MAE_train": 0.2585374456440642, "MSE_test": 0.12178272256637608, "R2_test": 0.7728794908521753, "MAE_test": 0.3035018220022919}