{"MSE_train": [3.3755452812804143], "R2_train": 0.5365122224875489, "MAE_train": 1.195855829402881, "MSE_test": 2.07475008860345, "R2_test": 0.7931667979452719, "MAE_test": 1.1866637703322591, "hyperparameters": {"alpha": 0.001, "beta": 0.001}}