{"MSE_train": [11.818590827123842], "R2_train": 0.9427428939498002, "MAE_train": 2.2177896978028397, "MSE_test": 20.586250054224493, "R2_test": 0.8759099155675788, "MAE_test": 3.1231069879632702}