{"MSE_train": [16.113265648078432], "R2_train": 0.9219366358035097, "MAE_train": 2.6928983343350845, "MSE_test": 25.333877929614875, "R2_test": 0.8472920982206058, "MAE_test": 3.1577537870620693}