{"MSE_train": [1000.060489416024], "R2_train": -0.33300291536568416, "MAE_train": 24.658534527421562, "MSE_test": 1020.3958276476963, "R2_test": -0.31965683044405013, "MAE_test": 24.991191432513062}