{"MSE_train": [854.305390564182], "R2_train": -0.1387226955638059, "MAE_train": 22.236820407688093, "MSE_test": 888.0113301153451, "R2_test": -0.14844669641575936, "MAE_test": 22.92315526816641}