{"MSE_train": [3.3064137649824716], "R2_train": 0.9839815349937524, "MAE_train": 1.3997847276753645, "MSE_test": 3.0278838216171833, "R2_test": 0.9817484797820701, "MAE_test": 1.4342729026222092}