Time,Iteration,Cost,Parameters
Fri Mar 22 01:11:12 2024,0,0.3597146207892242,[-7.59805192  2.23743527 -2.124279   -0.11653039  0.55388708 -2.77010897
  3.06858498  2.18960272  1.18552125 -1.06648308  0.6027151   1.14432445
  1.31030025 -1.87354553  0.72965017  2.88578419 -0.54534335 -0.47522485
 -2.0265424   0.7289737 ]
Fri Mar 22 01:11:18 2024,1,0.3593979205577402,[-7.57667226  2.23743527 -2.12427901 -0.1165304   0.55388708 -2.77010897
  3.06858498  2.18960271  1.18552125 -1.06648308  0.6027151   1.14432445
  1.31030025 -1.87354554  0.72965017  2.88578419 -0.54534335 -0.47522485
 -2.0265424   0.7289737 ]
Fri Mar 22 01:11:21 2024,2,0.3593828342804213,[-7.57087206  2.23743527 -2.124279   -0.1165304   0.55388708 -2.77010897
  3.06858498  2.18960272  1.18552124 -1.06648308  0.6027151   1.14432446
  1.31030025 -1.87354554  0.72965017  2.88578419 -0.54534335 -0.47522485
 -2.0265424   0.7289737 ]
