{"MSE_train": [783.5804078693492], "R2_train": -0.04445178983444209, "MAE_train": 20.37740566300553, "MSE_test": 795.6284788644933, "R2_test": -0.02896986461595774, "MAE_test": 20.76069586789713}