{"MSE_train": [706.6127234605273], "R2_train": 0.05814015214480439, "MAE_train": 19.67818421193705, "MSE_test": 714.5378423379119, "R2_test": 0.0759029793117284, "MAE_test": 19.6456563741166}