{"MSE_train": [0.0005055820630124126], "R2_train": -0.29675523128055614, "MAE_train": 0.01527654259473099, "MSE_test": 0.0005002325508522131, "R2_test": -0.2875184598663665, "MAE_test": 0.015295989890552402}