{"MSE_train": [885.8129069278336], "R2_train": -0.18071976635419884, "MAE_train": 22.891315731351234, "MSE_test": 901.4471625665384, "R2_test": -0.16582298078159563, "MAE_test": 23.551477697831807}