{"MSE_train": [1330.2470784196012], "R2_train": -0.7731159789399034, "MAE_train": 29.211072550979907, "MSE_test": 1399.6371125128956, "R2_test": -0.8101217445474922, "MAE_test": 29.868258117293863}