{"MSE_train": [885.7890717074027], "R2_train": -0.18068799585765505, "MAE_train": 22.886582922086475, "MSE_test": 902.0828535045589, "R2_test": -0.1666451067308401, "MAE_test": 23.560024256926802}