{"MSE_train": [11.999011302815866], "R2_train": 0.9366980487361167, "MAE_train": 2.651787174821134, "MSE_test": 9.256673129090562, "R2_test": 0.9442024969517722, "MAE_test": 2.4946710549671636}