{"MSE_train": [0.5023571882461357], "R2_train": -0.0003114256330474241, "MAE_train": 0.6193156685627315, "MSE_test": 0.5693475689751946, "R2_test": -0.06181326072130955, "MAE_test": 0.6779836302847373}