{"MSE_train": [4.2249658430572525], "R2_train": 0.4198803850968247, "MAE_train": 1.4678521778199656, "MSE_test": 3.629930612128591, "R2_test": 0.6381298278442751, "MAE_test": 1.5717301716837586}