{"MSE_train": [0.0835061647402042], "R2_train": 0.9885339749643813, "MAE_train": 0.23526215601329267, "MSE_test": 5.9025695460745045, "R2_test": 0.4115689565353452, "MAE_test": 1.2227839022181493, "BATCH_SIZE": 32, "NUM_CORES": 16, "TOLERANCE": 1e-06, "MAX_ITER": 1000, "NUM_QUBITS": 5}