{"MSE_train": [149.31537562614818], "R2_train": 0.27661711770824127, "MAE_train": 10.649804471176093, "MSE_test": 154.13005073738057, "R2_test": 0.07093273621000817, "MAE_test": 10.833430703045723}