{"MSE_train": [3.2475142987956445], "R2_train": 0.55409184017293, "MAE_train": 1.4559185548037668, "MSE_test": 5.478050130079437, "R2_test": 0.4538895765594012, "MAE_test": 1.769910400465346}