{"MSE_train": [3.34624522068104], "R2_train": 0.5405353413725171, "MAE_train": 1.470435226925169, "MSE_test": 5.350770179006832, "R2_test": 0.46657819866493677, "MAE_test": 1.780137563173351}