{"MSE_train": [3.936775401728667], "R2_train": 0.4594511021280746, "MAE_train": 1.2488777431532045, "MSE_test": 3.9345790648101344, "R2_test": 0.6077592230590231, "MAE_test": 1.5565555284450627, "hyperparameters": {"alpha": 0.001, "beta": 0.001}}