{"MSE_train": [2460.330853859733], "R2_train": -2.2794298301638487, "MAE_train": 40.293097596788996, "MSE_test": 2614.512785982718, "R2_test": -2.3812953393382945, "MAE_test": 41.2508149201109, "BATCH_SIZE": 25, "NUM_CORES": 16, "TOLERANCE": 1e-06, "MAX_ITER": 1000}