{"MSE_train": [747.9281492719005], "R2_train": 0.003069900256046476, "MAE_train": 19.863041944030133, "MSE_test": 775.7487372106846, "R2_test": -0.0032598056857975344, "MAE_test": 20.53988715358796}