{"MSE_train": [751.4553656971633], "R2_train": -0.0016316051306395352, "MAE_train": 19.94198088910908, "MSE_test": 777.7477405865073, "R2_test": -0.005845075428684066, "MAE_test": 20.588508729408286}