{"MSE_train": [184.44743395525515], "R2_train": 0.10641408598174096, "MAE_train": 12.608594991581494, "MSE_test": 187.43637356649714, "R2_test": -0.12983157983163185, "MAE_test": 11.899866518103721, "hyperparameters": {"alpha": 0.001, "beta": 0.001}}