{"MSE_train": [874.4107160351203], "R2_train": -0.16552153198497765, "MAE_train": 22.264344293597226, "MSE_test": 904.9704422853309, "R2_test": -0.17037956560925793, "MAE_test": 22.752186574752375}