{"MSE_train": [868.257036528885], "R2_train": -0.15731915541990826, "MAE_train": 22.155538903405834, "MSE_test": 900.8869270186195, "R2_test": -0.16509843972856797, "MAE_test": 22.679060295376804}