{"MSE_train": [976.0799994320606], "R2_train": -0.30103878579669474, "MAE_train": 24.38590928341174, "MSE_test": 985.5552600699915, "R2_test": -0.2745982446142188, "MAE_test": 24.484419281395986}