{"MSE_train": [5.900908573785546], "R2_train": 0.1897608320245706, "MAE_train": 1.9916983054137662, "MSE_test": 11.33252658983584, "R2_test": -0.1297470354725201, "MAE_test": 2.8590518350201912}