{"MSE_train": [5.963913406579389], "R2_train": 0.1811097941948886, "MAE_train": 2.0017644160571804, "MSE_test": 10.566510036816329, "R2_test": -0.05338234106510931, "MAE_test": 2.784767782052664, "BATCH_SIZE": 32, "NUM_CORES": 16, "TOLERANCE": 1e-06, "MAX_ITER": 1000, "NUM_QUBITS": 5}