{"MSE_train": [0.37801547807515606], "R2_train": 0.24728219157193265, "MAE_train": 0.524297977333182, "MSE_test": 0.4121631898422355, "R2_test": 0.23133009710848973, "MAE_test": 0.5771248222377874, "hyperparameters": {"alpha": 0.001, "beta": 0.001}}