{"MSE_train": [912.6330761032999], "R2_train": -0.21646896760738898, "MAE_train": 23.47592888252239, "MSE_test": 948.9132068958245, "R2_test": -0.22720983470249312, "MAE_test": 24.08479778185943}