{"MSE_train": [0.0004713459380801787], "R2_train": -0.20894382072511686, "MAE_train": 0.013808243056389344, "MSE_test": 0.0004690084009186651, "R2_test": -0.20715249934542612, "MAE_test": 0.013844124852292732}