{"MSE_train": [6.093001980139033], "R2_train": 0.970481450314682, "MAE_train": 2.0721968074562462, "MSE_test": 5.481221966463276, "R2_test": 0.9669602139865345, "MAE_test": 1.9768983602813992}