{"MSE_train": [0.07622978163284988], "R2_train": 0.838988377840291, "MAE_train": 0.23075288448922185, "MSE_test": 0.08291930036508426, "R2_test": 0.845358411109303, "MAE_test": 0.24821496426075768}