{"MSE_train": [0.0009804061139970727], "R2_train": -1.514619979850694, "MAE_train": 0.02450013040752218, "MSE_test": 0.00096700450448294, "R2_test": -1.4889147021212992, "MAE_test": 0.02431265168411726}