Time,Iteration,Cost,Parameters
Fri Apr  5 03:54:40 2024,0,0.32663897330012426,[-1.510412    2.2374347  -2.12427951 -0.11653103  0.55388708 -2.77010897
  3.06858498  2.18960145  1.18552005 -1.06648308  0.60271516  1.14432445
  1.31029899 -1.87354668]
Fri Apr  5 03:55:23 2024,1,0.32656813329232026,[-1.49687222  2.2374347  -2.12427951 -0.11653103  0.55388708 -2.77010897
  3.06858498  2.18960145  1.18552005 -1.06648308  0.60271516  1.14432445
  1.31029899 -1.87354668]
Fri Apr  5 03:55:44 2024,2,0.32656813309933824,[-1.49684987  2.2374347  -2.12427951 -0.11653103  0.55388708 -2.77010898
  3.06858498  2.18960145  1.18552005 -1.06648308  0.60271516  1.14432445
  1.31029899 -1.87354668]
