{"MSE_train": [8.379504196666483], "R2_train": -0.1505690053418567, "MAE_train": 2.5814385519373877, "MSE_test": 9.982099918850569, "R2_test": 0.004877888287816212, "MAE_test": 2.78522073332494}