{"MSE_train": [206.51597340240704], "R2_train": -0.0005005810865745808, "MAE_train": 12.558614507414685, "MSE_test": 195.86551907841735, "R2_test": -0.18064090039813796, "MAE_test": 12.133802896986289, "hyperparameters": {"alpha": 0.001, "beta": 0.001}}