Time,Iteration,Cost,Parameters
Fri Mar 15 01:22:36 2024,0,0.3286278649626029,[-1.81591379  2.23743464 -2.12427951 -0.11653078  0.55388708]
Fri Mar 15 01:22:37 2024,1,0.3263622229683625,[-1.68083705  2.23743464 -2.1242795  -0.11653075  0.55388708]
Fri Mar 15 01:22:38 2024,2,0.326203484698771,[-1.63277421  2.23743464 -2.12427949 -0.11653074  0.55388708]
Fri Mar 15 01:22:38 2024,3,0.3262031385633863,[-1.63492476  2.23743464 -2.12427949 -0.11653074  0.55388708]
