{"MSE_train": [117.4368751282791], "R2_train": 0.43105775368819355, "MAE_train": 7.976900458382035, "MSE_test": 120.42689425895689, "R2_test": 0.2740890916429135, "MAE_test": 8.134582838902213}