{"MSE_train": [797.6058973737103], "R2_train": -0.06314667739035529, "MAE_train": 21.15735955618017, "MSE_test": 826.9019081684673, "R2_test": -0.06941514425566186, "MAE_test": 22.019662173504045}