Time,Iteration,Cost,Parameters
Mon Nov  4 15:59:19 2024,345,0.11863902250537958,[-3.17015052  1.25863456 -1.51098644  0.08478944  0.81093859 -2.60003868
  3.1243169   2.12774723  0.95295549 -1.03640061  0.93464962  1.41910714
  0.98274937 -1.98958662  0.5131411   2.89176895 -0.22656021 -0.32706188
 -2.29238996  0.84203854  1.5909424   2.98298727 -1.1895655  -0.24470268
 -2.30342099 -2.44360677  2.96183504  2.43335418 -0.73558779 -2.82774213
  1.54457666  0.3679246  -1.96188788  2.12005795  1.12063011 -0.87154558
  0.95758966 -1.78683788 -0.24880768  2.39148268 -0.15028902  0.39737907
  2.98517019  0.76725284  2.4018615   2.55054828  2.5162799  -3.19664434]
