{"MSE_train": [58.3507695552839], "R2_train": 0.717310104951766, "MAE_train": 5.0141535981632925, "MSE_test": 77.60513085589758, "R2_test": 0.5322107127363268, "MAE_test": 5.135573915606547}