{"MSE_train": [120.57308893492245], "R2_train": 0.41586385035828366, "MAE_train": 9.227719979950265, "MSE_test": 138.75453155052614, "R2_test": 0.1636135046386199, "MAE_test": 9.258696634437118}