{"MSE_train": [107.71806414347445], "R2_train": 0.4781421311218972, "MAE_train": 9.294589221980388, "MSE_test": 154.4595138510587, "R2_test": 0.06894679387053404, "MAE_test": 9.853850818897056}