{"MSE_train": [110.57044518811294], "R2_train": 0.46432330226510776, "MAE_train": 7.310474081667084, "MSE_test": 121.75543314819808, "R2_test": 0.266080906446316, "MAE_test": 7.496468778812383}