{"MSE_train": [3296.9532262032944], "R2_train": -3.3945824366280277, "MAE_train": 47.397032831893036, "MSE_test": 3396.4447425379, "R2_test": -3.3925517747838487, "MAE_test": 47.51944763514329}