{"MSE_train": [839.0121693731344], "R2_train": -0.11833802018791673, "MAE_train": 22.443263615944936, "MSE_test": 862.813897915766, "R2_test": -0.11585937822916836, "MAE_test": 22.937206232719753}