{"MSE_train": [2.4599052731542885], "R2_train": 0.6622364883480507, "MAE_train": 1.1126924090292172, "MSE_test": 6.784662493522516, "R2_test": 0.32363252995908554, "MAE_test": 1.8104143452247983, "hyperparameters": {"alpha": 0.001, "beta": 0.001}}