{"MSE_train": [2018.7786324088477], "R2_train": -1.6908750330196018, "MAE_train": 37.423169611688, "MSE_test": 2028.1762636467408, "R2_test": -1.6229984356521756, "MAE_test": 38.14061790727162}