{"MSE_train": [0.199982472464556], "R2_train": 0.6017878178850157, "MAE_train": 0.37557546936501957, "MSE_test": 0.22826699017558885, "R2_test": 0.5742900639943875, "MAE_test": 0.40861341995472367}