{"MSE_train": [0.11319354166283871], "R2_train": 0.7746050107722751, "MAE_train": 0.2797700446248059, "MSE_test": 0.08981768780886136, "R2_test": 0.8324931603125353, "MAE_test": 0.26982270491238924, "BATCH_SIZE": 32, "NUM_CORES": 16, "TOLERANCE": 1e-06, "MAX_ITER": 1000, "NUM_QUBITS": 5}