{"MSE_train": [0.3888276201561168], "R2_train": 0.22575267131780274, "MAE_train": 0.5303814800877179, "MSE_test": 0.34261885201994235, "R2_test": 0.3610278496442709, "MAE_test": 0.5298761457449238}