{"MSE_train": [140.12906293903316], "R2_train": 0.32112171960454383, "MAE_train": 8.531742228648806, "MSE_test": 95.47980928005231, "R2_test": 0.42446547749371066, "MAE_test": 6.3505934311769}