{"MSE_train": [609.077230410332], "R2_train": 0.18814738467076975, "MAE_train": 18.81681489949704, "MSE_test": 601.4659545588293, "R2_test": 0.22213651437317128, "MAE_test": 18.599382923718245}