{"MSE_train": [0.1435049912333405], "R2_train": 0.7142477788219744, "MAE_train": 0.30831537698596273, "MSE_test": 0.10602227147892054, "R2_test": 0.802272179732417, "MAE_test": 0.2662204617610926}