{"MSE_train": [147.9083184558395], "R2_train": 0.2834338374676022, "MAE_train": 10.976254797333095, "MSE_test": 167.36739707502417, "R2_test": -0.008859524176060285, "MAE_test": 10.950798118296555, "hyperparameters": {"alpha": 0.001, "beta": 0.001}}