{"MSE_train": [4.113600005531164], "R2_train": 0.4351717529276836, "MAE_train": 1.4332091549445654, "MSE_test": 8.499102185602256, "R2_test": 0.15271890851118186, "MAE_test": 2.207876614488553}