{"MSE_train": [0.13480434660737453], "R2_train": 0.9814903484321295, "MAE_train": 0.29867552305427775, "MSE_test": 8.753707773278043, "R2_test": 0.1273371098794942, "MAE_test": 1.6289285134322828}