{"MSE_train": [0.6337226264006695], "R2_train": 0.9129851128649696, "MAE_train": 0.6071879230513724, "MSE_test": 1.1583462213808526, "R2_test": 0.8845237026993139, "MAE_test": 0.6627737861709269}