{"MSE_train": [0.37709747774210467], "R2_train": 0.2491101463486768, "MAE_train": 0.5229149975908067, "MSE_test": 0.4614082853558831, "R2_test": 0.13948971999755033, "MAE_test": 0.602154190014611}