{"MSE_train": [1752.104065457415], "R2_train": -1.3354185591739856, "MAE_train": 35.627701017286874, "MSE_test": 1834.9936792851308, "R2_test": -1.3731593927355359, "MAE_test": 36.7556270926716}