{"MSE_train": [1145.7344865736889], "R2_train": -0.5271750329118252, "MAE_train": 26.353314219323437, "MSE_test": 1231.882630482819, "R2_test": -0.5931683407307258, "MAE_test": 27.76707134528981}