{"MSE_train": [808.7264514347437], "R2_train": -0.0779695117496002, "MAE_train": 21.127900040152685, "MSE_test": 845.5026759660049, "R2_test": -0.09347113273624119, "MAE_test": 21.78328550861563}