{"MSE_train": [1247.2545062831277], "R2_train": -0.6624933298277313, "MAE_train": 27.780798082079773, "MSE_test": 1345.8115414950694, "R2_test": -0.740510246223383, "MAE_test": 29.28096677318828}