{"MSE_train": [42.27363384600881], "R2_train": 0.7951984317205367, "MAE_train": 5.263834320888181, "MSE_test": 48.89522224187941, "R2_test": 0.7052686992358899, "MAE_test": 5.709963748741783}