{"MSE_train": [55.468217478492285], "R2_train": 0.7312751023334586, "MAE_train": 5.945910295659253, "MSE_test": 73.38698059960966, "R2_test": 0.557636937525819, "MAE_test": 6.741497140859233}