{"MSE_train": [1522.0985675844254], "R2_train": -1.0288391047713166, "MAE_train": 31.605365750380525, "MSE_test": 1667.968693078854, "R2_test": -1.1571494307876735, "MAE_test": 33.35450447665626}