{"MSE_train": [2.121001027855809], "R2_train": 0.708770592427183, "MAE_train": 1.2093217104777458, "MSE_test": 3.0901646122892217, "R2_test": 0.6919394556738112, "MAE_test": 1.51882257469397}