{"MSE_train": [0.04329781422275182], "R2_train": 0.9137838588053908, "MAE_train": 0.17277268605868082, "MSE_test": 0.04995924390897601, "R2_test": 0.9068277611624048, "MAE_test": 0.19889685005106883}