{"MSE_train": [0.0437097245687331], "R2_train": 0.9129636483355057, "MAE_train": 0.1722087353702504, "MSE_test": 0.05411437274260731, "R2_test": 0.89907859152338, "MAE_test": 0.20961515009041998}