{"MSE_train": [44.725797754145546], "R2_train": 0.7833185205708564, "MAE_train": 4.586805819235108, "MSE_test": 62.468930439795415, "R2_test": 0.6234489121496645, "MAE_test": 5.139115940612778}