{"MSE_train": [2.793645665584088], "R2_train": 0.6164114201401829, "MAE_train": 1.2343126887662141, "MSE_test": 5.700169453109946, "R2_test": 0.4317463550345606, "MAE_test": 1.8429086471090728, "hyperparameters": {"alpha": 0.001, "beta": 0.001}}