{"MSE_train": [0.0005373132984504525], "R2_train": -0.37814191122743357, "MAE_train": 0.016153768073312636, "MSE_test": 0.0005322674767268434, "R2_test": -0.36997122779154434, "MAE_test": 0.016093910911090893}