{"MSE_train": [1.4678412179572067], "R2_train": 0.7984543511754957, "MAE_train": 1.0233589347892464, "MSE_test": 2.807549870233268, "R2_test": 0.7201135053429211, "MAE_test": 1.3185176963935665}