{"MSE_train": [0.18129665014622098], "R2_train": 0.6389956890964082, "MAE_train": 0.3586518417535448, "MSE_test": 0.21230077818379883, "R2_test": 0.6040664897493709, "MAE_test": 0.4146594284064061, "hyperparameters": {"alpha": 0.001, "beta": 0.001}}