{"MSE_train": [0.00048478105223008147], "R2_train": -0.24340322075393095, "MAE_train": 0.017281430455223904, "MSE_test": 0.0004819829629304138, "R2_test": -0.24054694373003915, "MAE_test": 0.017269657818061685}