{"MSE_train": [0.00046665432223016014], "R2_train": -0.19691040846278152, "MAE_train": 0.014673717526214122, "MSE_test": 0.00047026246758005637, "R2_test": -0.2103802660585148, "MAE_test": 0.014728698872995582}