{"MSE_train": [1860.2716860604571], "R2_train": -1.4795975914805428, "MAE_train": 37.36558722782293, "MSE_test": 1881.4346326142067, "R2_test": -1.4332205176563724, "MAE_test": 37.167672738053035}