{"MSE_train": [58.35083788417887], "R2_train": 0.717309773921202, "MAE_train": 5.013475891445163, "MSE_test": 77.63284338127835, "R2_test": 0.5320436667903543, "MAE_test": 5.137892215017407, "hyperparameters": {"alpha": 0.001, "beta": 0.001}}