{"MSE_train": [0.3551756786745446], "R2_train": 0.292761609074374, "MAE_train": 0.5099501331498628, "MSE_test": 0.38179650086442396, "R2_test": 0.28796290771111965, "MAE_test": 0.5562822844414818, "hyperparameters": {"alpha": 0.001, "beta": 0.001}}