Time,Iteration,Cost,Parameters
Thu Apr  4 22:31:08 2024,0,0.20373365445456657,[-5.43765527  2.23743486 -2.12427941 -0.1165308   0.55388731]
Thu Apr  4 22:31:13 2024,1,0.20118575011765372,[-5.2660827   2.23743485 -2.12427942 -0.11653081  0.55388729]
Thu Apr  4 22:31:16 2024,2,0.20116392506731903,[-5.24769258  2.23743485 -2.12427943 -0.11653082  0.55388729]
Thu Apr  4 22:31:18 2024,3,0.2011637922120879,[-5.24902487  2.23743485 -2.12427943 -0.11653082  0.55388729]
