{"MSE_train": [2.4201936107890933], "R2_train": 0.6676891985318072, "MAE_train": 1.186780955901967, "MSE_test": 12.110212721741611, "R2_test": -0.20727507788070154, "MAE_test": 2.3213333967058256}