{"MSE_train": [3337.6021163790324], "R2_train": -3.4487642483125187, "MAE_train": 46.985792597496385, "MSE_test": 3712.532971498125, "R2_test": -3.8013421471748483, "MAE_test": 50.23361959585642}