{"MSE_train": [0.6017804311695842], "R2_train": -0.19828650829691252, "MAE_train": 0.7025604331236417, "MSE_test": 0.576309197112489, "R2_test": -0.07479645319492478, "MAE_test": 0.7124948124116629, "hyperparameters": {"alpha": 0.001, "beta": 0.001}}