{"MSE_train": [8.481073509365322], "R2_train": -0.16451523656776268, "MAE_train": 2.5456553368129047, "MSE_test": 9.318263746746638, "R2_test": 0.07105615326065018, "MAE_test": 2.8099033921078584, "hyperparameters": {"alpha": 0.001, "beta": 0.001}}