{"MSE_train": [44.20475331578811], "R2_train": 0.7858428060038904, "MAE_train": 5.0153933108580855, "MSE_test": 53.855247620632596, "R2_test": 0.6753705892636888, "MAE_test": 5.040746455323304}