{"MSE_train": [207.18219420217739], "R2_train": -0.003728197267156119, "MAE_train": 12.581736528576824, "MSE_test": 190.80321013266962, "R2_test": -0.15012624411803843, "MAE_test": 12.017918324598105}