{"MSE_train": [1197.3958508172634], "R2_train": -0.5960356167237768, "MAE_train": 26.573794995716472, "MSE_test": 1263.1749164526354, "R2_test": -0.633638007306562, "MAE_test": 27.965753520661252}