{"MSE_train": [968.8898262109947], "R2_train": -0.2914548436580926, "MAE_train": 23.181165183348824, "MSE_test": 961.7878875644426, "R2_test": -0.24386039306796103, "MAE_test": 23.355071640347198}