Time,Iteration,Cost,Parameters
Wed Mar 19 10:43:13 2025,999,0.14042683821006346,[-3.08854204  1.70863861 -1.91015626 -0.26617055  0.58294843 -2.73944511
  3.05023096  2.08308959  1.20466132 -1.16282553  0.27804137  1.16256249
  1.41947913 -1.96998227  0.77170447  2.69841032 -0.58530319 -0.51927468
 -1.98524861  0.69241741  1.44554941  2.84900306 -1.07419289 -0.27823051]
