{"MSE_train": [752.9303629519683], "R2_train": -0.003597661845828437, "MAE_train": 19.77973993978818, "MSE_test": 776.7621256995398, "R2_test": -0.004570400069835667, "MAE_test": 20.424990548994604}