{"MSE_train": [942.3420643877273], "R2_train": -0.2560687402359749, "MAE_train": 23.644430695361102, "MSE_test": 998.4953507798988, "R2_test": -0.2913333964339404, "MAE_test": 24.681368024606886}