{"MSE_train": [2.677525283023387], "R2_train": 0.9870282886238587, "MAE_train": 1.2226923837608017, "MSE_test": 2.0165937645603305, "R2_test": 0.9878443480550828, "MAE_test": 1.207276766961971}