{"MSE_train": [7.5652622457909615], "R2_train": -0.0387674560450435, "MAE_train": 2.4747573243612657, "MSE_test": 9.052049581343477, "R2_test": 0.09759521864742449, "MAE_test": 2.6549607746914985}