Time,Iteration,Cost,Parameters
Mon Apr  1 22:40:06 2024,0,0.20577283546046699,[-2.36037788  2.23743461 -2.12427964 -0.11653103  0.55388705 -2.77010906
  3.0685849   2.18960145  1.18551998 -1.06648314  0.6027151   1.14432445
  1.31029901 -1.8735468 ]
Mon Apr  1 22:40:47 2024,1,0.2057728260598897,[-2.36014682  2.23743461 -2.12427964 -0.11653103  0.55388705 -2.77010906
  3.0685849   2.18960145  1.18551999 -1.06648314  0.6027151   1.14432445
  1.31029901 -1.8735468 ]
