Time,Iteration,Cost,Parameters
Mon Apr  1 23:12:13 2024,0,0.14829497438805206,[-2.4977156   2.23743464 -2.12427964 -0.11653105  0.55388706 -2.77010901
  3.06858498  2.18960147  1.18551998 -1.06648312  0.6027151   1.14432445
  1.31029899 -1.8735468 ]
Mon Apr  1 23:12:58 2024,1,0.14799768530042307,[-2.45785305  2.23743464 -2.12427964 -0.11653105  0.55388706 -2.77010902
  3.06858498  2.18960147  1.18551998 -1.06648313  0.6027151   1.14432445
  1.31029899 -1.8735468 ]
Mon Apr  1 23:13:19 2024,2,0.1479954805883809,[-2.45387985  2.23743463 -2.12427963 -0.11653105  0.55388706 -2.77010902
  3.06858498  2.18960148  1.18551999 -1.06648313  0.60271511  1.14432445
  1.31029899 -1.8735468 ]
Mon Apr  1 23:13:41 2024,3,0.14799546371738437,[-2.45419978  2.23743464 -2.12427963 -0.11653105  0.55388706 -2.77010901
  3.06858499  2.18960148  1.18551999 -1.06648313  0.60271511  1.14432445
  1.31029899 -1.8735468 ]
