{"MSE_train": [1.49987676640842], "R2_train": 0.9866370165469236, "MAE_train": 0.9894479552063491, "MSE_test": 3.661651831801399, "R2_test": 0.9779282441545432, "MAE_test": 1.6399225818017733}