{"MSE_train": [2.167971903567345], "R2_train": 0.9806846980212398, "MAE_train": 1.1257841307306564, "MSE_test": 2.0778800375309556, "R2_test": 0.987474925806376, "MAE_test": 1.2240515153990452}