{"MSE_train": [2.9880682516862884], "R2_train": 0.9733781417925678, "MAE_train": 1.4037443605226803, "MSE_test": 3.214066607048924, "R2_test": 0.9806262045982346, "MAE_test": 1.387562567693914}