{"MSE_train": [0.49718727493703], "R2_train": 0.009983088855111788, "MAE_train": 0.6156557488106789, "MSE_test": 0.5662044459685369, "R2_test": -0.055951446479168165, "MAE_test": 0.675646480043814}