Time,Iteration,Cost,Parameters
Thu Apr  4 18:47:35 2024,0,0.3586339798474303,[ 1.1185537   2.23743464 -2.12427964 -0.11653116  0.55388681 -2.77010911
  3.06858485  2.18960145  1.18551998 -1.06648335  0.6027151   1.14432445
  1.31029899 -1.8735468 ]
Thu Apr  4 18:48:27 2024,1,0.3364848655757229,[ 1.35916975  2.23743464 -2.12427964 -0.11653117  0.5538868  -2.77010911
  3.06858484  2.18960145  1.18551999 -1.06648337  0.6027151   1.14432445
  1.31029899 -1.8735468 ]
Thu Apr  4 18:48:43 2024,2,0.33636002464500503,[ 1.38075174  2.23743464 -2.12427964 -0.11653117  0.5538868  -2.77010911
  3.06858484  2.18960145  1.18551998 -1.06648337  0.6027151   1.14432445
  1.31029899 -1.8735468 ]
Thu Apr  4 18:49:00 2024,3,0.3363575237282469,[ 1.37808853  2.23743463 -2.12427964 -0.11653117  0.55388679 -2.77010912
  3.06858483  2.18960145  1.18551998 -1.06648337  0.6027151   1.14432445
  1.31029899 -1.8735468 ]
Thu Apr  4 18:49:17 2024,4,0.33635752364213123,[ 1.37810405  2.23743463 -2.12427964 -0.11653117  0.55388679 -2.77010912
  3.06858483  2.18960145  1.18551998 -1.06648337  0.6027151   1.14432445
  1.31029899 -1.8735468 ]
