{"MSE_train": [780.084705378619], "R2_train": -0.039792290073467074, "MAE_train": 20.763478115356392, "MSE_test": 777.9244816553634, "R2_test": -0.0060736509994736565, "MAE_test": 20.818502409281862}