{"MSE_train": [47.14770157747355], "R2_train": 0.7715852093763083, "MAE_train": 4.121221468971953, "MSE_test": 69.6750736285533, "R2_test": 0.5800116219987279, "MAE_test": 5.346588347147025, "hyperparameters": {"alpha": 0.001, "beta": 0.001}}