{"MSE_train": [760.9770787344196], "R2_train": -0.014323308654843103, "MAE_train": 20.15293939101808, "MSE_test": 775.0423167554472, "R2_test": -0.0023462067140451737, "MAE_test": 20.539619373877418}