{"MSE_train": [760.6464078613711], "R2_train": -0.013882550078271771, "MAE_train": 20.150733996385085, "MSE_test": 774.3552967634275, "R2_test": -0.0014576979603291296, "MAE_test": 20.53319153760202}