{"MSE_train": [760.7841017473005], "R2_train": -0.014066085327703481, "MAE_train": 20.152581211960467, "MSE_test": 774.4966870756681, "R2_test": -0.0016405551283529274, "MAE_test": 20.535495768396334}