{"MSE_train": [761.3433949481725], "R2_train": -0.014811579700490851, "MAE_train": 20.16007830424518, "MSE_test": 775.6125303380938, "R2_test": -0.0030836521531218963, "MAE_test": 20.5536220797789}