Time,Iteration,Cost,Parameters
Mon Nov  4 14:22:30 2024,225,0.1092361392219816,[-2.89673287  2.23992812 -2.11568775 -0.11351374  0.55280954 -2.76055242
  3.0694773   2.19720349  1.17193187 -1.08403641  0.59385773  1.13140478
  1.30344609 -1.88376637  0.71824865  2.88885711 -0.54675722 -0.46460579
 -2.03226844  0.73650085  1.61065737  2.82321733 -1.25433091 -0.24502244
 -2.38952885 -2.29671607  3.12957342  2.55828052 -0.67312635 -2.68347306
  1.53141552 -0.04736952 -2.33779343  2.02099853  1.15417135 -0.65598208
  1.05242486 -1.92872301 -0.31484656  2.32923897 -0.19658209  0.5580465
  2.696024    1.07397244  2.57180977  2.95010762  2.75758002 -2.94842418]
