{"{'alpha': 0.001, 'beta': 0.001}": 0.0037845604238807722, "{'alpha': 0.001, 'beta': 0.01}": 0.0037845604238807722, "{'alpha': 0.001, 'beta': 0.1}": 0.0037845604238807722, "{'alpha': 0.001, 'beta': 1}": 0.0037845604238807722, "{'alpha': 0.001, 'beta': 10}": 0.0037845604238807722, "{'alpha': 0.01, 'beta': 0.001}": 0.0037845604238807722, "{'alpha': 0.01, 'beta': 0.01}": 0.0037845604238807722, "{'alpha': 0.01, 'beta': 0.1}": 0.0037845604238807722, "{'alpha': 0.01, 'beta': 1}": 0.0037845604238807722, "{'alpha': 0.01, 'beta': 10}": 0.0037845604238807722, "{'alpha': 0.1, 'beta': 0.001}": 0.0037845604238807722, "{'alpha': 0.1, 'beta': 0.01}": 0.0037845604238807722, "{'alpha': 0.1, 'beta': 0.1}": 0.0037845604238807722, "{'alpha': 0.1, 'beta': 1}": 0.0037845604238807722, "{'alpha': 0.1, 'beta': 10}": 0.0037845604238807722, "{'alpha': 1, 'beta': 0.001}": 0.0037845604238807722, "{'alpha': 1, 'beta': 0.01}": 0.0037845604238807722, "{'alpha': 1, 'beta': 0.1}": 0.0037845604238807722, "{'alpha': 1, 'beta': 1}": 0.0037845604238807722, "{'alpha': 1, 'beta': 10}": 0.0037845604238807722, "{'alpha': 10, 'beta': 0.001}": 0.0037845604238807722, "{'alpha': 10, 'beta': 0.01}": 0.0037845604238807722, "{'alpha': 10, 'beta': 0.1}": 0.0037845604238807722, "{'alpha': 10, 'beta': 1}": 0.0037845604238807722, "{'alpha': 10, 'beta': 10}": 0.0037845604238807722}