{"MSE_train": [203.16674659348178], "R2_train": 0.01572529874883677, "MAE_train": 12.35521064048064, "MSE_test": 182.89460810270853, "R2_test": -0.10245466279286641, "MAE_test": 11.634287533847305}