{"MSE_train": [2.734608885657008], "R2_train": 0.6245176144405938, "MAE_train": 1.1277695972875819, "MSE_test": 7.157401669137682, "R2_test": 0.28647391618328455, "MAE_test": 1.8771800323195122, "hyperparameters": {"alpha": 0.001, "beta": 0.001}}