{"MSE_train": [0.08736817885590695], "R2_train": 0.8260293878715338, "MAE_train": 0.24278429781203967, "MSE_test": 0.08408254509598385, "R2_test": 0.843189000457464, "MAE_test": 0.25964629173121284, "hyperparameters": {"alpha": 0.001, "beta": 0.001}}