{"MSE_train": [0.2912848179151272], "R2_train": 0.41998335389364283, "MAE_train": 0.47741953957352967, "MSE_test": 0.2470588993593311, "R2_test": 0.5392438120160332, "MAE_test": 0.4724512191136851, "BATCH_SIZE": 32, "NUM_CORES": 16, "TOLERANCE": 1e-06, "MAX_ITER": 1000, "NUM_QUBITS": 5}