{"MSE_train": [6.568580276346998e-05], "R2_train": 0.831493024494278, "MAE_train": 0.00566970092126014, "MSE_test": 6.575097236576027e-05, "R2_test": 0.8312593235349273, "MAE_test": 0.005690443726632186}