{"MSE_train": [8.885922320098234e-05], "R2_train": 0.7720451251649676, "MAE_train": 0.006143850749113895, "MSE_test": 8.890968526415718e-05, "R2_test": 0.7718257252179709, "MAE_test": 0.006174574180860074}