{"MSE_train": [0.5045332739177284], "R2_train": -0.004644524494537228, "MAE_train": 0.622476731994299, "MSE_test": 0.6100009323565273, "R2_test": -0.13763035854245076, "MAE_test": 0.6981486561417195}