{"MSE_train": [3.4450881282059655], "R2_train": 0.5269634661007925, "MAE_train": 1.384129449929708, "MSE_test": 15.926524297625978, "R2_test": -0.5877256910000905, "MAE_test": 2.6561442779970994}