{"MSE_train": [0.0004077278808040213], "R2_train": -0.04577140102885524, "MAE_train": 0.01776630555317858, "MSE_test": 0.0004045697526144051, "R2_test": -0.04129774023543287, "MAE_test": 0.017753285169376326}