{"MSE_train": [0.20187669734336203], "R2_train": 0.598015970217018, "MAE_train": 0.38142749505072326, "MSE_test": 0.22771381735266286, "R2_test": 0.5753217119206457, "MAE_test": 0.4139463928788512}