{"MSE_train": [0.19731244190420857], "R2_train": 0.6071044773034459, "MAE_train": 0.37343170177356416, "MSE_test": 0.22179791869184678, "R2_test": 0.5863546555730522, "MAE_test": 0.4028000680193955, "BATCH_SIZE": 32, "NUM_CORES": 16, "TOLERANCE": 1e-06, "MAX_ITER": 1000, "NUM_QUBITS": 5}