{"MSE_train": [2530.6231079696445], "R2_train": -2.373123942317857, "MAE_train": 42.904934263022724, "MSE_test": 2679.951726721571, "R2_test": -2.4659261686529614, "MAE_test": 44.78679937642182}