{"MSE_train": [1950.9470220486944], "R2_train": -1.6004607677616742, "MAE_train": 37.739875738761654, "MSE_test": 2008.1113604512957, "R2_test": -1.5970489111278456, "MAE_test": 38.799999065076136}