{"MSE_train": [287.4045521786155], "R2_train": -0.39237859776264683, "MAE_train": 15.77856166070568, "MSE_test": 280.6401727152322, "R2_test": -0.6916467368089747, "MAE_test": 15.974841599960266, "BATCH_SIZE": 32, "NUM_CORES": 16, "TOLERANCE": 1e-06, "MAX_ITER": 500, "NUM_QUBITS": 5}