{"MSE_train": [88.708256064299], "R2_train": 0.5702382712713043, "MAE_train": 6.498007360819801, "MSE_test": 98.59963316593691, "R2_test": 0.4056597596774997, "MAE_test": 6.326961060853084}