{"MSE_train": [0.16709105889468523], "R2_train": 0.7316468627222299, "MAE_train": 0.3624582508109459, "MSE_test": 0.2677026400389668, "R2_test": 0.5393980569654508, "MAE_test": 0.39742438133952934}