{"MSE_train": [0.18500207175318373], "R2_train": 0.665320977024633, "MAE_train": 0.38288027220495197, "MSE_test": 0.22076724776422213, "R2_test": 0.6106992372363804, "MAE_test": 0.37779855167219895}