{"MSE_train": [0.014383870144669639], "R2_train": 0.976899083020648, "MAE_train": 0.08969036831798653, "MSE_test": 0.06595527700243058, "R2_test": 0.8865191290744109, "MAE_test": 0.20578340480936252}