{"MSE_train": [0.04258788288562649], "R2_train": 0.9229561544923318, "MAE_train": 0.1819496210293883, "MSE_test": 0.058140179645914905, "R2_test": 0.897475660395325, "MAE_test": 0.18904797142019245}