{"MSE_train": [0.0037538144348755694], "R2_train": 0.9939712640100489, "MAE_train": 0.04959894419876046, "MSE_test": 0.11683439067434245, "R2_test": 0.7989778982006805, "MAE_test": 0.2864411795640984}