{"MSE_train": [0.02464469204338465], "R2_train": 0.9554163833061678, "MAE_train": 0.12520059319466612, "MSE_test": 0.04976773368762792, "R2_test": 0.9122396239395882, "MAE_test": 0.17577742980281702}