{"MSE_train": [0.0], "R2_train": 1.0, "MAE_train": 0.0, "MSE_test": 0.11399214447579897, "R2_test": 0.8038681903600748, "MAE_test": 0.2720384865481688}