{"MSE_train": [0.0], "R2_train": 1.0, "MAE_train": 0.0, "MSE_test": 0.05855790644221853, "R2_test": 0.8967390413448331, "MAE_test": 0.176369265927218}