{"MSE_train": [0.026409301709315616], "R2_train": 0.9522241064125633, "MAE_train": 0.13533928872580528, "MSE_test": 0.038894232876163885, "R2_test": 0.9314139453241383, "MAE_test": 0.15918302384120742}