{"MSE_train": [0.013830317634339733], "R2_train": 0.9777881045743904, "MAE_train": 0.09334945021232029, "MSE_test": 0.057383125122498116, "R2_test": 0.9012681424248561, "MAE_test": 0.19032164809440213}