{"MSE_train": [0.16709134165652953], "R2_train": 0.7316464085984216, "MAE_train": 0.3624269753597635, "MSE_test": 0.26758172262722063, "R2_test": 0.5396061042031952, "MAE_test": 0.39739354228999135}