{"MSE_train": [0.18592379691239197], "R2_train": 0.6636535250182187, "MAE_train": 0.38402868591737327, "MSE_test": 0.21960578596530422, "R2_test": 0.612747357910161, "MAE_test": 0.3796380308136272}