{"MSE_train": [0.025731133967769486], "R2_train": 0.9534509495230387, "MAE_train": 0.13214444814211707, "MSE_test": 0.07843575637302834, "R2_test": 0.8616864589598334, "MAE_test": 0.20080440422283968}