{"MSE_train": [0.003091820313523929], "R2_train": 0.9950344459690316, "MAE_train": 0.04008034112183498, "MSE_test": 0.11208121211808561, "R2_test": 0.8071560890406491, "MAE_test": 0.271646318951146}