{"MSE_train": [0.16709220266622624], "R2_train": 0.7316450257916163, "MAE_train": 0.36237409142470084, "MSE_test": 0.267377773098732, "R2_test": 0.539957014261793, "MAE_test": 0.3973413962703017}