{"MSE_train": [0.18673311414687674], "R2_train": 0.662189425190862, "MAE_train": 0.3849243376552312, "MSE_test": 0.21884791230311085, "R2_test": 0.6140837916328183, "MAE_test": 0.38107264681651354}