{"MSE_train": [0.0389652549302673], "R2_train": 0.9295096896674426, "MAE_train": 0.17115191896706597, "MSE_test": 0.05671222950522307, "R2_test": 0.8999937063672232, "MAE_test": 0.18636269203094138}