{"MSE_train": [0.0202991274420616], "R2_train": 0.9673990064512555, "MAE_train": 0.0918623032291394, "MSE_test": 0.08237023148132508, "R2_test": 0.8582760010772348, "MAE_test": 0.23159275512731514}