{"MSE_train": [812.1599857495601], "R2_train": -0.08254614616331546, "MAE_train": 21.508801785303053, "MSE_test": 804.1857085453173, "R2_test": -0.04003675286853969, "MAE_test": 21.480253301935512}