{"MSE_train": [803.9014170901045], "R2_train": -0.07153811593283388, "MAE_train": 21.396262924063453, "MSE_test": 800.5239476423028, "R2_test": -0.035301073187983034, "MAE_test": 21.47076293958351}