{"MSE_train": [759.9650513322285], "R2_train": -0.01297435477472475, "MAE_train": 20.154968396078576, "MSE_test": 778.1378462516915, "R2_test": -0.00634959102126742, "MAE_test": 20.569577622473783}