{"MSE_train": [0.0005046295372911222], "R2_train": -0.2943121210470703, "MAE_train": 0.01624612123836998, "MSE_test": 0.0005061904459528852, "R2_test": -0.3028531275344224, "MAE_test": 0.016305390345702324}