{"MSE_train": [206.93879274915722], "R2_train": -0.0025489989166755933, "MAE_train": 12.57727151830348, "MSE_test": 191.37228833007708, "R2_test": -0.15355654159227172, "MAE_test": 12.013220427830294, "hyperparameters": {"alpha": 0.001, "beta": 0.001}}