{"MSE_train": [914.0696672392206], "R2_train": -0.21838383195073408, "MAE_train": 23.48229302441878, "MSE_test": 952.3351000072013, "R2_test": -0.23163529832663188, "MAE_test": 24.116857813227515}