{"MSE_train": [2.9972967731110396], "R2_train": 0.5884485900341647, "MAE_train": 1.2117786305989817, "MSE_test": 3.8756790209366514, "R2_test": 0.6136310072042243, "MAE_test": 1.5315002866547247, "hyperparameters": {"alpha": 0.001, "beta": 0.001}}