Time,Iteration,Cost,Parameters
Tue Mar 19 17:17:28 2024,0,0.1755104963907662,[-2.70535502  2.29921482 -2.12931425 -0.11653103  0.55388708 -2.77010897
  3.06858498  2.18960145  1.18551998 -1.06648308  0.63654583  1.14432445
  1.08093648 -1.8735468   0.7296508   2.88578419 -0.54534335 -0.47522485
 -2.0265424   0.7289737   1.60512664  2.83077107 -1.2645671  -0.25136104]
