Time,Iteration,Cost,Parameters
Mon Mar 18 18:16:07 2024,0,0.23259440837984613,[-2.71403791  2.29220017 -2.13088102 -0.11653103  0.55388708 -2.77010897
  3.06858499  2.18960145  1.18551998 -1.06648308  0.63989759  1.14432445
  1.09740861 -1.8735468   0.7296508   2.88578419 -0.54534335 -0.47522485
 -2.0265424   0.7289737   1.60512664  2.83077108 -1.26456709 -0.25136105]
Mon Mar 18 18:16:13 2024,1,0.23092545328239197,[-2.69538899  2.31829583 -2.1351168  -0.11653102  0.55388708 -2.77010897
  3.06858499  2.18960145  1.18551998 -1.06648308  0.67118633  1.14432445
  1.08643842 -1.8735468   0.7296508   2.88578419 -0.54534335 -0.47522485
 -2.0265424   0.7289737   1.60512664  2.83077108 -1.26456709 -0.25136105]
