{"MSE_train": [209.4178641739345], "R2_train": -0.014559267953888622, "MAE_train": 12.627065144962861, "MSE_test": 191.98255540291584, "R2_test": -0.1572351179427689, "MAE_test": 12.07415368103316}