{"MSE_train": [0.7439011610220357], "R2_train": -0.4812823391857892, "MAE_train": 0.718998645052424, "MSE_test": 0.9155020239338972, "R2_test": -0.707379186636278, "MAE_test": 0.8264964321862035}