{"MSE_train": [0.0791513079635507], "R2_train": 0.8423911122160621, "MAE_train": 0.22896435876548113, "MSE_test": 0.04574079240323831, "R2_test": 0.9146950253654723, "MAE_test": 0.1825921047121108, "BATCH_SIZE": 32, "NUM_CORES": 16, "TOLERANCE": 1e-06, "MAX_ITER": 1000, "NUM_QUBITS": 5}