{"MSE_train": [0.0005865462871135012], "R2_train": -0.5044184156191991, "MAE_train": 0.01724610965238915, "MSE_test": 0.0005927177744416317, "R2_test": -0.5255606113284854, "MAE_test": 0.01734324671637913}