{"MSE_train": [1313.4192198284518], "R2_train": -0.7506857511699188, "MAE_train": 26.821308566991053, "MSE_test": 1288.0431930939853, "R2_test": -0.6657996354139442, "MAE_test": 27.183747151126173}