{"MSE_train": [0.07326578890442836], "R2_train": 0.8541105662188513, "MAE_train": 0.22084518744057288, "MSE_test": 0.09618590036895219, "R2_test": 0.8206166670914128, "MAE_test": 0.27696144031378683}