{"MSE_train": [0.10655839614575027], "R2_train": 0.7878171475283027, "MAE_train": 0.2553282067686352, "MSE_test": 0.061504494900756865, "R2_test": 0.8852962727194237, "MAE_test": 0.23167027309429203, "BATCH_SIZE": 32, "NUM_CORES": 16, "TOLERANCE": 1e-06, "MAX_ITER": 1000, "NUM_QUBITS": 5}