{"MSE_train": [0.08611228680740599], "R2_train": 0.9881761347862175, "MAE_train": 0.2209156684697809, "MSE_test": 4.787822633604854, "R2_test": 0.5226988100310584, "MAE_test": 1.1642170589384022}