{"MSE_train": [2.327330312977453], "R2_train": 0.6804400283766575, "MAE_train": 1.0722810035453525, "MSE_test": 7.638649535199427, "R2_test": 0.238497999630098, "MAE_test": 1.8575990957522968}