{"MSE_train": [1647.5550591186136], "R2_train": -1.1960628584707331, "MAE_train": 34.833783139061346, "MSE_test": 1748.3753883513634, "R2_test": -1.261137747629788, "MAE_test": 36.253690853951}