{"MSE_train": [2081.3917799265582], "R2_train": -1.7743334928474344, "MAE_train": 37.93953923499813, "MSE_test": 2230.5314525560157, "R2_test": -1.8847002184157553, "MAE_test": 40.00170713115173}