{"MSE_train": [1.1426874296367147], "R2_train": 0.8431004140010115, "MAE_train": 0.8067379064964746, "MSE_test": 2.1377140234626077, "R2_test": 0.786889881832618, "MAE_test": 0.8540628836940243}