{"MSE_train": [1390.5577664058358], "R2_train": -0.8535054391417622, "MAE_train": 29.41350398920767, "MSE_test": 1387.2767520322361, "R2_test": -0.7941363458491699, "MAE_test": 29.32594529860762}