{"MSE_train": [2460.3308538597253], "R2_train": -2.2794298301638385, "MAE_train": 40.293097596788904, "MSE_test": 2614.5127859827107, "R2_test": -2.3812953393382847, "MAE_test": 41.2508149201108}