{"MSE_train": [58.35083788403513], "R2_train": 0.7173097739218985, "MAE_train": 5.013475892245843, "MSE_test": 77.63284334844319, "R2_test": 0.5320436669882785, "MAE_test": 5.13789221227575, "hyperparameters": {"alpha": 0.001, "beta": 0.001}}