{"MSE_train": [322.7315559908942], "R2_train": -0.5635260749283066, "MAE_train": 16.55376853045791, "MSE_test": 301.1586662070398, "R2_test": -0.8153283972919629, "MAE_test": 16.304567501234946}