{"MSE_train": [323.0982856275153], "R2_train": -0.5653027569374316, "MAE_train": 16.552412167050022, "MSE_test": 306.93649636980433, "R2_test": -0.850156082316925, "MAE_test": 16.368835382967085}