{"MSE_train": [34.71935786000372], "R2_train": 0.8317963635374581, "MAE_train": 4.08335931282052, "MSE_test": 61.47795835049258, "R2_test": 0.6294223074940257, "MAE_test": 4.622533068006822}