{"MSE_train": [138.55034073327465], "R2_train": 0.3287700988471408, "MAE_train": 10.909980984564196, "MSE_test": 127.74699652595675, "R2_test": 0.2299648773749745, "MAE_test": 9.746227585200575, "hyperparameters": {"alpha": 0.001, "beta": 0.001}}