{"MSE_train": [749.8292556579879], "R2_train": 0.0005358731827892482, "MAE_train": 19.990964426714335, "MSE_test": 777.0537878108601, "R2_test": -0.004947600649215733, "MAE_test": 20.61320980067486}