{"MSE_train": [0.4405021823992598], "R2_train": 0.9395157343490969, "MAE_train": 0.5201622199723297, "MSE_test": 1.3846475519871588, "R2_test": 0.8619635740864002, "MAE_test": 0.7407608967286272}