{"MSE_train": [0.34351106626307704], "R2_train": 0.3159885984432511, "MAE_train": 0.5075592879720331, "MSE_test": 0.3761420097415599, "R2_test": 0.2985083354674811, "MAE_test": 0.5376298110382727, "hyperparameters": {"alpha": 0.001, "beta": 0.001}}