{"MSE_train": [0.1619858723460716], "R2_train": 0.6774479937977514, "MAE_train": 0.3436058689647088, "MSE_test": 0.17765403927929652, "R2_test": 0.6686814434511444, "MAE_test": 0.37889609953509185, "hyperparameters": {"alpha": 0.001, "beta": 0.001}}