Time,Iteration,Cost,Parameters
Fri Apr  5 05:13:06 2024,0,0.09418781639905266,[-4.69140476  2.23743464 -2.12427964 -0.11653103  0.55388684 -2.77010922
  3.06858474  2.18960133  1.18551998 -1.06648321  0.6027151   1.14432445
  1.31029899 -1.87354656]
Fri Apr  5 05:13:59 2024,1,0.0938674559490305,[-4.66860923  2.23743464 -2.12427964 -0.11653103  0.55388684 -2.77010921
  3.06858474  2.18960133  1.18551998 -1.06648321  0.6027151   1.14432445
  1.31029899 -1.87354656]
Fri Apr  5 05:14:24 2024,2,0.09386722167367392,[-4.6679756   2.23743464 -2.12427964 -0.11653103  0.55388684 -2.77010921
  3.06858474  2.18960133  1.18551998 -1.06648321  0.6027151   1.14432445
  1.31029898 -1.87354656]
