{"MSE_train": [6.213491578585047], "R2_train": 0.14684083240669288, "MAE_train": 2.0987357692017685, "MSE_test": 11.387260231207687, "R2_test": -0.13520346820976337, "MAE_test": 2.918269625704675}