{"MSE_train": [0.04921008084844127], "R2_train": 0.9020111441007126, "MAE_train": 0.18362250180527834, "MSE_test": 0.04159002740483209, "R2_test": 0.9224360566047531, "MAE_test": 0.16523406501430532}