{"MSE_train": [7.902423859801289], "R2_train": -0.08506228373015179, "MAE_train": 2.466928366408334, "MSE_test": 9.525682038988712, "R2_test": 0.05037848717218685, "MAE_test": 2.60232901601487, "hyperparameters": {"alpha": 0.001, "beta": 0.001}}