Time,Iteration,Cost,Parameters
Wed Mar 27 18:51:25 2024,0,0.33392771468274074,[-1.61851426  2.23743464 -2.12427964 -0.11653103  0.55388708]
Wed Mar 27 18:51:28 2024,1,0.33123843681037923,[-1.50532061  2.23743464 -2.12427964 -0.11653103  0.55388708]
Wed Mar 27 18:51:29 2024,2,0.33119301943919305,[-1.48841203  2.23743464 -2.12427964 -0.11653103  0.55388708]
Wed Mar 27 18:51:30 2024,3,0.33119301163805825,[-1.48863081  2.23743464 -2.12427963 -0.11653102  0.55388708]
