{"MSE_train": [0.9111469393961755], "R2_train": 0.9955073545688504, "MAE_train": 0.7807800840926308, "MSE_test": 1.131192752827781, "R2_test": 0.9950380028704117, "MAE_test": 0.8012170392760165}