{"MSE_train": [0.8369245649442311], "R2_train": 0.9955748087703777, "MAE_train": 0.7733877969650464, "MSE_test": 1.0179300646280454, "R2_test": 0.9949521835977319, "MAE_test": 0.7904472640449451}