{"MSE_train": [0.8114881773173654], "R2_train": 0.99599874784777, "MAE_train": 0.7349735372865186, "MSE_test": 1.4338882752143638, "R2_test": 0.9937102235777431, "MAE_test": 0.8836099270867322}