{"MSE_train": [0.735626280134725], "R2_train": 0.9961104177132752, "MAE_train": 0.7155736144514157, "MSE_test": 0.7876902634203716, "R2_test": 0.9960939204275756, "MAE_test": 0.6563951093574132}