{"MSE_train": [0.04418923512346479], "R2_train": 0.9997821135574302, "MAE_train": 0.14586714746906432, "MSE_test": 2.7451547546235453, "R2_test": 0.9879583298437277, "MAE_test": 1.171689377743273}