{"MSE_train": [0.031310263690342975], "R2_train": 0.9998344487543045, "MAE_train": 0.11840958111441559, "MSE_test": 1.816913143177738, "R2_test": 0.9909901040510278, "MAE_test": 1.0555750761330653}