{"MSE_train": [0.0], "R2_train": 1.0, "MAE_train": 0.0, "MSE_test": 1.9079164169213176, "R2_test": 0.9916308907031166, "MAE_test": 1.0082042711250514}