{"MSE_train": [0.0], "R2_train": 1.0, "MAE_train": 0.0, "MSE_test": 1.7060356240426469, "R2_test": 0.9915399349079614, "MAE_test": 0.9061648407392212}