{"MSE_train": [0.784551541443615], "R2_train": 0.9958517281654717, "MAE_train": 0.768713512708979, "MSE_test": 0.9041875583276504, "R2_test": 0.9955162216479765, "MAE_test": 0.708943947140614}