{"MSE_train": [0.8079865290481807], "R2_train": 0.9960160136294105, "MAE_train": 0.7392784039222351, "MSE_test": 1.4139454588116505, "R2_test": 0.993797703096595, "MAE_test": 0.8798585028868319}