{"MSE_train": [0.9111486314461642], "R2_train": 0.9955073462257606, "MAE_train": 0.7807807387683237, "MSE_test": 1.1312906976027388, "R2_test": 0.9950375732339143, "MAE_test": 0.8012452008900975}