{"MSE_train": [0.8369266457006717], "R2_train": 0.9955747977684959, "MAE_train": 0.7733963305478159, "MSE_test": 1.0179782970585882, "R2_test": 0.9949519444177897, "MAE_test": 0.7904510946754345}