{"MSE_train": [0.24915347243164504], "R2_train": 0.9986826151277948, "MAE_train": 0.39220440883379826, "MSE_test": 1.6035745697308408, "R2_test": 0.9920480293326386, "MAE_test": 0.9636240563910452}