{"MSE_train": [0.29287051662474295], "R2_train": 0.9985559262380834, "MAE_train": 0.43147935283530625, "MSE_test": 2.140131482216867, "R2_test": 0.9906122751890379, "MAE_test": 1.0290959415233405}