{"MSE_train": [0.9111935897441116], "R2_train": 0.9955071245472551, "MAE_train": 0.7807951272586913, "MSE_test": 1.1334527831289722, "R2_test": 0.9950280892072987, "MAE_test": 0.8018641380483306}