{"MSE_train": [0.8370286305190768], "R2_train": 0.9955742585295455, "MAE_train": 0.7736986129928456, "MSE_test": 1.0197176970722739, "R2_test": 0.9949433189019273, "MAE_test": 0.7905867859063153}