{"MSE_train": [0.8412574241826866], "R2_train": 0.9955518990225888, "MAE_train": 0.7736427491405486, "MSE_test": 1.0361828293479405, "R2_test": 0.9948616699088828, "MAE_test": 0.8046837386764857}