{"MSE_train": [0.9156211732624685], "R2_train": 0.9954852932026007, "MAE_train": 0.7793755066542103, "MSE_test": 1.1373266640695023, "R2_test": 0.9950110963596526, "MAE_test": 0.8024988830348858}