Time,Iteration,Cost,Parameters
Wed Mar 19 10:54:27 2025,998,0.12788222554468923,[-1.38916558  2.27339365 -2.4452985  -0.09081867  0.57311175 -2.5283327
  3.32143391  2.20984646  1.23889192 -1.05136546  0.34322156  0.97036485
  1.09066517 -2.06237605  0.86254487  2.84947774 -0.28515514 -0.45616493
 -2.15063568  0.76006854]
Wed Mar 19 10:54:58 2025,999,0.12724483225181896,[-1.38892654  2.2736327  -2.44553755 -0.09057963  0.57287271 -2.52857175
  3.32167296  2.21008551  1.23913096 -1.05112641  0.34346061  0.9701258
  1.09042612 -2.0626151   0.86278392  2.84971679 -0.28539418 -0.45592588
 -2.15087473  0.75982949]
