{"MSE_train": [2.355241023237118], "R2_train": 0.9885896476987953, "MAE_train": 1.1430231599288108, "MSE_test": 1.7886845956334845, "R2_test": 0.9892181421137658, "MAE_test": 1.1600953567392476, "hyperparameters": {"alpha": 0.001, "beta": 0.001}}