Time,Iteration,Cost,Parameters
Sun Mar 17 08:09:18 2024,0,0.006582741627591184,[-1.63734407  2.23743464 -2.12427961 -0.11653101  0.55388708 -2.77010897
  3.06858498  2.18960148  1.18552001 -1.0664831 ]
Sun Mar 17 08:09:25 2024,1,0.004013914556869639,[-1.57864739  2.23743464 -2.12427961 -0.11653101  0.55388708 -2.77010897
  3.06858498  2.18960148  1.18552001 -1.0664831 ]
Sun Mar 17 08:09:29 2024,2,0.004013911466276605,[-1.57858281  2.23743464 -2.12427961 -0.11653101  0.55388708 -2.77010897
  3.06858498  2.18960148  1.18552001 -1.0664831 ]
