{"MSE_train": [713.4723113772156], "R2_train": 0.048996854526385136, "MAE_train": 20.342424974577, "MSE_test": 746.6191574279368, "R2_test": 0.03441287768540524, "MAE_test": 20.57326170842353, "BATCH_SIZE": 25, "NUM_CORES": 16}