{"MSE_train": [0.48737181146928643], "R2_train": 0.029527987354418306, "MAE_train": 0.6039055520197252, "MSE_test": 0.642111260830581, "R2_test": -0.19751499569166597, "MAE_test": 0.706468422962075}