{"MSE_train": [3.4618950017584176], "R2_train": 0.5246557558434428, "MAE_train": 1.2526023693766641, "MSE_test": 1.817618864552801, "R2_test": 0.818800378929691, "MAE_test": 1.1381974441528366, "hyperparameters": {"alpha": 0.001, "beta": 0.001}}