{"MSE_train": [2018.8061059721965], "R2_train": -1.6909116531445112, "MAE_train": 37.424976835036375, "MSE_test": 2027.9418989592773, "R2_test": -1.6226953366466268, "MAE_test": 38.13574772722017}