{"MSE_train": [603.3975946895634], "R2_train": 0.19075369078539106, "MAE_train": 18.50653957000065, "MSE_test": 613.6375479782679, "R2_test": 0.20639524421296473, "MAE_test": 18.541320961927035}