Time,Iteration,Cost,Parameters
Thu Apr  4 17:09:51 2024,0,0.14026363697078648,[-4.66549958  2.23743464 -2.12427936 -0.11653103  0.55388722 -2.77010897
  3.06858498  2.18960145  1.18551998 -1.06648308  0.60271537  1.14432459
  1.31029912 -1.87354653]
Thu Apr  4 17:10:24 2024,1,0.1402631379236536,[-4.66455024  2.23743464 -2.12427936 -0.11653103  0.55388721 -2.77010897
  3.06858498  2.18960145  1.18551998 -1.06648308  0.60271537  1.14432459
  1.31029912 -1.87354653]
