{"MSE_train": [0.0007511554016983282], "R2_train": -0.9266203608039005, "MAE_train": 0.022600596673751704, "MSE_test": 0.0007465773820769452, "R2_test": -0.9215705965259251, "MAE_test": 0.022538711398026403}