{"MSE_train": [774.10415244518], "R2_train": -0.017172987869426004, "MAE_train": 20.39048492948279, "MSE_test": 780.0586454138547, "R2_test": -0.008833720871252781, "MAE_test": 20.765775032945815}