{"MSE_train": [0.04624264354909069], "R2_train": 0.8647772684158452, "MAE_train": 0.16775269957034847, "MSE_test": 0.12592166479792202, "R2_test": 0.6036953554770328, "MAE_test": 0.2924716315790076}