{"MSE_train": [0.05259528432274947], "R2_train": 0.8462008771834735, "MAE_train": 0.19035192362010128, "MSE_test": 0.11200722759378419, "R2_test": 0.6474873121571829, "MAE_test": 0.29388936259448917}