{"MSE_train": [0.018227981670087507], "R2_train": 0.946697738634287, "MAE_train": 0.11830381615836041, "MSE_test": 0.10115163802704497, "R2_test": 0.681652366846047, "MAE_test": 0.24654530347880588}