{"MSE_train": [0.3354584804129769], "R2_train": 0.019052360050371364, "MAE_train": 0.49348560015212384, "MSE_test": 0.3290071080461799, "R2_test": -0.03546157215293144, "MAE_test": 0.5151408209601507}