{"MSE_train": [0.022116327655170062], "R2_train": 0.9353274378665775, "MAE_train": 0.11806883904099644, "MSE_test": 0.16470544902792522, "R2_test": 0.4816338035813138, "MAE_test": 0.31024049910328516}