{"MSE_train": [0.04364788886284346], "R2_train": 0.8723648496944254, "MAE_train": 0.1679559779705139, "MSE_test": 0.11452891081677556, "R2_test": 0.6395509909936177, "MAE_test": 0.2649698150743894}