{"MSE_train": [0.05051641089192062], "R2_train": 0.8522799185695045, "MAE_train": 0.1815320911450472, "MSE_test": 0.10864046933204556, "R2_test": 0.658083280200127, "MAE_test": 0.27238814382684634}