{"MSE_train": [0.01823878546268932], "R2_train": 0.9466661461855219, "MAE_train": 0.11839521327585296, "MSE_test": 0.1012844617842454, "R2_test": 0.6812343397181021, "MAE_test": 0.246712917757057}