{"MSE_train": [0.048219847604792955], "R2_train": 0.858995528601868, "MAE_train": 0.1739554849995853, "MSE_test": 0.11615144010342966, "R2_test": 0.6344445155256553, "MAE_test": 0.28287469317046876}