{"MSE_train": [0.0], "R2_train": 1.0, "MAE_train": 0.0, "MSE_test": 0.042266876762550455, "R2_test": 0.8669763491662871, "MAE_test": 0.15845362366916516}