{"MSE_train": [0.014555534461835641], "R2_train": 0.9525857312034074, "MAE_train": 0.09811870047852285, "MSE_test": 0.05044102694073307, "R2_test": 0.8412504052960194, "MAE_test": 0.1680112249337104}