{"MSE_train": [0.018888443598952694], "R2_train": 0.9384713942110321, "MAE_train": 0.1103042475466382, "MSE_test": 0.0343681884613687, "R2_test": 0.8918353507084046, "MAE_test": 0.14735128521108323}