{"MSE_train": [0.15318618028812128], "R2_train": 0.5010000665280758, "MAE_train": 0.3330838072492729, "MSE_test": 0.21116551650290818, "R2_test": 0.3354132103677937, "MAE_test": 0.3983257425717635}