{"MSE_train": [0.012405414386968107], "R2_train": 0.9595896905181286, "MAE_train": 0.08242998444116587, "MSE_test": 0.034539182955781275, "R2_test": 0.8912971914295204, "MAE_test": 0.16713562076217386}