{"MSE_train": [0.013778161349383878], "R2_train": 0.9551180035707103, "MAE_train": 0.095390850157662, "MSE_test": 0.05170618462889698, "R2_test": 0.8372686610212917, "MAE_test": 0.17003680589338716}