{"MSE_train": [0.013250763641348268], "R2_train": 0.9568359876651503, "MAE_train": 0.09296251723836496, "MSE_test": 0.04743176500298916, "R2_test": 0.8507212496056776, "MAE_test": 0.16104054577499363}