{"MSE_train": [0.13437450086695205], "R2_train": 0.5622786150368445, "MAE_train": 0.3090593551152068, "MSE_test": 0.1995369171257787, "R2_test": 0.3720111059709762, "MAE_test": 0.37833890362712624}