{"MSE_train": [0.12207884712913115], "R2_train": 0.6023313821051687, "MAE_train": 0.2851378958966419, "MSE_test": 0.1963154776918156, "R2_test": 0.382149722004824, "MAE_test": 0.3698580501588777}