{"MSE_train": [0.0], "R2_train": 1.0, "MAE_train": 0.0, "MSE_test": 0.02837973128252199, "R2_test": 0.9106824124694799, "MAE_test": 0.1307274630410909}