{"MSE_train": [0.024324349827066088], "R2_train": 0.9170990671341098, "MAE_train": 0.1305480721100959, "MSE_test": 0.01994747229691248, "R2_test": 0.9372206845387094, "MAE_test": 0.12970346633124233}