{"MSE_train": [0.004716001179461256], "R2_train": 0.9839271799676657, "MAE_train": 0.054212477061442194, "MSE_test": 0.029315754555248374, "R2_test": 0.9077365304327522, "MAE_test": 0.1417315270508567}