{"MSE_train": [0.008329120949965813], "R2_train": 0.9716131406753297, "MAE_train": 0.06867615511305665, "MSE_test": 0.026938865165159788, "R2_test": 0.9152171518676826, "MAE_test": 0.138282313830775}