{"MSE_train": [0.13022192359641072], "R2_train": 0.5561846864362727, "MAE_train": 0.30499632257199133, "MSE_test": 0.1727131905646539, "R2_test": 0.4564315862485152, "MAE_test": 0.35295268138190256}