{"MSE_train": [0.004807241159813517], "R2_train": 0.983616220803715, "MAE_train": 0.055006548675040366, "MSE_test": 0.032776810586662423, "R2_test": 0.8968437854678186, "MAE_test": 0.15329554432856796}