{"MSE_train": [0.011398561524456419], "R2_train": 0.9611520393998273, "MAE_train": 0.08541689032998581, "MSE_test": 0.021946349111160564, "R2_test": 0.9309297562335044, "MAE_test": 0.13241127074366085}