{"MSE_train": [0.012123791556606756], "R2_train": 0.9586803496471695, "MAE_train": 0.08888174330683338, "MSE_test": 0.020430651000501305, "R2_test": 0.9357000092468593, "MAE_test": 0.12482569132947421}