{"MSE_train": [0.02424076770015228], "R2_train": 0.9173839272163455, "MAE_train": 0.1279235308575406, "MSE_test": 0.024110943723359177, "R2_test": 0.9241172756353455, "MAE_test": 0.12984523705319634}