{"MSE_train": [0.02473802871943417], "R2_train": 0.9118229286835506, "MAE_train": 0.133870119573508, "MSE_test": 0.02030916040302604, "R2_test": 0.9360823682962142, "MAE_test": 0.1275251871818634}