{"MSE_train": [0.024975595990572048], "R2_train": 0.9109761358187206, "MAE_train": 0.13566022019935448, "MSE_test": 0.0201498324641856, "R2_test": 0.9365838102225583, "MAE_test": 0.12670540628961036}