{"MSE_train": [0.13157598820759828], "R2_train": 0.5310060705605383, "MAE_train": 0.308710024066133, "MSE_test": 0.15657920268110428, "R2_test": 0.5072089829990186, "MAE_test": 0.34298084200188345}