{"MSE_train": [0.01219345488370313], "R2_train": 0.9565372345117565, "MAE_train": 0.0897879271785096, "MSE_test": 0.019922594572361896, "R2_test": 0.9372989804999357, "MAE_test": 0.12519108201551984}