{"MSE_train": [0.024968522258242924], "R2_train": 0.9110013496709289, "MAE_train": 0.13563181106679678, "MSE_test": 0.020138295024165222, "R2_test": 0.9366201212185519, "MAE_test": 0.1266917539066413}