{"MSE_train": [0.011591298998395802], "R2_train": 0.9586835794386122, "MAE_train": 0.08886291046904522, "MSE_test": 0.019901708685874004, "R2_test": 0.9373647132222072, "MAE_test": 0.1242758804782704}