{"MSE_train": [0.0117663402836204], "R2_train": 0.9580596563255127, "MAE_train": 0.08981076337752994, "MSE_test": 0.02165353756444053, "R2_test": 0.9318513019907124, "MAE_test": 0.13306045102207778}