{"MSE_train": [0.011195887977529514], "R2_train": 0.9600929959358468, "MAE_train": 0.08501544627227062, "MSE_test": 0.02381772162958985, "R2_test": 0.9250401134792068, "MAE_test": 0.12582632180602754}