{"MSE_train": [0.0], "R2_train": 1.0, "MAE_train": 0.0, "MSE_test": 0.020684023715298597, "R2_test": 0.9349025866283551, "MAE_test": 0.12519813229353546}