{"MSE_train": [0.011195887977529517], "R2_train": 0.9600929959358468, "MAE_train": 0.08501544627227064, "MSE_test": 0.023817721629589856, "R2_test": 0.9250401134792068, "MAE_test": 0.12582632180602754}