{"MSE_train": [0.13151688512515755], "R2_train": 0.5312167395986619, "MAE_train": 0.3086402886252781, "MSE_test": 0.15623523517407345, "R2_test": 0.5082915284118359, "MAE_test": 0.342189182152593}