{"MSE_train": [0.02517762195357694], "R2_train": 0.9102560276019466, "MAE_train": 0.13437961186500857, "MSE_test": 0.021115606760316798, "R2_test": 0.9335442948243787, "MAE_test": 0.12925383625000916}