{"MSE_train": [0.013250004885833297], "R2_train": 0.9554757433068458, "MAE_train": 0.0959694460010981, "MSE_test": 0.018721820800235354, "R2_test": 0.9410780936785835, "MAE_test": 0.12433076617885348}