{"MSE_train": [0.0], "R2_train": 1.0, "MAE_train": 0.0, "MSE_test": 0.019686798501873774, "R2_test": 0.9380410853477763, "MAE_test": 0.11993427279732985}