{"MSE_train": [0.023321937971052437], "R2_train": 0.9216308249127372, "MAE_train": 0.12758389218642607, "MSE_test": 0.02147591068145519, "R2_test": 0.932410334932599, "MAE_test": 0.12681756634936625}