{"MSE_train": [0.13067633322939676], "R2_train": 0.5608857012085625, "MAE_train": 0.30721009228038587, "MSE_test": 0.15215493054673046, "R2_test": 0.5211331921357042, "MAE_test": 0.3360559693961796}