{"MSE_train": [0.026694665597410194], "R2_train": 0.9102973807452861, "MAE_train": 0.13505960179533524, "MSE_test": 0.031310587171519515, "R2_test": 0.9014583301552793, "MAE_test": 0.15888502033160823}