{"MSE_train": [0.011296073068160509], "R2_train": 0.9620415795129895, "MAE_train": 0.08668174996042004, "MSE_test": 0.018457061226109264, "R2_test": 0.941911353380768, "MAE_test": 0.11646376393955167}