{"MSE_train": [0.025207896751067816], "R2_train": 0.9152933998659063, "MAE_train": 0.1346731405193366, "MSE_test": 0.021586724880927124, "R2_test": 0.9320615769805793, "MAE_test": 0.12826592759588884}