{"MSE_train": [0.023322562986861133], "R2_train": 0.921628724659602, "MAE_train": 0.12758240800209214, "MSE_test": 0.021494420473700027, "R2_test": 0.9323520803292504, "MAE_test": 0.12689314412706382}