{"MSE_train": [0.01102514253947253], "R2_train": 0.9629519927927773, "MAE_train": 0.08615221802876813, "MSE_test": 0.01828272898391222, "R2_test": 0.9424600173250041, "MAE_test": 0.11790665970403613}