{"MSE_train": [0.17908367160597227], "R2_train": 0.6434022503446309, "MAE_train": 0.3467588959141749, "MSE_test": 0.232194727749855, "R2_test": 0.5669649710841007, "MAE_test": 0.4103097368661775, "BATCH_SIZE": 32, "NUM_CORES": 16, "TOLERANCE": 1e-06, "MAX_ITER": 1000, "NUM_QUBITS": 5}