{"MSE_train": [0.4743250629949506], "R2_train": 0.055507135003927566, "MAE_train": 0.6118761338749881, "MSE_test": 0.5155364482609285, "R2_test": 0.03854259335132326, "MAE_test": 0.670616735373377}