{"MSE_train": [761.1703696867792], "R2_train": -0.014580950473249032, "MAE_train": 20.156882170678788, "MSE_test": 775.0923968427911, "R2_test": -0.002410974255759868, "MAE_test": 20.537268467116675}