{"MSE_train": [760.6035382977349], "R2_train": -0.01382540828143819, "MAE_train": 20.136749995478045, "MSE_test": 773.9261883145889, "R2_test": -0.0009027408739046283, "MAE_test": 20.518708444581044}