{"MSE_train": [71.95838030875807], "R2_train": 0.6513857977819645, "MAE_train": 5.497500984015929, "MSE_test": 70.46958206386321, "R2_test": 0.5752224730007225, "MAE_test": 5.291684805558985}