{"MSE_train": [7.967880009483703], "R2_train": -0.09404990582163109, "MAE_train": 2.0251563844942213, "MSE_test": 19.923744455884705, "R2_test": -0.9862111997809888, "MAE_test": 3.2263972272947896, "BATCH_SIZE": 32, "NUM_CORES": 16, "TOLERANCE": 1e-06, "MAX_ITER": 1000, "NUM_QUBITS": 5}