{"MSE_train": [0.1316516167076125], "R2_train": 0.73785063799831, "MAE_train": 0.29865410316800345, "MSE_test": 0.1487996481376899, "R2_test": 0.7224938715947206, "MAE_test": 0.33263312828913183, "BATCH_SIZE": 32, "NUM_CORES": 16, "TOLERANCE": 1e-06, "MAX_ITER": 1000, "NUM_QUBITS": 5}