{"MSE_train": [0.24675845352245318], "R2_train": 0.5086458276991721, "MAE_train": 0.42142074656648026, "MSE_test": 0.20501775079589954, "R2_test": 0.6176490805604418, "MAE_test": 0.4151555288414208}