{"MSE_train": [0.00037106250862021633], "R2_train": 0.04827072717265568, "MAE_train": 0.015902550150912246, "MSE_test": 0.00036410863791954605, "R2_test": 0.06284268802668547, "MAE_test": 0.015796361911907093}