{"MSE_train": [0.20132882149301526], "R2_train": 0.5991069200147977, "MAE_train": 0.3832927504978886, "MSE_test": 0.20916364230665646, "R2_test": 0.609917138204813, "MAE_test": 0.3946756507112542, "BATCH_SIZE": 32, "NUM_CORES": 16, "TOLERANCE": 1e-06, "MAX_ITER": 1000, "NUM_QUBITS": 5}