{"MSE_train": [1.3118345807651743], "R2_train": 0.8198752368470097, "MAE_train": 1.049392142297083, "MSE_test": 11.937824922230227, "R2_test": -0.1900896246716799, "MAE_test": 2.3538775046714746}