{"MSE_train": [1020.8394085683038], "R2_train": -0.3606995998175526, "MAE_train": 24.40095128116332, "MSE_test": 1007.1860883561487, "R2_test": -0.3025729476878236, "MAE_test": 24.16129898387485}