{"MSE_train": [1080.2852708505743], "R2_train": -0.4399363145636437, "MAE_train": 25.3435814221841, "MSE_test": 1055.489746200123, "R2_test": -0.36504306985226, "MAE_test": 24.940492750046168}