{"MSE_train": [931.8595679597935], "R2_train": -0.24209638711670922, "MAE_train": 24.028389148551227, "MSE_test": 1018.4613612998363, "R2_test": -0.3171550251053292, "MAE_test": 25.380273182558263}