{"MSE_train": [1.1184549149881764], "R2_train": 0.8464277206795131, "MAE_train": 0.6849244455130123, "MSE_test": 7.319181141485463, "R2_test": 0.27034601409222403, "MAE_test": 1.5218655323614938}