{"MSE_train": [1647.3218608764612], "R2_train": -1.1957520233363215, "MAE_train": 34.8133712746497, "MSE_test": 1748.7045467753283, "R2_test": -1.261563441415194, "MAE_test": 36.24252002673487}