{"MSE_train": [52.64465394733046], "R2_train": 0.7449543200090698, "MAE_train": 4.7174751590984725, "MSE_test": 89.83134132123823, "R2_test": 0.4585133912262668, "MAE_test": 6.437369304946079, "BATCH_SIZE": 32, "NUM_CORES": 16, "TOLERANCE": 1e-06, "MAX_ITER": 500, "NUM_QUBITS": 5}