{"MSE_train": [127.67346641229128], "R2_train": 0.38146490448014014, "MAE_train": 10.751398911364664, "MSE_test": 114.97202042272644, "R2_test": 0.3069700560304579, "MAE_test": 9.549796275388477}