{"MSE_train": [91.10926993178059], "R2_train": 0.5586061649018303, "MAE_train": 6.6861992154040895, "MSE_test": 87.18566593497076, "R2_test": 0.474461030121061, "MAE_test": 5.887478538195262}