{"MSE_train": [72.66951391934917], "R2_train": 0.6479405941064105, "MAE_train": 5.83239302824037, "MSE_test": 15.092115731183426, "R2_test": 0.9090275348636353, "MAE_test": 3.6455769077125924, "BATCH_SIZE": 32, "NUM_CORES": 16, "TOLERANCE": 1e-06, "MAX_ITER": 500, "NUM_QUBITS": 5}