{"MSE_train": [762.9375826254181], "R2_train": -0.016936507986228255, "MAE_train": 20.19045238799762, "MSE_test": 776.5393638357028, "R2_test": -0.004282306756231646, "MAE_test": 20.57053883771719}