{"MSE_train": [760.7820076520196], "R2_train": -0.014063294061431142, "MAE_train": 20.14958966286274, "MSE_test": 774.2119497271477, "R2_test": -0.001272310201554383, "MAE_test": 20.530647717261264}