{"MSE_train": [762.9662661837243], "R2_train": -0.016974740940384425, "MAE_train": 20.190910913662517, "MSE_test": 776.5738977419445, "R2_test": -0.004326968743294968, "MAE_test": 20.571141751414466}