{"MSE_train": [2.9671293735698607], "R2_train": 0.9856252540009038, "MAE_train": 1.27035344500982, "MSE_test": 2.1280621101518604, "R2_test": 0.987172437610997, "MAE_test": 1.2607064997759807}