{"MSE_train": [126.99658254641886], "R2_train": 0.3847441796372917, "MAE_train": 9.106991586603014, "MSE_test": 102.12041928988329, "R2_test": 0.38443711610529896, "MAE_test": 7.778761215883129}