{"MSE_train": [114.67072523762018], "R2_train": 0.4444588215445, "MAE_train": 7.675346009411105, "MSE_test": 49.81782365517445, "R2_test": 0.6997074296034073, "MAE_test": 5.593419502581369}