Time,Iteration,Cost,Parameters
Tue Mar 18 15:01:46 2025,999,0.10443172276916744,[-3.48594834  2.17851946 -2.09380435 -0.06108819  0.44370393 -2.80486032
  3.10858081  2.41871642  1.52177969 -1.0642448   1.7376107   1.18873068
  1.37360337 -1.58364788  0.4409205   3.05907946 -0.59098194 -0.64388959
 -2.05400841  0.61396334]
