{"MSE_train": [969.6782810170762], "R2_train": -0.2925057926419432, "MAE_train": 24.252277422175684, "MSE_test": 1007.5500809460245, "R2_test": -0.30304369177991575, "MAE_test": 24.914547615902826}