{"MSE_train": [4.365159739279403], "R2_train": 0.40063070779545296, "MAE_train": 1.6565970207032137, "MSE_test": 7.88725876130867, "R2_test": 0.21371398223013494, "MAE_test": 2.357328962811791}