{"MSE_train": [0.20380602082192864], "R2_train": 0.5941742329740611, "MAE_train": 0.37916777303949306, "MSE_test": 0.26790478548467045, "R2_test": 0.500366965032717, "MAE_test": 0.45206398643764645}