{"MSE_train": [70.79353493649862], "R2_train": 0.6570290826699121, "MAE_train": 6.830832110377739, "MSE_test": 74.76713612044873, "R2_test": 0.5493176168792864, "MAE_test": 6.681216664864879, "hyperparameters": {"alpha": 0.001, "beta": 0.001}}