{"MSE_train": [0.5573102822264386], "R2_train": -0.10973597268551316, "MAE_train": 0.6369679395466279, "MSE_test": 0.6076453808251573, "R2_test": -0.1332373374976379, "MAE_test": 0.6974916284507129, "hyperparameters": {"alpha": 0.001, "beta": 0.001}}