{"MSE_train": [794.0904143658462], "R2_train": -0.05846081173723072, "MAE_train": 20.79255622286052, "MSE_test": 813.4419578397891, "R2_test": -0.05200766873743512, "MAE_test": 21.298615882583192}