Time,Iteration,Cost,Parameters
Thu Apr  4 23:52:09 2024,0,0.15145439025407192,[-1.74184616  2.23743465 -2.12427962 -0.11653103  0.55388709 -2.77010899
  3.06858497  2.18960147  1.18552    -1.0664831 ]
Thu Apr  4 23:52:30 2024,1,0.12906204502542246,[-1.56998776  2.23743465 -2.12427962 -0.11653103  0.55388709 -2.77010899
  3.06858497  2.18960147  1.18552    -1.0664831 ]
Thu Apr  4 23:52:40 2024,2,0.12898388590133822,[-1.55903835  2.23743465 -2.12427962 -0.11653103  0.55388709 -2.77010899
  3.06858497  2.18960147  1.18552    -1.0664831 ]
Thu Apr  4 23:52:50 2024,3,0.12898384724574635,[-1.55927655  2.23743465 -2.12427962 -0.11653103  0.55388709 -2.77010899
  3.06858497  2.18960147  1.18552    -1.0664831 ]
