{"MSE_train": [0.4141592309283163], "R2_train": 0.9431328198902378, "MAE_train": 0.4923676228178987, "MSE_test": 6.076575331479378, "R2_test": 0.3942222052475486, "MAE_test": 1.5097191714136635}