{"MSE_train": [4.614270186403823], "R2_train": 0.36642596815438555, "MAE_train": 1.5938262708614233, "MSE_test": 12.976668849031109, "R2_test": -0.29365265956228925, "MAE_test": 2.6286110641751295}