{"MSE_train": [0.21296663921140296], "R2_train": 0.9707580772683495, "MAE_train": 0.3872855382114799, "MSE_test": 0.7754528763589388, "R2_test": 0.9226945923073417, "MAE_test": 0.7207589987653698}