{"MSE_train": [0.3354288882591057], "R2_train": 0.3320821175378986, "MAE_train": 0.49800364745215076, "MSE_test": 0.3888284244926369, "R2_test": 0.27484861661077187, "MAE_test": 0.565609394876288, "hyperparameters": {"alpha": 0.001, "beta": 0.001}}