{"MSE_train": [0.14391362185922027], "R2_train": 0.7134340990469159, "MAE_train": 0.3214914193477709, "MSE_test": 0.1703904102204143, "R2_test": 0.6822278570585024, "MAE_test": 0.358657464644045, "hyperparameters": {"alpha": 0.001, "beta": 0.001}}