{"MSE_train": [799.6253893356983], "R2_train": -0.06583850323626939, "MAE_train": 21.031374146914118, "MSE_test": 807.0591050820038, "R2_test": -0.04375285721106148, "MAE_test": 21.249088826446936}