{"MSE_train": [859.5912463444758], "R2_train": -0.14576833054279503, "MAE_train": 21.794631799215523, "MSE_test": 868.2833061316576, "R2_test": -0.1229328508120846, "MAE_test": 22.115221594300635}