Time,Iteration,Cost,Parameters
Mon Nov  4 15:11:42 2024,415,0.10865954458199412,[-1.55783931  2.19799138 -2.03619286 -0.18018532  0.77355497 -2.56398869
  3.00303568  2.04687283  1.14327929 -0.92597462  0.71141017  1.18031856
  1.38222904 -1.86529078  0.62972151  2.95048703]
