{"MSE_train": [0.5014498134039673], "R2_train": 0.0014953712899187233, "MAE_train": 0.6173092600968573, "MSE_test": 0.5845610201881455, "R2_test": -0.0901858140077394, "MAE_test": 0.6814895265365246}