{"MSE_train": [910.1076953998695], "R2_train": -0.21310283138292263, "MAE_train": 23.497347647071226, "MSE_test": 938.1871694400593, "R2_test": -0.21333807218781287, "MAE_test": 23.976989354588582}