{"MSE_train": [2.0615110364339806], "R2_train": 0.7169390160775033, "MAE_train": 1.2014396415831592, "MSE_test": 2.5291675047611535, "R2_test": 0.7478656266043904, "MAE_test": 1.2204815813267045}