{"MSE_train": [0.19821831526157235], "R2_train": 0.605300670190202, "MAE_train": 0.37161404597994974, "MSE_test": 0.18092809663312273, "R2_test": 0.6625754412407332, "MAE_test": 0.39095700766734864, "BATCH_SIZE": 32, "NUM_CORES": 16, "TOLERANCE": 1e-06, "MAX_ITER": 1000, "NUM_QUBITS": 5}