{"MSE_train": [0.8822721175179378], "R2_train": 0.8788573967064426, "MAE_train": 0.8517685259132437, "MSE_test": 17.840037605750144, "R2_test": -0.7784850922733599, "MAE_test": 2.5425237481293754}