{"MSE_train": [3.447565857809733], "R2_train": 0.5266232551743695, "MAE_train": 1.3785808806660762, "MSE_test": 16.204113405856507, "R2_test": -0.6153987319249778, "MAE_test": 2.6712794432148073}