{"MSE_train": [1.3025428944103048], "R2_train": 0.8211510553293877, "MAE_train": 0.7308822797945773, "MSE_test": 6.6159596449894025, "R2_test": 0.34045062797943315, "MAE_test": 1.5306041533075139, "hyperparameters": {"alpha": 0.001, "beta": 0.001}}