{"MSE_train": [2407.7017098008587], "R2_train": -2.209279271066522, "MAE_train": 39.533090398004624, "MSE_test": 2531.776566627623, "R2_test": -2.274294297155706, "MAE_test": 39.72722196311806}