{"MSE_train": [1268.9865717733214], "R2_train": -0.6914604842768208, "MAE_train": 28.977727889145903, "MSE_test": 1304.2935336454427, "R2_test": -0.6868158649248088, "MAE_test": 29.677870547007316}