{"MSE_train": [755.7491101497837], "R2_train": -0.007354832809117751, "MAE_train": 20.740385018013214, "MSE_test": 796.6259657309276, "R2_test": -0.03025989376043481, "MAE_test": 21.555939568150315}