Time,Iteration,Cost,Parameters
Mon Nov  4 16:30:57 2024,265,0.11053029376717864,[-2.89979483  2.24396675 -2.13558611 -0.1133244   0.553716   -2.75493569
  3.06271844  2.1996471   1.18912566 -1.05142324  0.60147027  1.14096659
  1.3044549  -1.8746509   0.73481682  2.87886894 -0.55287473 -0.46811857
 -2.01130889  0.72940508  1.59461745  2.83264781 -1.25282098 -0.25190871
 -2.39399795 -2.27093182  3.12872268  2.55182419 -0.66845514 -2.68623677
  1.50497664 -0.03976254 -2.34235746  2.0437063   1.13952357 -0.64897312
  1.05369801 -1.90587547 -0.31471936  2.33296425 -0.19169984  0.55847344
  2.68563425  1.06502955  2.57262853  2.94058328  2.77934197 -2.96308705]
