{"MSE_train": [763.2344277714371], "R2_train": -0.017332179497345113, "MAE_train": 20.373050564422947, "MSE_test": 797.9258166143605, "R2_test": -0.031940964037677544, "MAE_test": 21.17202478677357}