{"MSE_train": [1833.6157380935988], "R2_train": -1.4440672843364148, "MAE_train": 34.040274674775794, "MSE_test": 1949.0754067318824, "R2_test": -1.5206989325639375, "MAE_test": 34.461674397258875}