{"MSE_train": [2.9302113724902608], "R2_train": 0.5976599205441386, "MAE_train": 1.2585735269495164, "MSE_test": 5.408689514471371, "R2_test": 0.460804181986583, "MAE_test": 1.7597134424592489}