{"MSE_train": [1025.681880216216], "R2_train": -0.3671542382044888, "MAE_train": 25.129157163608674, "MSE_test": 1041.0867286861435, "R2_test": -0.3464159450382114, "MAE_test": 25.38830285861353}