{"MSE_train": [1281.038231499971], "R2_train": -0.7075244101299463, "MAE_train": 28.543396621934143, "MSE_test": 1274.4681917359205, "R2_test": -0.6482433667777279, "MAE_test": 28.54590723826169}