{"MSE_train": [887.3512744084593], "R2_train": -0.18277029065575912, "MAE_train": 22.766471919890364, "MSE_test": 887.8250362289433, "R2_test": -0.14820576638351213, "MAE_test": 22.973388851979852}