{"MSE_train": [0.13332552421199279], "R2_train": 0.7345174940894303, "MAE_train": 0.30335412142214724, "MSE_test": 0.12428562571033593, "R2_test": 0.7682116642145009, "MAE_test": 0.30930611211806014}