{"MSE_train": [0.13170991189072478], "R2_train": 0.7377345585650084, "MAE_train": 0.29847696350548475, "MSE_test": 0.14861764444268258, "R2_test": 0.7228333021067483, "MAE_test": 0.3324263465182882, "BATCH_SIZE": 32, "NUM_CORES": 16, "TOLERANCE": 1e-06, "MAX_ITER": 1000, "NUM_QUBITS": 5}