{"MSE_train": [0.46695947534476756], "R2_train": 0.07017375400604231, "MAE_train": 0.589538614708834, "MSE_test": 0.5651867038680678, "R2_test": -0.05405339313327007, "MAE_test": 0.6626335340542551, "hyperparameters": {"alpha": 0.001, "beta": 0.001}}