Time,Iteration,Cost,Parameters
Thu Apr  4 22:29:39 2024,0,0.18137473400729448,[-2.68575123  2.23743464 -2.12427965 -0.11653102  0.55388708]
Thu Apr  4 22:29:41 2024,1,0.17793669992748806,[-2.39149272  2.23743465 -2.12427966 -0.11653101  0.55388708]
Thu Apr  4 22:29:43 2024,2,0.1779116309490328,[-2.41558219  2.23743465 -2.12427965 -0.11653101  0.55388708]
Thu Apr  4 22:29:45 2024,3,0.17791152572763058,[-2.41412502  2.23743465 -2.12427965 -0.116531    0.55388708]
