{"MSE_train": [206.76641201068264], "R2_train": -0.0017138720924863016, "MAE_train": 12.566477103446985, "MSE_test": 190.92517862811548, "R2_test": -0.15086144751147357, "MAE_test": 11.998824794463797}