{"MSE_train": [831.8046926317363], "R2_train": -0.10873101380140882, "MAE_train": 21.828374000273858, "MSE_test": 843.6067679866293, "R2_test": -0.09101919413840887, "MAE_test": 22.14249498718218}