Time,Iteration,Cost,Parameters
Wed Mar 19 10:48:47 2025,999,0.11426992210841427,[-2.84098121  2.13429541 -1.98147409 -0.10068514  0.56207433 -2.78759016
  3.02024612  2.20213891  1.18542812 -1.08492716  0.64212959  1.15097751
  1.30875243 -1.86257689  0.73840587  2.88991404 -0.51908933 -0.46686947
 -2.03599667  0.73838586  1.64701679  2.87089555 -1.21448138 -0.27743877]
