{"MSE_train": [0.5939906908527542], "R2_train": -0.18277530148240673, "MAE_train": 0.6701582423601496, "MSE_test": 0.7886368393130322, "R2_test": -0.47078006389520843, "MAE_test": 0.8208695003953764}