{"MSE_train": [0.0001124021640428138], "R2_train": 0.7117024022543389, "MAE_train": 0.006344767287365201, "MSE_test": 0.00011119408691914889, "R2_test": 0.7138042310671513, "MAE_test": 0.006329057552215946}