Time,Iteration,Cost,Parameters
Thu Nov 14 14:32:49 2024,970,0.026222493990276294,[-2.5919004   2.14936574 -2.31114869  0.06413849  0.49200572 -2.69053993
  2.94028053  2.35050867  1.32632715 -0.72818531  0.47561307  1.54223016
  0.83854648 -2.04759419  1.13255557  2.85536883 -0.75682925 -0.34719167
 -1.70726155  0.76843282  1.58644123  3.09243395 -1.25771296  0.13480586
 -2.21067599 -2.46389163  3.03629436  2.51592444 -0.55797764 -2.90408141
  1.44153329 -0.05469905 -2.29286624  1.70727969  1.00437196 -0.87032129
  0.76493972 -1.66812836 -0.61535154  2.16643346 -0.19726839  0.54235212
  2.59794823  0.79280064  2.75229408]
