{"MSE_train": [0.06198923336469374], "R2_train": 0.8765648430006049, "MAE_train": 0.19926735269558404, "MSE_test": 0.07376707364960719, "R2_test": 0.8624269931515753, "MAE_test": 0.22722770356491187}