{"MSE_train": [760.3112338618298], "R2_train": -0.013435789184033986, "MAE_train": 20.203192844700936, "MSE_test": 775.3133133337417, "R2_test": -0.0026966809867572383, "MAE_test": 20.598258645834868}