{"MSE_train": [1073.9228985359678], "R2_train": -0.4314557667030188, "MAE_train": 25.35396392558741, "MSE_test": 1172.8606696728793, "R2_test": -0.5168364589073813, "MAE_test": 26.610340312041426, "BATCH_SIZE": 25, "NUM_CORES": 16, "TOLERANCE": 1e-06, "MAX_ITER": 1000}