{"MSE_train": [0.3354308176795889], "R2_train": 0.3320782756074967, "MAE_train": 0.49800445093166934, "MSE_test": 0.38882698829890194, "R2_test": 0.27485129506174955, "MAE_test": 0.5656094257855404, "hyperparameters": {"alpha": 0.001, "beta": 0.001}}