{"MSE_train": [750.4558047778537], "R2_train": -0.00029926810340286103, "MAE_train": 19.971888953355446, "MSE_test": 778.0520554555321, "R2_test": -0.006238639558047598, "MAE_test": 20.62785211508756}