{"MSE_train": [207.00678483010225], "R2_train": -0.0028783977296296115, "MAE_train": 12.575800140320553, "MSE_test": 191.6721097967971, "R2_test": -0.15536380959989526, "MAE_test": 12.040771475079737, "BATCH_SIZE": 32, "NUM_CORES": 16, "TOLERANCE": 1e-06, "MAX_ITER": 500, "NUM_QUBITS": 5}