{"MSE_train": [206.94125367390546], "R2_train": -0.0025609212711554807, "MAE_train": 12.577146517827696, "MSE_test": 191.31038955074735, "R2_test": -0.1531834272692134, "MAE_test": 12.013618476691086}