{"MSE_train": [1108.784737749204], "R2_train": -0.47792388917967976, "MAE_train": 25.610679525819524, "MSE_test": 1081.792480848911, "R2_test": -0.3990598528477851, "MAE_test": 25.32100896529966}