{"MSE_train": [1726.3798019253456], "R2_train": -1.3011301149780676, "MAE_train": 32.90113646519951, "MSE_test": 1659.6828256971955, "R2_test": -1.146433489787046, "MAE_test": 32.74832741355442}