{"MSE_train": [8.738741724227264], "R2_train": -0.19989502214026178, "MAE_train": 2.631046199530206, "MSE_test": 10.039480512592071, "R2_test": -0.0008424208735369199, "MAE_test": 2.797262455343208}