{"MSE_train": [206.98989926529467], "R2_train": -0.0027965928352013947, "MAE_train": 12.573743494726973, "MSE_test": 190.8401468547004, "R2_test": -0.15034889180488697, "MAE_test": 12.015040547334104}