{"MSE_train": [104.65379240573694], "R2_train": 0.4929874992728619, "MAE_train": 9.553770686127613, "MSE_test": 89.99482475029939, "R2_test": 0.4575279435385109, "MAE_test": 8.256924199805956, "hyperparameters": {"alpha": 0.001, "beta": 0.001}}