{"MSE_train": [1.121467217755966], "R2_train": 0.846014108833516, "MAE_train": 0.7495257438240757, "MSE_test": 3.219046403986488, "R2_test": 0.6790911450219776, "MAE_test": 1.07658619532396}