{"MSE_train": [0.13167999335871836], "R2_train": 0.7377941334055889, "MAE_train": 0.3034404580389869, "MSE_test": 0.16968326055138938, "R2_test": 0.6835466664059049, "MAE_test": 0.3609568528456106, "hyperparameters": {"alpha": 0.001, "beta": 0.001}}