{"MSE_train": [1057.249134833137], "R2_train": -0.40923093544409084, "MAE_train": 25.70910338465518, "MSE_test": 1079.6422028160348, "R2_test": -0.39627894271805575, "MAE_test": 26.036215170644503}