{"MSE_train": [0.11367984437761144], "R2_train": 0.7736366675828368, "MAE_train": 0.28190574704866644, "MSE_test": 0.13750648027419698, "R2_test": 0.7435552338388631, "MAE_test": 0.3268730453652643}