{"MSE_train": [3.2930980602646116], "R2_train": 0.5478328465783024, "MAE_train": 1.4943904224978575, "MSE_test": 4.126758317129086, "R2_test": 0.5886007468917234, "MAE_test": 1.7224504119874886}