{"MSE_train": [0.0004156700238606916], "R2_train": -0.06614201207259174, "MAE_train": 0.013713726465920863, "MSE_test": 0.00041697467505747327, "R2_test": -0.07322602361373587, "MAE_test": 0.01375461299155128}