{"MSE_train": [192.05022554795806], "R2_train": 0.06958111233297848, "MAE_train": 11.365020294358242, "MSE_test": 196.62462928664294, "R2_test": -0.18521667547053355, "MAE_test": 10.316271203715763, "MAX_ITER": 1000}