{"MSE_train": [64.60600637632915], "R2_train": 0.6870055819108525, "MAE_train": 5.752175372656853, "MSE_test": 79.12587281549713, "R2_test": 0.5230439631986707, "MAE_test": 6.053875455860656, "BATCH_SIZE": 32, "NUM_CORES": 16, "TOLERANCE": 1e-06, "MAX_ITER": 500, "NUM_QUBITS": 5}