{"MSE_train": [0.0005170385775005575], "R2_train": -0.3261397687901051, "MAE_train": 0.018594558261548787, "MSE_test": 0.0005186620395429371, "R2_test": -0.33495301176584036, "MAE_test": 0.018613146067844717}