{"MSE_train": [703.6771542634004], "R2_train": 0.06205303775466675, "MAE_train": 19.37605458612311, "MSE_test": 725.5666186274528, "R2_test": 0.06163969092149302, "MAE_test": 19.833962048329088}