{"MSE_train": [1453.8655933454302], "R2_train": -0.9378898526538129, "MAE_train": 30.778720836392402, "MSE_test": 1505.8054021907512, "R2_test": -0.9474269988946491, "MAE_test": 31.141420646754046}