{"MSE_train": [711.0513860822671], "R2_train": 0.05222375980881799, "MAE_train": 20.112401624822876, "MSE_test": 769.6467618998801, "R2_test": 0.004631752844647896, "MAE_test": 20.979828528615933}