{"MSE_train": [699.3891745419526], "R2_train": 0.06776858149448262, "MAE_train": 19.96063050161192, "MSE_test": 752.2697857156164, "R2_test": 0.02710503692979649, "MAE_test": 20.54680697971299}