Time,Iteration,Cost,Parameters
Thu Apr  4 18:34:13 2024,0,0.40254991577958243,[-1.11690592  2.23743464 -2.12427932 -0.11653103  0.55388708 -2.77010913
  3.06858467  2.18960145  1.18551998 -1.06648324  0.6027151   1.14432445
  1.31029899 -1.8735468 ]
Thu Apr  4 18:34:51 2024,1,0.4014819009481083,[-1.17493455  2.23743464 -2.12427933 -0.11653103  0.55388708 -2.77010913
  3.06858468  2.18960145  1.18551998 -1.06648324  0.6027151   1.14432445
  1.31029899 -1.8735468 ]
Thu Apr  4 18:35:10 2024,2,0.40147325888573915,[-1.18082955  2.23743463 -2.12427934 -0.11653103  0.55388708 -2.77010912
  3.06858468  2.18960145  1.18551999 -1.06648324  0.6027151   1.14432445
  1.31029899 -1.8735468 ]
Thu Apr  4 18:35:29 2024,3,0.4014732402103921,[-1.18056731  2.23743463 -2.12427934 -0.11653103  0.55388708 -2.77010912
  3.06858468  2.18960145  1.18551999 -1.06648324  0.6027151   1.14432445
  1.31029899 -1.8735468 ]
