{"MSE_train": [0.5020917393304167], "R2_train": 0.00021714564955466198, "MAE_train": 0.6187141090668566, "MSE_test": 0.574227248650512, "R2_test": -0.07091369228484545, "MAE_test": 0.6784097616781415, "hyperparameters": {"alpha": 0.001, "beta": 0.001}}