{"MSE_train": [987.0868298375012], "R2_train": -0.31571003536076425, "MAE_train": 23.87251436985022, "MSE_test": 976.032129290687, "R2_test": -0.2622821764379186, "MAE_test": 24.24107296808507}