{"MSE_train": [4.130348345080426], "R2_train": 0.43287207982960363, "MAE_train": 1.3214689528161894, "MSE_test": 6.030030137076201, "R2_test": 0.39886232631637053, "MAE_test": 1.8439840479631833, "hyperparameters": {"alpha": 0.001, "beta": 0.001}}