{"MSE_train": [45.896607828064205], "R2_train": 0.7776463387052188, "MAE_train": 6.071694806290297, "MSE_test": 94.24980758368153, "R2_test": 0.43187969882846755, "MAE_test": 8.020117013057334}