{"MSE_train": [207.05574547219766], "R2_train": -0.003115595608611077, "MAE_train": 12.575941167175609, "MSE_test": 190.81207987251673, "R2_test": -0.15017970925926738, "MAE_test": 12.017456769712876}