{"MSE_train": [0.5000432171860141], "R2_train": 0.004296235497681211, "MAE_train": 0.6162022730962173, "MSE_test": 0.540605205554071, "R2_test": -0.008209760349904949, "MAE_test": 0.6648572309218637, "hyperparameters": {"alpha": 0.001, "beta": 0.001}}