{"MSE_train": [22.72718657260426], "R2_train": 0.8898944086613276, "MAE_train": 3.31827026057847, "MSE_test": 26.184124314358748, "R2_test": 0.8421669712356853, "MAE_test": 3.2900686418962524}