{"MSE_train": [1108.9530287288385], "R2_train": -0.47814820797724966, "MAE_train": 25.61826332125468, "MSE_test": 1082.266845266235, "R2_test": -0.3996733385427276, "MAE_test": 25.334366426710307}