{"MSE_train": [1726.3798019253477], "R2_train": -1.3011301149780703, "MAE_train": 32.90113646519953, "MSE_test": 1659.6828256971971, "R2_test": -1.1464334897870483, "MAE_test": 32.74832741355444}