{"MSE_train": [760.4109827907745], "R2_train": -0.013568746754596184, "MAE_train": 20.15086311991362, "MSE_test": 777.0870876393438, "R2_test": -0.004990666629025364, "MAE_test": 20.589697557927295}