{"MSE_train": [4.419506556672699], "R2_train": 0.393168480655979, "MAE_train": 1.6777924064385696, "MSE_test": 7.2805319727355435, "R2_test": 0.27419897516604663, "MAE_test": 2.314835023586921, "hyperparameters": {"alpha": 0.001, "beta": 0.001}}