{"MSE_train": [0.6456112257204019], "R2_train": -0.28556393879776865, "MAE_train": 0.7292179294574683, "MSE_test": 0.5348258309810519, "R2_test": 0.002568570663877834, "MAE_test": 0.6651005293198884, "hyperparameters": {"alpha": 0.001, "beta": 0.001}}