Time,Iteration,Cost,Parameters
Fri Apr  5 04:28:56 2024,0,0.35306115904032903,[-13.89704011   2.23743464  -2.12427646  -0.11653103   0.55388708
  -2.77010897   3.06858498   2.18960462   1.18552316  -1.06648626
   0.60271827   1.14432762   1.31030216  -1.87354046]
Fri Apr  5 04:29:49 2024,1,0.3524014382168626,[-13.86694662   2.23743464  -2.12427647  -0.11653103   0.55388708
  -2.77010897   3.06858498   2.18960461   1.18552315  -1.06648625
   0.60271827   1.14432761   1.31030215  -1.87354048]
Fri Apr  5 04:30:06 2024,2,0.35240143458587536,[-13.86687581   2.23743463  -2.12427648  -0.11653103   0.55388708
  -2.77010898   3.06858498   2.18960461   1.18552314  -1.06648625
   0.60271826   1.14432762   1.31030215  -1.87354048]
