{"MSE_train": [762.064636666776], "R2_train": -0.01577293886201847, "MAE_train": 20.16203558632582, "MSE_test": 776.4412226765955, "R2_test": -0.00415538282391581, "MAE_test": 20.552977575232976}