{"MSE_train": [58.35502161462853], "R2_train": 0.7172895051513, "MAE_train": 5.022219099019192, "MSE_test": 77.35888890428936, "R2_test": 0.5336950133974663, "MAE_test": 5.135358169359717}