{"MSE_train": [0.39814258673774405], "R2_train": 0.2072043799446408, "MAE_train": 0.5536463696072231, "MSE_test": 0.41267659797102246, "R2_test": 0.23037260894306322, "MAE_test": 0.580860598274195}