{"MSE_train": [3.463902928871028], "R2_train": 0.5243800523356298, "MAE_train": 1.5234729679768584, "MSE_test": 5.944774120553852, "R2_test": 0.4073615547239797, "MAE_test": 1.9124055250348817}