{"MSE_train": [660.4538139819135], "R2_train": 0.11966639136361679, "MAE_train": 19.3944380089755, "MSE_test": 671.5162270326904, "R2_test": 0.13154194505030026, "MAE_test": 19.672301514289643}