{"MSE_train": [687.7120607341524], "R2_train": 0.08333326674461561, "MAE_train": 19.80361812400542, "MSE_test": 708.125168573794, "R2_test": 0.08419635772913736, "MAE_test": 20.162329253685186}