Time,Iteration,Cost,Parameters
Thu Apr  4 12:46:23 2024,0,0.07254989817656249,[ 0.0623246   2.23743448 -2.12427948 -0.11653103  0.55388708]
Thu Apr  4 12:46:27 2024,1,0.07230351094793808,[ 0.00837067  2.23743448 -2.12427948 -0.11653103  0.55388708]
