{"MSE_train": [36.66633284356635], "R2_train": 0.8223639231778944, "MAE_train": 4.644914951027287, "MSE_test": 39.120200873493715, "R2_test": 0.7641907090111859, "MAE_test": 4.498640932854967}