{"MSE_train": [0.07796264283970267], "R2_train": 0.8447580243105978, "MAE_train": 0.21966134925595737, "MSE_test": 0.0967431660844378, "R2_test": 0.8195773860639852, "MAE_test": 0.2608178831822622}