{"MSE_train": [0.8822721175179407], "R2_train": 0.8788573967064421, "MAE_train": 0.8517685259132453, "MSE_test": 17.840037605750165, "R2_test": -0.7784850922733622, "MAE_test": 2.5425237481293776}