{"MSE_train": [3.4451756357085515], "R2_train": 0.5269514506619494, "MAE_train": 1.3850586850146116, "MSE_test": 15.885390110520083, "R2_test": -0.5836249968105762, "MAE_test": 2.6538189321261605}