{"MSE_train": [201.8625905490856], "R2_train": 0.022043497088407693, "MAE_train": 12.36112079768514, "MSE_test": 183.69808247517227, "R2_test": -0.10729785679156412, "MAE_test": 11.761072569715292}