{"MSE_train": [1013.6800059523279], "R2_train": -0.3511566725042803, "MAE_train": 25.181323794346035, "MSE_test": 1085.7816114193527, "R2_test": -0.4042189129518938, "MAE_test": 26.39800145835935}