{"MSE_train": [0.0004173007133109221], "R2_train": -0.07032452808706613, "MAE_train": 0.01298775261415624, "MSE_test": 0.0004178208655523947, "R2_test": -0.07540398240693857, "MAE_test": 0.01303011516236057}