{"MSE_train": [92.788752873241], "R2_train": 0.5504696337116646, "MAE_train": 7.919749316384784, "MSE_test": 86.42264236841987, "R2_test": 0.479060394189205, "MAE_test": 7.6345057762083}