{"MSE_train": [78.69955238650454], "R2_train": 0.6187270815099412, "MAE_train": 7.349509275598808, "MSE_test": 58.58018716569143, "R2_test": 0.6468895329498839, "MAE_test": 6.217964816459559}