{"MSE_train": [33.558464898706305], "R2_train": 0.8374205003207866, "MAE_train": 3.0692733494800493, "MSE_test": 61.1333791631631, "R2_test": 0.6314993667125208, "MAE_test": 4.191104307727152, "BATCH_SIZE": 32, "NUM_CORES": 16, "TOLERANCE": 1e-06, "MAX_ITER": 500, "NUM_QUBITS": 5}