{"MSE_train": [4.240806965246113], "R2_train": 0.9794547135357072, "MAE_train": 1.6733576054284924, "MSE_test": 4.104128659467675, "R2_test": 0.975261076177866, "MAE_test": 1.6125817222571954}