{"MSE_train": [0.0009701651981391771], "R2_train": -1.4883533019295987, "MAE_train": 0.026928101234532525, "MSE_test": 0.0009677649881586009, "R2_test": -1.4908720652900342, "MAE_test": 0.02690021500197438}