{"MSE_train": [208.59143162107216], "R2_train": -0.010555479599190676, "MAE_train": 12.649518933815123, "MSE_test": 192.14896965243037, "R2_test": -0.15823823207082133, "MAE_test": 12.07465698152425}