{"MSE_train": [208.90832492258625], "R2_train": -0.012090721290590078, "MAE_train": 12.664711510623722, "MSE_test": 192.38317814365672, "R2_test": -0.1596499972720853, "MAE_test": 12.087826013173437}