Time,Iteration,Cost,Parameters
Mon Apr  1 22:00:39 2024,0,0.14829497434213593,[-2.49771559  2.2374346  -2.12427964 -0.11653101  0.55388706 -2.77010899
  3.06858494  2.18960145  1.18551998 -1.06648312  0.60271512  1.14432443
  1.31029899 -1.87354676]
Mon Apr  1 22:01:15 2024,1,0.1479976853026355,[-2.45785305  2.23743459 -2.12427964 -0.116531    0.55388706 -2.77010899
  3.06858494  2.18960145  1.18551998 -1.06648313  0.60271512  1.14432443
  1.31029899 -1.87354676]
Mon Apr  1 22:01:32 2024,2,0.1479954805874834,[-2.45387986  2.23743459 -2.12427964 -0.116531    0.55388706 -2.770109
  3.06858494  2.18960145  1.18551998 -1.06648313  0.60271512  1.14432443
  1.31029898 -1.87354676]
Mon Apr  1 22:01:50 2024,3,0.14799546371738664,[-2.45419978  2.23743459 -2.12427963 -0.116531    0.55388706 -2.770109
  3.06858494  2.18960145  1.18551998 -1.06648313  0.60271512  1.14432443
  1.31029898 -1.87354676]
