Time,Iteration,Cost,Parameters
Fri Apr  5 03:29:07 2024,0,0.29636229383267687,[-1.57267775  2.23743464 -2.12427959 -0.11653103  0.55388708 -2.77010892
  3.06858498  2.1896015   1.18552008 -1.06648308  0.6027152   1.1443245
  1.31029908 -1.8735467 ]
Fri Apr  5 03:29:50 2024,1,0.296337176900741,[-1.58019186  2.23743464 -2.12427959 -0.11653103  0.55388708 -2.77010892
  3.06858498  2.1896015   1.18552008 -1.06648308  0.6027152   1.1443245
  1.31029908 -1.8735467 ]
