Time,Iteration,Cost,Parameters
Thu Apr  4 14:37:33 2024,0,0.32750283975187355,[ 1.5760501   2.23743478 -2.12427935 -0.11653088  0.55388722 -2.77010897
  3.06858498  2.1896016   1.18552013 -1.06648337  0.60271496  1.14432445
  1.31029884 -1.87354666  0.72965066  2.88578405 -0.54534321 -0.47522485
 -2.0265424   0.7289737 ]
Thu Apr  4 14:37:45 2024,1,0.3055546771124342,[ 1.3194697   2.23743477 -2.12427936 -0.11653089  0.55388722 -2.77010897
  3.06858498  2.18960159  1.18552012 -1.06648336  0.60271497  1.14432445
  1.31029885 -1.87354666  0.72965067  2.88578406 -0.54534321 -0.47522485
 -2.0265424   0.7289737 ]
Thu Apr  4 14:37:51 2024,2,0.30537243087460597,[ 1.34022137  2.23743477 -2.12427936 -0.11653089  0.55388722 -2.77010897
  3.06858498  2.18960159  1.18552012 -1.06648336  0.60271497  1.14432445
  1.31029885 -1.87354666  0.72965067  2.88578406 -0.54534321 -0.47522485
 -2.0265424   0.7289737 ]
Thu Apr  4 14:37:57 2024,3,0.30537202500787775,[ 1.34125351  2.23743478 -2.12427936 -0.11653089  0.55388722 -2.77010897
  3.06858498  2.18960159  1.18552012 -1.06648336  0.60271497  1.14432445
  1.31029885 -1.87354666  0.72965066  2.88578406 -0.54534321 -0.47522485
 -2.0265424   0.7289737 ]
