{"MSE_train": [0.4084722802514615], "R2_train": 0.18663552836488317, "MAE_train": 0.5521618164223433, "MSE_test": 0.4776672188512392, "R2_test": 0.10916737889819428, "MAE_test": 0.612764987183964}