{"MSE_train": [0.8409420160489148], "R2_train": -0.6745135266910154, "MAE_train": 0.8155231747465603, "MSE_test": 0.9881537672730796, "R2_test": -0.8428721415476668, "MAE_test": 0.8905959625293137}