{"MSE_train": [0.2019495131433593], "R2_train": 0.5978709768170865, "MAE_train": 0.3579468315457346, "MSE_test": 0.2698516351626938, "R2_test": 0.49673615861955, "MAE_test": 0.4672501530676551, "BATCH_SIZE": 32, "NUM_CORES": 16, "TOLERANCE": 1e-06, "MAX_ITER": 1000, "NUM_QUBITS": 5}