{"MSE_train": [787.0561469312992], "R2_train": -0.04908467989625742, "MAE_train": 21.02914073583638, "MSE_test": 794.9124069985064, "R2_test": -0.028043783674195355, "MAE_test": 21.331069801341688}