{"MSE_train": [781.0157992098572], "R2_train": -0.041033365793041066, "MAE_train": 20.87267683035189, "MSE_test": 790.8099358138662, "R2_test": -0.022738142496701697, "MAE_test": 21.22176549829006}