{"MSE_train": [786.279211883477], "R2_train": -0.04804908585493961, "MAE_train": 20.80189329671617, "MSE_test": 807.3438564412596, "R2_test": -0.044121120257654134, "MAE_test": 21.271994069136912}