{"MSE_train": [7.603859881998934], "R2_train": 0.9631618508481332, "MAE_train": 2.006678478505781, "MSE_test": 66.60073021276868, "R2_test": 0.5985431920046351, "MAE_test": 3.9515334282546015}