Time,Iteration,Cost,Parameters
Mon Nov  4 15:28:44 2024,355,0.1058874678338953,[-2.89362792  2.22196313 -2.13298863 -0.1237071   0.55449617 -2.7786103
  3.06731536  2.1910244   1.1883687  -1.06630343  0.61970213  1.15265644
  1.30524182 -1.87161254  0.72394501  2.88616589 -0.54608112 -0.46836484
 -2.02943185  0.71228911  1.58229899  2.83212622 -1.26041109 -0.24313546
 -2.37816146 -2.26511704  3.13949184  2.54931992 -0.68369564 -2.69658223
  1.51549507 -0.05770604 -2.33247589  2.042736    1.15736841 -0.65674109
  1.0553405  -1.93884929 -0.31739066  2.31425281 -0.20979023  0.56822307
  2.70409271  1.06656473  2.56878963  2.94695872  2.75345145 -2.95572567]
