{"MSE_train": [208.51976496375818], "R2_train": -0.010208278696975492, "MAE_train": 12.601936767449175, "MSE_test": 189.47142069575506, "R2_test": -0.14209846522496017, "MAE_test": 12.027761985023698}