{"MSE_train": [0.5939551034453092], "R2_train": -0.18270443857627394, "MAE_train": 0.6702961301569011, "MSE_test": 0.7852505493130157, "R2_test": -0.4644647517333642, "MAE_test": 0.8194140663808607}