{"MSE_train": [2.5043452833003577], "R2_train": 0.6561345404199757, "MAE_train": 1.0427119759906858, "MSE_test": 14.87511653230113, "R2_test": -0.4829101587767737, "MAE_test": 2.37849557127715}