{"MSE_train": [5.942959683573188], "R2_train": 0.1839868980988454, "MAE_train": 1.9662982494083328, "MSE_test": 14.556025547530183, "R2_test": -0.45109976846060973, "MAE_test": 2.9234536534415}