{"MSE_train": [783.5804078693492], "R2_train": -0.04445178983444209, "MAE_train": 20.37740566300553, "MSE_test": 795.6284788644934, "R2_test": -0.028969864615957963, "MAE_test": 20.760695867897137, "BATCH_SIZE": 25, "NUM_CORES": 16, "TOLERANCE": 1e-06, "MAX_ITER": 1000}