{"MSE_train": [761.1945509161096], "R2_train": -0.014613182172766859, "MAE_train": 20.157288826048717, "MSE_test": 775.1148974527141, "R2_test": -0.0024400738294443336, "MAE_test": 20.537302155299702}