Time,Iteration,Cost,Parameters
Mon Nov  4 16:35:16 2024,270,0.10693605343977722,[-2.90717764  2.23966183 -2.12789956 -0.12133134  0.54433744 -2.77101422
  3.06539099  2.19019301  1.19114188 -1.06123028  0.60111403  1.13840565
  1.31165968 -1.88168898  0.74286084  2.89010407 -0.54996191 -0.48345856
 -2.02643035  0.72722876  1.608392    2.84423984 -1.25602895 -0.24906705
 -2.39044775 -2.27824973  3.13404252  2.5406643  -0.67863083 -2.67081098
  1.51180894 -0.02634641 -2.34295083  2.04297751  1.15482104 -0.64953756
  1.05098074 -1.93889533 -0.32821976  2.3182717  -0.20266959  0.55728318
  2.68330629  1.07958339  2.60321252  2.9414012   2.7683659  -2.9501125 ]
