{"MSE_train": [0.0002401998723129488], "R2_train": 0.38391714468895066, "MAE_train": 0.012823909121834936, "MSE_test": 0.0002363492328860917, "R2_test": 0.3916749323935931, "MAE_test": 0.012772285981945871}