{"MSE_train": [27.91505588461542], "R2_train": 0.8647609229761575, "MAE_train": 3.066918740678406, "MSE_test": 66.02155745992053, "R2_test": 0.6020343375805695, "MAE_test": 4.200193012283623, "BATCH_SIZE": 32, "NUM_CORES": 16, "TOLERANCE": 1e-06, "MAX_ITER": 500, "NUM_QUBITS": 5}