{"MSE_train": [27.91505588461542], "R2_train": 0.8647609229761575, "MAE_train": 3.066918740678406, "MSE_test": 66.02155745992053, "R2_test": 0.6020343375805695, "MAE_test": 4.200193012283623}