{"MSE_train": [82.61210445933652], "R2_train": 0.5997720798318276, "MAE_train": 6.105398362546444, "MSE_test": 92.11868206241495, "R2_test": 0.4447257268896, "MAE_test": 6.901795907645325}