{"MSE_train": [86.49530246144869], "R2_train": 0.5809592887746582, "MAE_train": 6.358529468209833, "MSE_test": 96.50395659735044, "R2_test": 0.41829210804857053, "MAE_test": 6.740969013241731}