{"MSE_train": [623.8500272015941], "R2_train": -2.0223440077918706, "MAE_train": 22.449042861461713, "MSE_test": 528.8326402489625, "R2_test": -2.187704744976007, "MAE_test": 20.860294810115843, "hyperparameters": {"alpha": 0.001, "beta": 0.001}}