Time,Iteration,Cost,Parameters
Thu Apr  4 18:41:13 2024,0,0.9832558896945492,[-7.72371319  2.23743432 -2.12427932 -0.11653071  0.55388708 -2.77010929
  3.06858467  2.18960177  1.1855203  -1.0664834   0.60271542  1.14432476
  1.31029899 -1.8735468 ]
Thu Apr  4 18:41:55 2024,1,0.9761303964072643,[-7.8541612   2.23743431 -2.12427932 -0.11653071  0.55388708 -2.77010929
  3.06858466  2.18960177  1.18552031 -1.06648341  0.60271542  1.14432477
  1.31029899 -1.8735468 ]
Thu Apr  4 18:42:17 2024,2,0.9755477640415952,[-7.90465906  2.23743433 -2.1242793  -0.11653068  0.55388708 -2.77010929
  3.06858466  2.18960177  1.18552028 -1.06648341  0.60271544  1.14432478
  1.31029899 -1.8735468 ]
Thu Apr  4 18:42:38 2024,3,0.9755474067554794,[-7.90344173  2.23743434 -2.12427929 -0.11653067  0.55388708 -2.77010928
  3.06858467  2.18960176  1.18552028 -1.06648341  0.60271545  1.14432478
  1.31029899 -1.8735468 ]
