{"MSE_train": [210.40582567221782], "R2_train": -0.019345609837465583, "MAE_train": 12.676795047780118, "MSE_test": 186.73564397939415, "R2_test": -0.12560771227931578, "MAE_test": 12.018223003198624}