{"MSE_train": [23.928288542909844], "R2_train": 0.884075472724138, "MAE_train": 4.23468449093852, "MSE_test": 36.5203497359336, "R2_test": 0.7798621278622048, "MAE_test": 5.718767735123213}