{"MSE_train": [1315.3971997826127], "R2_train": -0.753322244735394, "MAE_train": 28.259844112735752, "MSE_test": 1315.6390404239874, "R2_test": -0.7014887743090727, "MAE_test": 28.321809560846276}