Time,Iteration,Cost,Parameters
Wed Mar 19 09:57:30 2025,997,0.1292608486948458,[-3.62131081  2.66775628 -1.97887312 -0.06364822  0.38996056 -2.93156437
  3.26548118  2.26851851  1.24135464 -1.28683     1.32209869  1.11960493
  1.31713782 -2.00504509  0.7061011   2.84947111 -0.68561504 -0.40730515
 -2.36949589  0.97616578]
Wed Mar 19 09:58:15 2025,998,0.12519805625914573,[-3.62320233  2.66586476 -1.98076463 -0.0617567   0.39185207 -2.92967286
  3.26737269  2.26662699  1.24324615 -1.28872151  1.32399021  1.11771342
  1.31902934 -2.00693661  0.70420959  2.8475796  -0.68750655 -0.40919667
 -2.3713874   0.97805729]
Wed Mar 19 09:59:00 2025,999,0.1287626223390289,[-3.6225616   2.66650548 -1.98012391 -0.06111598  0.39121135 -2.92903214
  3.26673197  2.26598627  1.24260543 -1.28936223  1.32463093  1.1170727
  1.31838861 -2.00757733  0.70356887  2.84693888 -0.68686583 -0.40855594
 -2.37202813  0.97869801]
