{"MSE_train": [8.713806878183169], "R2_train": -0.1964712800741475, "MAE_train": 2.627965953785317, "MSE_test": 10.186406672312858, "R2_test": -0.015489586451493231, "MAE_test": 2.7994175365841607, "hyperparameters": {"alpha": 0.001, "beta": 0.001}}