Time,Iteration,Cost,Parameters
Thu Mar 28 06:45:53 2024,0,0.36310551600501895,[-3.05187504  2.23743464 -2.12427963 -0.11653102  0.55388708 -2.77010897
  3.06858499  2.18960145  1.18551998 -1.06648308  0.60271511  1.14432445
  1.31029899 -1.87354679]
Thu Mar 28 06:46:10 2024,1,0.35946842417856395,[-3.16931046  2.23743464 -2.12427963 -0.11653102  0.55388708 -2.77010897
  3.06858499  2.18960145  1.18551998 -1.06648308  0.60271511  1.14432445
  1.31029899 -1.87354679]
Thu Mar 28 06:46:28 2024,2,0.359455819560087,[-3.16276962  2.23743464 -2.12427963 -0.11653102  0.55388708 -2.77010897
  3.06858499  2.18960145  1.18551998 -1.06648308  0.60271511  1.14432445
  1.31029899 -1.87354679]
Thu Mar 28 06:46:45 2024,3,0.3594558193371771,[-3.16279702  2.23743464 -2.12427963 -0.11653102  0.55388708 -2.77010897
  3.06858499  2.18960145  1.18551998 -1.06648308  0.6027151   1.14432445
  1.31029899 -1.87354679]
