{"MSE_train": [884.8420674622589], "R2_train": -0.17942571279277986, "MAE_train": 22.396984208550883, "MSE_test": 896.9054648491476, "R2_test": -0.15994929700891336, "MAE_test": 22.578535591311407}