{"MSE_train": [743.7507217650406], "R2_train": 0.008638086485086016, "MAE_train": 20.456455181048536, "MSE_test": 764.0733487670183, "R2_test": 0.01183973283670936, "MAE_test": 20.875130980689995}