{"MSE_train": [0.19794221627375697], "R2_train": 0.6058504482735647, "MAE_train": 0.3814782686292238, "MSE_test": 0.24313260331122705, "R2_test": 0.5465662165305525, "MAE_test": 0.4348337965870641}