{"MSE_train": [0.0003952549174828186], "R2_train": -0.013779798439221835, "MAE_train": 0.012281639593097811, "MSE_test": 0.00039349224406822587, "R2_test": -0.012786007605808614, "MAE_test": 0.012265612535756445}