{"MSE_train": [0.1807100436813308], "R2_train": 0.6401637606656208, "MAE_train": 0.35790302568491544, "MSE_test": 0.2164267290632902, "R2_test": 0.5963717359721408, "MAE_test": 0.39657086365510535, "hyperparameters": {"alpha": 0.001, "beta": 0.001}}