{"MSE_train": [923.7577935836023], "R2_train": -0.23129735148097064, "MAE_train": 22.49469270871185, "MSE_test": 928.986425373114, "R2_test": -0.2014389400822827, "MAE_test": 22.71951523520108}