{"MSE_train": [2.609138742104768], "R2_train": 0.6417456096630832, "MAE_train": 1.0343912229782042, "MSE_test": 5.36049291358589, "R2_test": 0.46560893285467797, "MAE_test": 1.6322642145758972, "hyperparameters": {"alpha": 0.001, "beta": 0.001}}