{"MSE_train": [768.4968955746142], "R2_train": -0.024346640120371577, "MAE_train": 20.222528627087136, "MSE_test": 784.840416437849, "R2_test": -0.015017886488609467, "MAE_test": 20.635468899962845}