{"MSE_train": [0.1958202717513023], "R2_train": 0.6100757393613294, "MAE_train": 0.37181210551478766, "MSE_test": 0.2226364947079907, "R2_test": 0.5847907406947167, "MAE_test": 0.39996036683725694}