{"MSE_train": [4.391806230864695], "R2_train": 0.39697194391162605, "MAE_train": 1.3645818630173303, "MSE_test": 3.592703186578487, "R2_test": 0.6418410544026336, "MAE_test": 1.5701882349835734, "hyperparameters": {"alpha": 0.001, "beta": 0.001}}