{"MSE_train": [108.81463100892165], "R2_train": 0.47282963268410116, "MAE_train": 7.642998890861911, "MSE_test": 114.88685828125745, "R2_test": 0.30748339757141363, "MAE_test": 8.141407763982468, "hyperparameters": {"alpha": 0.001, "beta": 0.001}}