Time,Iteration,Cost,Parameters
Fri Mar 15 11:41:27 2024,0,0.18016116638276802,[-1.70080101  2.23743464 -2.12427961 -0.11653103  0.55388708 -2.770109
  3.06858496  2.18960143  1.18551998 -1.06648313]
Fri Mar 15 11:41:35 2024,1,0.174176078047965,[-1.5865693   2.23743464 -2.12427961 -0.11653103  0.55388708 -2.770109
  3.06858496  2.18960143  1.18551998 -1.06648313]
Fri Mar 15 11:41:40 2024,2,0.1741745119450677,[-1.58467852  2.23743464 -2.12427961 -0.11653102  0.55388708 -2.770109
  3.06858496  2.18960143  1.18551999 -1.06648313]
Fri Mar 15 11:41:44 2024,3,0.1741745118099371,[-1.58469592  2.23743464 -2.12427961 -0.11653102  0.55388708 -2.77010899
  3.06858496  2.18960143  1.18551999 -1.06648313]
