{"MSE_train": [993.9903755267687], "R2_train": -0.3249119252739707, "MAE_train": 24.4180706300081, "MSE_test": 997.8987177623601, "R2_test": -0.290561783285856, "MAE_test": 24.78353451287844}