Time,Iteration,Cost,Parameters
Wed Mar 12 16:48:08 2025,999,0.14418614865699386,[-1.50806344  2.45084545 -2.42263544 -0.07745805  0.31928681 -2.35721355
  2.89617835  2.06039004  1.26552659 -0.85488338]
