{"MSE_train": [45.90449499854318], "R2_train": 0.7776081280113081, "MAE_train": 6.070993943421847, "MSE_test": 93.39513879228551, "R2_test": 0.4370314832577218, "MAE_test": 8.006546081928544, "hyperparameters": {"alpha": 0.001, "beta": 0.001}}