{"MSE_train": [1459.2067851362372], "R2_train": -0.9450092462345256, "MAE_train": 31.62747109482595, "MSE_test": 1481.0698439285, "R2_test": -0.915437012723423, "MAE_test": 32.08474388445698}