{"MSE_train": [792.915435867894], "R2_train": -0.05689465670977145, "MAE_train": 20.89993228271834, "MSE_test": 820.3124174852836, "R2_test": -0.06089309217195504, "MAE_test": 21.50152595397241}