{"MSE_train": [160.68993206689294], "R2_train": 0.22151120923503964, "MAE_train": 11.717667463039964, "MSE_test": 160.64806244174207, "R2_test": 0.03164337459265276, "MAE_test": 11.904031966870976, "hyperparameters": {"alpha": 0.001, "beta": 0.001}}