{"MSE_train": [0.001220420700483272], "R2_train": -2.130227600016556, "MAE_train": 0.030165191930657916, "MSE_test": 0.0012046865545003922, "R2_test": -2.1006702275364377, "MAE_test": 0.02997984800083827}