{"MSE_train": [8.96404201506438], "R2_train": -0.23083044808524944, "MAE_train": 2.6618896767975904, "MSE_test": 10.451276075466359, "R2_test": -0.04189459160439801, "MAE_test": 2.9276134225383372, "hyperparameters": {"alpha": 0.001, "beta": 0.001}}