Time,Iteration,Cost,Parameters
Wed Mar 27 19:09:42 2024,0,0.3676743993547964,[-1.72105752  2.23743478 -2.12427949 -0.11653088  0.55388723]
Wed Mar 27 19:09:46 2024,1,0.3664965165719887,[-1.61089203  2.2374348  -2.12427947 -0.11653086  0.55388724]
Wed Mar 27 19:09:48 2024,2,0.36644709119284313,[-1.58291793  2.2374348  -2.12427947 -0.11653086  0.55388724]
Wed Mar 27 19:09:50 2024,3,0.36644708007144505,[-1.58333143  2.2374348  -2.12427947 -0.11653086  0.55388724]
