{"MSE_train": [0.09340546881519234], "R2_train": 0.8140077222769452, "MAE_train": 0.25497817430405945, "MSE_test": 0.10477451873336094, "R2_test": 0.804599194869623, "MAE_test": 0.28807783757189503, "hyperparameters": {"alpha": 0.001, "beta": 0.001}}