{"MSE_train": [0.000818616569270691], "R2_train": -1.099649881346064, "MAE_train": 0.017965036490412593, "MSE_test": 0.0008260249156437905, "R2_test": -1.126055822215259, "MAE_test": 0.017989131785028083}