{"MSE_train": [760.9720920841612], "R2_train": -0.014316661837572742, "MAE_train": 20.152855126431383, "MSE_test": 775.0357839176075, "R2_test": -0.002337757929912865, "MAE_test": 20.539522379163554}