{"MSE_train": [27.602254591897054], "R2_train": 0.8662763402582849, "MAE_train": 3.7101970428906355, "MSE_test": 31.23010760567119, "R2_test": 0.8117507229624814, "MAE_test": 3.57551805875167, "BATCH_SIZE": 32, "NUM_CORES": 16, "TOLERANCE": 1e-06, "MAX_ITER": 500, "NUM_QUBITS": 5}