{"MSE_train": [107.41134020495743], "R2_train": 0.47962810566257585, "MAE_train": 7.4837719068576565, "MSE_test": 49.007209587309454, "R2_test": 0.7045936603573582, "MAE_test": 5.361528256381311}