{"MSE_train": [120.4926372092305], "R2_train": 0.4162536119683814, "MAE_train": 8.20558544140278, "MSE_test": 71.09085291678218, "R2_test": 0.571477567911595, "MAE_test": 6.886899244182336, "MAX_ITER": 1000}