{"MSE_train": [688.3263562980322], "R2_train": 0.08251445849630046, "MAE_train": 19.86376214997868, "MSE_test": 702.3671866052822, "R2_test": 0.09164303678096875, "MAE_test": 20.198242468762878}