{"MSE_train": [541.1698973251916], "R2_train": 0.2670297551907136, "MAE_train": 17.560578939597953, "MSE_test": 567.0692607249529, "R2_test": 0.2666210474657935, "MAE_test": 17.825863198868248}