{"MSE_train": [43.39323169894534], "R2_train": 0.7897743558779209, "MAE_train": 4.278398067633366, "MSE_test": 72.62839921881218, "R2_test": 0.5622095249248877, "MAE_test": 5.847992125259209}