{"MSE_train": [0.45239429126730035], "R2_train": 0.09917646440818828, "MAE_train": 0.5802831803021945, "MSE_test": 0.5715696559056199, "R2_test": -0.0659573749632445, "MAE_test": 0.6539484517462058}