{"MSE_train": [0.11544266499700136], "R2_train": 0.7701264767302411, "MAE_train": 0.2856568965788865, "MSE_test": 0.1634571792023781, "R2_test": 0.6951580899000093, "MAE_test": 0.35354234585372374}