{"MSE_train": [1449.6610011628816], "R2_train": -0.9322854580231101, "MAE_train": 30.713894971619762, "MSE_test": 1423.338760864714, "R2_test": -0.8407745964043691, "MAE_test": 30.604585731272316}