{"MSE_train": [88.55756300920861], "R2_train": 0.5709683285482292, "MAE_train": 6.822966051777153, "MSE_test": 102.85588144281007, "R2_test": 0.3800038871095788, "MAE_test": 6.734792390087033, "hyperparameters": {"alpha": 0.001, "beta": 0.001}}