{"MSE_train": [1171.5469367930825], "R2_train": -0.5615810231087537, "MAE_train": 26.27036635750308, "MSE_test": 1251.0310819046495, "R2_test": -0.6179326371209783, "MAE_test": 27.3757423325517}