Time,Iteration,Cost,Parameters
Fri Apr  5 02:11:00 2024,0,0.3277804659447844,[-1.79022485  2.23743461 -2.12427961 -0.116531    0.55388708 -2.77010905
  3.06858493  2.18960143  1.18552001 -1.06648311  0.60271508  1.14432445
  1.31029896 -1.8735468 ]
Fri Apr  5 02:11:46 2024,1,0.29804496255189095,[-1.62992113  2.23743461 -2.12427961 -0.116531    0.55388708 -2.77010906
  3.06858493  2.18960142  1.18552001 -1.06648311  0.60271507  1.14432445
  1.31029896 -1.8735468 ]
Fri Apr  5 02:12:02 2024,2,0.29630242551350694,[-1.57906925  2.23743461 -2.12427961 -0.116531    0.55388708 -2.77010905
  3.06858493  2.18960142  1.18552001 -1.06648311  0.60271507  1.14432445
  1.31029896 -1.8735468 ]
Fri Apr  5 02:12:17 2024,3,0.29629956482435066,[-1.58105113  2.23743461 -2.1242796  -0.116531    0.55388708 -2.77010905
  3.06858493  2.18960142  1.18552001 -1.06648311  0.60271507  1.14432445
  1.31029896 -1.8735468 ]
