{"MSE_train": [5.95386922796167], "R2_train": 0.1824889355295587, "MAE_train": 2.008479120727425, "MSE_test": 11.069678705323357, "R2_test": -0.10354355684362027, "MAE_test": 2.836022517415275}