{"MSE_train": [8.21219299659036], "R2_train": -0.12759591808799287, "MAE_train": 2.5479908947039727, "MSE_test": 9.938187548637814, "R2_test": 0.009255541380016163, "MAE_test": 2.782281014287087}