{"MSE_train": [747.0291758897034], "R2_train": 0.004268161913203339, "MAE_train": 20.159229038859774, "MSE_test": 756.4853722646851, "R2_test": 0.021653105989789534, "MAE_test": 20.458273511576813}