{"MSE_train": [193.2451023625074], "R2_train": 0.06379233518616656, "MAE_train": 12.576626101631165, "MSE_test": 169.18972253811205, "R2_test": -0.019844162951081934, "MAE_test": 11.370995999839524, "hyperparameters": {"alpha": 0.001, "beta": 0.001}}