{"MSE_train": [711.5295983537411], "R2_train": 0.051586340013930476, "MAE_train": 20.23075494937223, "MSE_test": 733.7170788399668, "R2_test": 0.051098869213605624, "MAE_test": 20.401511494947272}