{"MSE_train": [1390.57052706188], "R2_train": -0.8535224481046089, "MAE_train": 29.413604937513416, "MSE_test": 1387.2800812452608, "R2_test": -0.7941406514515539, "MAE_test": 29.325958513078533}