{"MSE_train": [0.173624743411048], "R2_train": 0.9761600157192288, "MAE_train": 0.3367357244123532, "MSE_test": 9.582719978816437, "R2_test": 0.044692337405053184, "MAE_test": 1.6727961467328174, "BATCH_SIZE": 32, "NUM_CORES": 16, "TOLERANCE": 1e-06, "MAX_ITER": 1000, "NUM_QUBITS": 5}