{"MSE_train": [105.84338584798357], "R2_train": 0.4872243182916727, "MAE_train": 9.119355477918244, "MSE_test": 153.35025128468465, "R2_test": 0.07563322219801039, "MAE_test": 9.880858314852311, "hyperparameters": {"alpha": 0.001, "beta": 0.001}}