Time,Iteration,Cost,Parameters
Thu Apr  4 13:43:31 2024,0,0.21552581051359607,[-2.96597762  2.0901379  -1.90704909 -0.11653103  0.55388708 -2.77010897
  3.06858498  2.18960145  1.18551999 -1.06648308  0.6027151   1.14432445
  1.31029899 -1.8735468   0.72965081]
Thu Apr  4 13:43:37 2024,1,0.19570448671612817,[-2.99317708  1.85401703 -1.70780386 -0.11653103  0.55388708 -2.77010897
  3.06858498  2.18960145  1.18551999 -1.06648309  0.6027151   1.14432444
  1.31029898 -1.8735468   0.7296508 ]
Thu Apr  4 13:43:43 2024,2,0.18727729335626547,[-2.97189992  1.77420542 -1.75538504 -0.11653103  0.55388708 -2.77010897
  3.06858498  2.18960145  1.18551999 -1.06648309  0.6027151   1.14432444
  1.31029898 -1.8735468   0.7296508 ]
Thu Apr  4 13:43:52 2024,3,0.1750862867833341,[-2.93179141  1.53453261 -1.82716537 -0.11653102  0.55388709 -2.77010897
  3.06858498  2.18960146  1.18552    -1.06648308  0.60271511  1.14432444
  1.31029898 -1.8735468   0.7296508 ]
Thu Apr  4 13:43:58 2024,4,0.1711887277649159,[-2.90664955  1.33582356 -1.8934825  -0.11653102  0.55388709 -2.77010896
  3.06858498  2.18960146  1.18552    -1.06648308  0.60271511  1.14432444
  1.31029898 -1.87354679  0.7296508 ]
Thu Apr  4 13:44:04 2024,5,0.17097558370533153,[-2.90254928  1.28672429 -1.91499231 -0.11653102  0.5538871  -2.77010896
  3.06858499  2.18960147  1.18552    -1.06648308  0.60271511  1.14432444
  1.31029898 -1.87354679  0.72965081]
Thu Apr  4 13:44:10 2024,6,0.1709728433535217,[-2.9017144   1.27963131 -1.91694667 -0.11653102  0.5538871  -2.77010897
  3.06858499  2.18960146  1.18552    -1.06648309  0.6027151   1.14432444
  1.31029898 -1.87354679  0.72965081]
Thu Apr  4 13:44:18 2024,7,0.17097283988369893,[-2.90173245  1.27958538 -1.91705033 -0.11653102  0.5538871  -2.77010897
  3.06858499  2.18960146  1.18552    -1.06648309  0.6027151   1.14432444
  1.31029898 -1.87354679  0.7296508 ]
