{"MSE_train": [0.1607285439851266], "R2_train": 0.6799516305618969, "MAE_train": 0.3401901396162757, "MSE_test": 0.1845935355500194, "R2_test": 0.6557395261329717, "MAE_test": 0.3718372906303122}