{"MSE_train": [755.4839876407278], "R2_train": -0.007001445107832849, "MAE_train": 19.78024389351913, "MSE_test": 782.1941797561594, "R2_test": -0.011595563290744737, "MAE_test": 20.47426660137341}