{"MSE_train": [0.05091755415443326], "R2_train": 0.8986111627788361, "MAE_train": 0.18944132605030511, "MSE_test": 0.050303435668398136, "R2_test": 0.9061858555948739, "MAE_test": 0.19370485690348765}