{"MSE_train": [88.3267818001017], "R2_train": 0.5720863860525047, "MAE_train": 8.397005006456766, "MSE_test": 190.81648653726378, "R2_test": -0.15020627181432644, "MAE_test": 10.46571785438465}