{"MSE_train": [207.0338852756475], "R2_train": -0.0030096902929555025, "MAE_train": 12.577920816037013, "MSE_test": 190.83608308386357, "R2_test": -0.1503243961505094, "MAE_test": 12.019785782092123}