{"MSE_train": [0.13203514191353902], "R2_train": 0.7370869490246417, "MAE_train": 0.30094066335198244, "MSE_test": 0.10825488260657949, "R2_test": 0.7981084382315107, "MAE_test": 0.29330156479620334}