Time,Iteration,Cost,Parameters
Thu Apr  4 22:11:50 2024,0,0.2545063957369744,[-2.81117483  2.23743464 -2.12427964 -0.11653103  0.55388708]
Thu Apr  4 22:11:54 2024,1,0.2526188516316879,[-2.59875513  2.23743464 -2.12427962 -0.11653102  0.55388708]
Thu Apr  4 22:11:56 2024,2,0.2525539452304661,[-2.54572681  2.23743464 -2.12427962 -0.11653101  0.55388708]
Thu Apr  4 22:11:58 2024,3,0.2525523384518158,[-2.55296353  2.23743464 -2.12427962 -0.11653102  0.55388708]
