{"MSE_train": [33.593628269058925], "R2_train": 0.8372501455928151, "MAE_train": 3.1001371211333195, "MSE_test": 64.3997539693614, "R2_test": 0.6118102672203136, "MAE_test": 4.179391280037038}