{"MSE_train": [214.7514009720338], "R2_train": -0.04039846372082856, "MAE_train": 12.414016427940396, "MSE_test": 247.89962565336828, "R2_test": -0.4942928118071437, "MAE_test": 13.11644626336176}