{"MSE_train": [0.34113013288274674], "R2_train": 0.32072959731763884, "MAE_train": 0.49399011516172264, "MSE_test": 0.2396853872469725, "R2_test": 0.5529951536667652, "MAE_test": 0.4633592456839729}