{"MSE_train": [775.8914477615942], "R2_train": -0.03420300353777228, "MAE_train": 20.742351356715737, "MSE_test": 786.147980603006, "R2_test": -0.01670893219365821, "MAE_test": 20.88852116487865}