{"MSE_train": [888.6754815309811], "R2_train": -0.18453535584286618, "MAE_train": 22.9953964353542, "MSE_test": 891.0924803415824, "R2_test": -0.15243148431032738, "MAE_test": 23.299889977969944}