{"MSE_train": [0.5020903129070822], "R2_train": 0.0002199859942192406, "MAE_train": 0.618661012148503, "MSE_test": 0.5747962307184354, "R2_test": -0.07197482389891596, "MAE_test": 0.6784682717375621}