{"MSE_train": [0.3233125936195579], "R2_train": 0.9556067470670477, "MAE_train": 0.41855552746890456, "MSE_test": 3.0861172956513947, "R2_test": 0.6923429353336166, "MAE_test": 0.9716645063876534}