{"MSE_train": [791.8305757559423], "R2_train": -0.05544862248754168, "MAE_train": 20.88287578504491, "MSE_test": 818.3863080866008, "R2_test": -0.058402094702851626, "MAE_test": 21.465258293761472}