{"MSE_train": [663.8487303502658], "R2_train": 0.11514123167144763, "MAE_train": 19.53807079782562, "MSE_test": 670.2696793980739, "R2_test": 0.1331540793377246, "MAE_test": 19.68812051174357}