{"MSE_train": [780.0847053786188], "R2_train": -0.03979229007346663, "MAE_train": 20.763478115356392, "MSE_test": 777.9244816553634, "R2_test": -0.0060736509994736565, "MAE_test": 20.81850240928186}