{"MSE_train": [0.07626901765655422], "R2_train": 0.8481304307597978, "MAE_train": 0.23307002133083127, "MSE_test": 0.07926416870467615, "R2_test": 0.8521751035449788, "MAE_test": 0.2493776036230464}