{"MSE_train": [0.06211592719414499], "R2_train": 0.876312565760182, "MAE_train": 0.20519115648703154, "MSE_test": 0.09899807139875642, "R2_test": 0.8153720666863612, "MAE_test": 0.2900896830217334, "BATCH_SIZE": 32, "NUM_CORES": 16, "TOLERANCE": 1e-06, "MAX_ITER": 1000, "NUM_QUBITS": 5}