{"MSE_train": [6.08886218427759], "R2_train": 0.16395338642889057, "MAE_train": 1.877313273982122, "MSE_test": 13.035755537542391, "R2_test": -0.2995430504342931, "MAE_test": 2.805007931795841, "hyperparameters": {"alpha": 0.001, "beta": 0.001}}