{"MSE_train": [1395.6970584941016], "R2_train": -0.8603557161090829, "MAE_train": 29.23985945322535, "MSE_test": 1369.6413092300818, "R2_test": -0.7713287922300822, "MAE_test": 28.605408201768565}