{"MSE_train": [1079.5918954285542], "R2_train": -0.4390120990099069, "MAE_train": 25.088054937466453, "MSE_test": 1051.1941698726234, "R2_test": -0.35948768978534384, "MAE_test": 24.91864199726601}