{"MSE_train": [1079.6241925409101], "R2_train": -0.43905514855079386, "MAE_train": 25.0890160992187, "MSE_test": 1051.2475274647857, "R2_test": -0.35955669605628815, "MAE_test": 24.91969704422432}