{"MSE_train": [81.96911013277942], "R2_train": 0.6028871715448653, "MAE_train": 6.134861543354879, "MSE_test": 112.48046084322846, "R2_test": 0.32198871352145, "MAE_test": 6.874026808513456}