{"MSE_train": [144.359133358489], "R2_train": 0.3006284481012492, "MAE_train": 10.101884324137085, "MSE_test": 145.671770686518, "R2_test": 0.12191767435561351, "MAE_test": 9.756547317239868, "hyperparameters": {"alpha": 0.001, "beta": 0.001}}