{"MSE_train": [946.5232978280059], "R2_train": -0.26164199947849376, "MAE_train": 23.7498194015772, "MSE_test": 1002.1597178337461, "R2_test": -0.29607244659549514, "MAE_test": 24.983323687152716}