Time,Iteration,Cost,Parameters
Thu Apr  4 23:59:55 2024,0,0.1457395165136664,[-3.06460429  1.93907068 -1.6289086  -0.11653103  0.55388708 -2.77010898
  3.06858498  2.18960145  1.18551998 -1.06648309  0.6027151   1.14432444
  1.31029898 -1.8735468   0.7296508 ]
Fri Apr  5 00:00:04 2024,1,0.11011606756781145,[-3.10597033  1.67846664 -1.4745941  -0.11653103  0.55388708 -2.77010898
  3.06858499  2.18960145  1.18551999 -1.06648309  0.6027151   1.14432445
  1.31029898 -1.8735468   0.7296508 ]
Fri Apr  5 00:00:11 2024,2,0.08542364039413063,[-3.13352877  1.41643921 -1.50439754 -0.11653103  0.55388708 -2.77010897
  3.06858499  2.18960146  1.18551999 -1.06648309  0.6027151   1.14432445
  1.31029899 -1.8735468   0.7296508 ]
Fri Apr  5 00:00:18 2024,3,0.0718162223040888,[-3.20992767  1.04149528 -1.56639393 -0.11653103  0.55388708 -2.77010897
  3.068585    2.18960146  1.18551999 -1.06648308  0.6027151   1.14432445
  1.31029899 -1.8735468   0.7296508 ]
Fri Apr  5 00:00:26 2024,4,0.07089225783186007,[-3.19152947  1.02286255 -1.53843737 -0.11653103  0.55388709 -2.77010897
  3.068585    2.18960146  1.18551999 -1.06648309  0.6027151   1.14432445
  1.31029899 -1.8735468   0.7296508 ]
Fri Apr  5 00:00:34 2024,5,0.07082892942068075,[-3.19263744  0.99381765 -1.53469932 -0.11653103  0.55388708 -2.77010897
  3.068585    2.18960146  1.18551999 -1.06648309  0.6027151   1.14432445
  1.31029899 -1.8735468   0.7296508 ]
Fri Apr  5 00:00:42 2024,6,0.0708286358975212,[-3.1930445   0.99236272 -1.53494985 -0.11653103  0.55388709 -2.77010897
  3.068585    2.18960146  1.18551999 -1.06648309  0.6027151   1.14432445
  1.31029899 -1.8735468   0.7296508 ]
Fri Apr  5 00:00:49 2024,7,0.07082863584682814,[-3.19303896  0.99236623 -1.53494362 -0.11653103  0.55388709 -2.77010897
  3.068585    2.18960146  1.18551999 -1.06648309  0.6027151   1.14432445
  1.31029899 -1.8735468   0.7296508 ]
