{"MSE_train": [3.7662940004501593], "R2_train": 0.9817535695960391, "MAE_train": 1.4743098781260624, "MSE_test": 2.9366383348477627, "R2_test": 0.9822984905964472, "MAE_test": 1.3582359617378466}