{"MSE_train": [783.350271697411], "R2_train": -0.044145036201665544, "MAE_train": 20.61966511437578, "MSE_test": 800.3687407256972, "R2_test": -0.035100347291148415, "MAE_test": 21.02894916741508}