{"MSE_train": [1.0605582983975501], "R2_train": 0.8543773619709198, "MAE_train": 0.7500233301924888, "MSE_test": 1.7980028433648538, "R2_test": 0.8207559129943298, "MAE_test": 1.062891846889941}