{"MSE_train": [0.4601820954388339], "R2_train": 0.08366911291477075, "MAE_train": 0.5916293547310085, "MSE_test": 0.5335775355213268, "R2_test": 0.004896597943980452, "MAE_test": 0.6510553551429041}