{"MSE_train": [0.1452798905047044], "R2_train": 0.7107135365297687, "MAE_train": 0.3104936394712597, "MSE_test": 0.12387317436051173, "R2_test": 0.7689808715256589, "MAE_test": 0.30718884637291743}