{"MSE_train": [2018.778632408848], "R2_train": -1.6908750330196023, "MAE_train": 37.423169611688, "MSE_test": 2028.176263646741, "R2_test": -1.6229984356521756, "MAE_test": 38.14061790727162}