{"MSE_train": [1389.6639879656736], "R2_train": -0.8523141019386267, "MAE_train": 30.036940454536058, "MSE_test": 1375.4508349735079, "R2_test": -0.7788421317805059, "MAE_test": 29.998970841042716}