{"MSE_train": [794.2654325718839], "R2_train": -0.05869409740480758, "MAE_train": 21.11860731813643, "MSE_test": 797.9046584353142, "R2_test": -0.03191360060209503, "MAE_test": 21.331601546964116}