{"MSE_train": [888.1801676648845], "R2_train": -0.1838751409513517, "MAE_train": 22.71777911809589, "MSE_test": 914.051682739723, "R2_test": -0.18212414616303207, "MAE_test": 23.178345657084837}