{"MSE_train": [741.4724639625639], "R2_train": 0.011674827087076567, "MAE_train": 20.002372944980394, "MSE_test": 752.7768929268263, "R2_test": 0.026449205656374652, "MAE_test": 20.315458833091363}