{"MSE_train": [0.16164118834181518], "R2_train": 0.6781343407949835, "MAE_train": 0.34010459970471907, "MSE_test": 0.2681549997544094, "R2_test": 0.49990032418956964, "MAE_test": 0.42939639046175915, "BATCH_SIZE": 32, "NUM_CORES": 16, "TOLERANCE": 1e-06, "MAX_ITER": 1000, "NUM_QUBITS": 5}