Time,Iteration,Cost,Parameters
Mon Mar 18 18:44:33 2024,0,0.18506972219119625,[-3.74431282  2.2374347  -2.1242795  -0.11653103  0.55388708 -2.77010911
  3.06858498  2.18960145  1.18552012 -1.06648308  0.60271517  1.14432452
  1.31029912 -1.8735466 ]
