{"MSE_train": [761.5370880386878], "R2_train": -0.015069757537807371, "MAE_train": 20.153033376087862, "MSE_test": 775.4214004643807, "R2_test": -0.0028364678384535935, "MAE_test": 20.533697523217654}