{"MSE_train": [761.2371389619595], "R2_train": -0.014669948728268656, "MAE_train": 20.156302659220106, "MSE_test": 775.0250081087102, "R2_test": -0.002323821799021575, "MAE_test": 20.536126177693962}