{"MSE_train": [58.350769555283975], "R2_train": 0.7173101049517656, "MAE_train": 5.014153598163299, "MSE_test": 77.60513085589793, "R2_test": 0.5322107127363247, "MAE_test": 5.135573915606555}