{"MSE_train": [2.0405713948176256], "R2_train": 0.7198141865006327, "MAE_train": 1.2157919311540182, "MSE_test": 17.34582819394239, "R2_test": -0.7292170306927059, "MAE_test": 2.716844295442553}