{"MSE_train": [1104.7965193674452], "R2_train": -0.4726079040105191, "MAE_train": 25.176893000828436, "MSE_test": 1087.4734958073443, "R2_test": -0.4064069920565312, "MAE_test": 25.403051916326405}