{"MSE_train": [989.0261343212686], "R2_train": -0.31829497752976565, "MAE_train": 24.604614263705624, "MSE_test": 1023.4582914465803, "R2_test": -0.32361745156840493, "MAE_test": 25.22268364037047}