{"MSE_train": [986.0810504104458], "R2_train": -0.31436940954595705, "MAE_train": 24.44584074439025, "MSE_test": 1018.294595168962, "R2_test": -0.3169393499156312, "MAE_test": 24.979564350282963}