{"MSE_train": [1119.2312731706481], "R2_train": -0.49184830907190813, "MAE_train": 25.331046764577664, "MSE_test": 1096.5612525978856, "R2_test": -0.41816000005314247, "MAE_test": 25.49903552904424}