{"MSE_train": [760.1119955444085], "R2_train": -0.013170219990184417, "MAE_train": 20.144241280867888, "MSE_test": 773.6943900840026, "R2_test": -0.0006029610139817176, "MAE_test": 20.52431116293564}