{"MSE_train": [0.09353135887254944], "R2_train": 0.8137570455359842, "MAE_train": 0.2511504839001182, "MSE_test": 0.11625038255734851, "R2_test": 0.7831971110625823, "MAE_test": 0.29022363959410524}