{"MSE_train": [7.512170491554531], "R2_train": 0.9636060551724174, "MAE_train": 1.4173463984192505, "MSE_test": 55.4942441014923, "R2_test": 0.6654910234778557, "MAE_test": 3.0640861506628694, "MAX_ITER": 1000}