{"MSE_train": [17.17778674364459], "R2_train": 0.9167793883657168, "MAE_train": 2.108309710569873, "MSE_test": 59.022142904265664, "R2_test": 0.644225506001284, "MAE_test": 3.6027104164594603}