{"MSE_train": [4.072072311372665], "R2_train": 0.9802721763036882, "MAE_train": 1.2067332774138335, "MSE_test": 53.48202419288342, "R2_test": 0.6776203106330282, "MAE_test": 2.8360310573830456}