Time,Iteration,Cost,Parameters
Fri Mar 22 03:00:17 2024,0,0.4019619828723463,[-4.43042718  2.23743432 -2.12427932 -0.11653134  0.55388739 -2.77010897
  3.06858467  2.18960177  1.18551998 -1.0664834   0.60271542  1.14432445
  1.31029899 -1.87354617]
Fri Mar 22 03:00:28 2024,1,0.4009791668322513,[-4.39657816  2.23743433 -2.12427933 -0.11653133  0.55388739 -2.77010897
  3.06858468  2.18960176  1.18551998 -1.06648339  0.60271541  1.14432445
  1.31029899 -1.87354619]
Fri Mar 22 03:00:34 2024,2,0.40097091407259655,[-4.39317942  2.23743433 -2.12427933 -0.11653133  0.55388738 -2.77010897
  3.06858468  2.18960176  1.18551998 -1.06648339  0.6027154   1.14432446
  1.31029899 -1.87354618]
