{"MSE_train": [758.1867007018159], "R2_train": -0.010603951584147175, "MAE_train": 20.166002191815718, "MSE_test": 779.7241878764182, "R2_test": -0.008401173851936505, "MAE_test": 20.73618688428804}