{"MSE_train": [0.0006896696504990364], "R2_train": -0.7689170415013349, "MAE_train": 0.020017916112850205, "MSE_test": 0.0006957431273552986, "R2_test": -0.790731367379069, "MAE_test": 0.02015292908818268}