{"MSE_train": [1091.8984010688173], "R2_train": -0.45541571466121034, "MAE_train": 24.997629432968353, "MSE_test": 1146.0969615023607, "R2_test": -0.4822235083853701, "MAE_test": 25.730033568156262, "BATCH_SIZE": 25, "NUM_CORES": 16, "TOLERANCE": 1e-06, "MAX_ITER": 1000}