{"MSE_train": [4.522018718629811], "R2_train": 0.3790927891293421, "MAE_train": 1.688589337008343, "MSE_test": 8.238495606627582, "R2_test": 0.17869894991565893, "MAE_test": 2.4052067565452546, "BATCH_SIZE": 32, "NUM_CORES": 16, "TOLERANCE": 1e-06, "MAX_ITER": 1000, "NUM_QUBITS": 5}