{"MSE_train": [5.930844162868535], "R2_train": 0.18565045029467786, "MAE_train": 2.0039573193619376, "MSE_test": 10.643193876675545, "R2_test": -0.0610270035384628, "MAE_test": 2.806253959015577}