{"MSE_train": [0.000572782202586143], "R2_train": -0.4691152474088953, "MAE_train": 0.015039835993614274, "MSE_test": 0.0005591895123922706, "R2_test": -0.439264235288489, "MAE_test": 0.014819503929142308}