Time,Iteration,Cost,Parameters
Thu Apr  4 13:09:58 2024,0,0.2798022669486347,[-0.05921017  2.23743464 -2.12427964 -0.11653103  0.55388708]
Thu Apr  4 13:10:03 2024,1,0.27973684858217857,[-0.00801549  2.23743464 -2.12427964 -0.11653103  0.55388708]
