{"MSE_train": [750.8916953121126], "R2_train": -0.0008802763115030032, "MAE_train": 20.001841698923144, "MSE_test": 778.6889346066819, "R2_test": -0.007062302198769688, "MAE_test": 20.637747910205917}