{"MSE_train": [864.9630370512391], "R2_train": -0.15292851010056463, "MAE_train": 22.35175734705693, "MSE_test": 879.0720359637593, "R2_test": -0.13688569208111434, "MAE_test": 22.62295748427018}