{"MSE_train": [792.3211528760341], "R2_train": -0.05610252366473545, "MAE_train": 20.62560200025452, "MSE_test": 808.1735391655383, "R2_test": -0.045194131773900637, "MAE_test": 21.135350733000553}