{"MSE_train": [792.2185983945127], "R2_train": -0.05596582651061466, "MAE_train": 20.623430849665763, "MSE_test": 808.0663395392338, "R2_test": -0.04505549271321385, "MAE_test": 21.132914492263232}