{"MSE_train": [0.22824294764629877], "R2_train": 0.9686605251234117, "MAE_train": 0.37297942370116216, "MSE_test": 9.118300127074573, "R2_test": 0.0909906581335077, "MAE_test": 1.6144512915230358}