{"MSE_train": [0.4694540190358497], "R2_train": 0.0652065302570558, "MAE_train": 0.5954927704593789, "MSE_test": 0.5736455374149736, "R2_test": -0.06982882121932565, "MAE_test": 0.6678916111408293}