{"MSE_train": [0.4763132179455377], "R2_train": 0.05154825045020073, "MAE_train": 0.604831411109694, "MSE_test": 0.6097893768652692, "R2_test": -0.13723581496619452, "MAE_test": 0.7087300139762496}