{"MSE_train": [1950.6756163528116], "R2_train": -1.6000990050606303, "MAE_train": 37.72174360686955, "MSE_test": 2008.1280501060667, "R2_test": -1.5970704955133548, "MAE_test": 38.78626320135429}