{"MSE_train": [812.5764090396262], "R2_train": -0.08310120604775162, "MAE_train": 21.503849001477185, "MSE_test": 841.079719383621, "R2_test": -0.08775101441886624, "MAE_test": 21.877220621507067}