{"MSE_train": [3.033126699480865], "R2_train": 0.5835288714234619, "MAE_train": 1.2897282266681618, "MSE_test": 14.106505798572803, "R2_test": -0.4062868487868596, "MAE_test": 2.5061701457941346}