{"MSE_train": [0.06907773598735065], "R2_train": 0.8624499655190482, "MAE_train": 0.21504072673220706, "MSE_test": 0.09808125079457235, "R2_test": 0.8170819049789484, "MAE_test": 0.2822345334212177, "hyperparameters": {"alpha": 0.001, "beta": 0.001}}