{"MSE_train": [0.41742320468513816], "R2_train": 0.1688121306103002, "MAE_train": 0.5503388090834523, "MSE_test": 0.4974459654861807, "R2_test": 0.07228070966163369, "MAE_test": 0.6248984108958592, "hyperparameters": {"alpha": 0.001, "beta": 0.001}}