{"MSE_train": [1.3164680944156324], "R2_train": 0.8192390205426887, "MAE_train": 0.6738130248360722, "MSE_test": 3.4421441864072775, "R2_test": 0.6568503802364409, "MAE_test": 1.0967902321750869}