{"MSE_train": [910.150937400268], "R2_train": -0.21316046960901747, "MAE_train": 23.489089668099552, "MSE_test": 939.6228638850322, "R2_test": -0.2151948261350598, "MAE_test": 23.99073761144054}