{"MSE_train": [9.690749262310099e-05], "R2_train": 0.7514443110174126, "MAE_train": 0.007370232642152368, "MSE_test": 9.525728372398137e-05, "R2_test": 0.7548230097733325, "MAE_test": 0.007391110725865487}