{"MSE_train": [788.6168024139234], "R2_train": -0.05116491237242937, "MAE_train": 20.673495979851822, "MSE_test": 803.4081277343441, "R2_test": -0.03903112367972916, "MAE_test": 21.113726754721654}