{"MSE_train": [0.0001104195159035946], "R2_train": 0.7161750441704443, "MAE_train": 0.007736459584168085, "MSE_test": 0.00011372018571606022, "R2_test": 0.7092656027506168, "MAE_test": 0.007798397244735261}