{"MSE_train": [8.890451763492493e-05], "R2_train": 0.7714777085890205, "MAE_train": 0.006283148616207585, "MSE_test": 9.153585403335854e-05, "R2_test": 0.7659815521622242, "MAE_test": 0.006334409231773611}