{"MSE_train": [1.454992165075142], "R2_train": 0.9870369108571413, "MAE_train": 0.839304052330806, "MSE_test": 1.9658798918645712, "R2_test": 0.9881500418423503, "MAE_test": 1.1287135659715004}