{"MSE_train": [206.77984416548617], "R2_train": -0.0017789463744644074, "MAE_train": 12.5723070679263, "MSE_test": 192.67516352044896, "R2_test": -0.16141003078784166, "MAE_test": 12.047617704461913}