{"MSE_train": [206.65713283337578], "R2_train": -0.0011844511542660197, "MAE_train": 12.56701052977302, "MSE_test": 195.36636861659514, "R2_test": -0.177632114301163, "MAE_test": 12.090136432555493, "BATCH_SIZE": 32, "NUM_CORES": 16, "TOLERANCE": 1e-06, "MAX_ITER": 500, "NUM_QUBITS": 5}