{"MSE_train": [53.59887980493564], "R2_train": 0.7403314159823603, "MAE_train": 4.146082189824368, "MSE_test": 74.75293251871062, "R2_test": 0.549403233547416, "MAE_test": 5.230916745877945}