{"MSE_train": [2.124894905983199], "R2_train": 0.7082359336479993, "MAE_train": 1.2163982680776118, "MSE_test": 3.5914376925847216, "R2_test": 0.6419672123318942, "MAE_test": 1.5935426484366773}