{"MSE_train": [230.902466709488], "R2_train": -0.11864495666403285, "MAE_train": 11.991548266949817, "MSE_test": 102.34366039879706, "R2_test": 0.3830914602436958, "MAE_test": 8.193346719449824}