{"MSE_train": [335.83120009498555], "R2_train": -0.6269894541635415, "MAE_train": 15.864354964453758, "MSE_test": 199.36890121775852, "R2_test": -0.20175863598984511, "MAE_test": 11.51155365367271}