{"MSE_train": [839.7918943556344], "R2_train": -0.11937733299534803, "MAE_train": 21.47762944963236, "MSE_test": 858.7416857419216, "R2_test": -0.11059287040482779, "MAE_test": 21.80365461477014, "BATCH_SIZE": 25, "NUM_CORES": 16, "TOLERANCE": 1e-06, "MAX_ITER": 1000}