{"MSE_train": [709.7642070710953], "R2_train": 0.05393946940103622, "MAE_train": 20.12716928087195, "MSE_test": 727.1150738013565, "R2_test": 0.05963710585449089, "MAE_test": 20.486959627047128}