{"MSE_train": [0.3877449354518618], "R2_train": 0.2279085514472493, "MAE_train": 0.5442356357680568, "MSE_test": 0.3940547352892742, "R2_test": 0.2651017301552644, "MAE_test": 0.5699624283843889}