{"MSE_train": [0.129990591599545], "R2_train": 0.7411581300233852, "MAE_train": 0.2979752434050621, "MSE_test": 0.17541620959886503, "R2_test": 0.6728549173700633, "MAE_test": 0.3624182336899013}