{"MSE_train": [851.2595845254754], "R2_train": -0.1346628728108792, "MAE_train": 22.01756326908701, "MSE_test": 844.2846605244121, "R2_test": -0.09189589854424174, "MAE_test": 21.895201582911966}