Time,Iteration,Cost,Parameters
Thu Mar 28 03:51:30 2024,0,0.33630576858816885,[-2.5667322   2.23743465 -2.12427962 -0.11653101  0.5538871 ]
Thu Mar 28 03:51:32 2024,1,0.30535316916162936,[-1.8398683   2.23743469 -2.12427958 -0.11653098  0.55388713]
Thu Mar 28 03:51:34 2024,2,0.3029633557046766,[-1.47738683  2.2374347  -2.12427957 -0.11653096  0.55388715]
Thu Mar 28 03:51:36 2024,3,0.30263222657571814,[-1.5719251   2.2374347  -2.12427957 -0.11653096  0.55388714]
Thu Mar 28 03:51:38 2024,4,0.30263218435964634,[-1.57086829  2.2374347  -2.12427957 -0.11653096  0.55388715]
