Time,Iteration,Cost,Parameters
Wed Mar 19 10:48:34 2025,996,0.10503759526631223,[-3.89621514  3.14611872 -1.88335659 -0.24030837  0.48374809 -2.8847244
  3.01226595  2.39591296  1.26952869 -0.82962886  1.16519967  1.0023331
  1.28158781 -2.10437005  0.70128587  3.14126208 -0.58223927 -0.31580242
 -2.09178377  0.85198007]
Wed Mar 19 10:49:32 2025,997,0.10229842727568862,[-3.89728049  3.14505337 -1.88229125 -0.23924302  0.48268274 -2.88365905
  3.0133313   2.39484761  1.26846334 -0.83069421  1.16626502  1.00339844
  1.28265315 -2.10330471  0.70022052  3.14232743 -0.58330461 -0.31686776
 -2.09284912  0.85304541]
Wed Mar 19 10:50:26 2025,998,0.10237779381243854,[-3.89678738  3.14554648 -1.88179814 -0.23973613  0.48218963 -2.88316594
  3.01382441  2.39435451  1.26895645 -0.83118731  1.16675813  1.00290534
  1.28314626 -2.1028116   0.70071363  3.14183432 -0.58379772 -0.31637466
 -2.09334223  0.85353852]
Wed Mar 19 10:51:19 2025,999,0.10692351633730746,[-3.89646357  3.14522267 -1.88147433 -0.24005994  0.48251344 -2.88284214
  3.0135006   2.39467832  1.26928025 -0.8308635   1.16643432  1.00258153
  1.28347007 -2.10248779  0.70103743  3.14215813 -0.58347391 -0.31669847
 -2.09301842  0.85321471]
