{"MSE_train": [0.5897807152238991], "R2_train": -0.17439224890206395, "MAE_train": 0.6694770425539591, "MSE_test": 0.632481757281065, "R2_test": -0.17955630908228404, "MAE_test": 0.6679460592667736, "hyperparameters": {"alpha": 0.001, "beta": 0.001}}