{"MSE_train": [9.49457123305756], "R2_train": -0.30367610342772666, "MAE_train": 2.7664413609980074, "MSE_test": 10.429459383348112, "R2_test": -0.0397196712061072, "MAE_test": 2.7357178288630206}