{"MSE_train": [0.16627200508169535], "R2_train": 0.6689132944890923, "MAE_train": 0.342562177807158, "MSE_test": 0.17439686999329646, "R2_test": 0.6747559500069803, "MAE_test": 0.371939181497303, "BATCH_SIZE": 32, "NUM_CORES": 16, "TOLERANCE": 1e-06, "MAX_ITER": 1000, "NUM_QUBITS": 5}