{"MSE_train": [0.16627200508169535], "R2_train": 0.6689132944890923, "MAE_train": 0.342562177807158, "MSE_test": 0.17439686999329646, "R2_test": 0.6747559500069803, "MAE_test": 0.371939181497303}