{"MSE_train": [0.12062842971316941], "R2_train": 0.759800398358917, "MAE_train": 0.2914017003171958, "MSE_test": 0.1306915573441088, "R2_test": 0.7562648262430007, "MAE_test": 0.31347542894943237}