{"MSE_train": [3.736446669434261], "R2_train": 0.4869577451045246, "MAE_train": 1.3235909313897138, "MSE_test": 6.288999677252103, "R2_test": 0.3730454823873376, "MAE_test": 1.8802913804729315, "hyperparameters": {"alpha": 0.001, "beta": 0.001}}