{"MSE_train": [0.19786082520104692], "R2_train": 0.6060125170602395, "MAE_train": 0.3740217168896524, "MSE_test": 0.23149845318827905, "R2_test": 0.5682634987372793, "MAE_test": 0.41247334258115587}