{"MSE_train": [1266.7788378833604], "R2_train": -0.6885177465696366, "MAE_train": 28.03029439261863, "MSE_test": 1250.416801025847, "R2_test": -0.6171382003587353, "MAE_test": 27.89760681314473, "BATCH_SIZE": 25, "NUM_CORES": 16, "TOLERANCE": 1e-06, "MAX_ITER": 1000}