{"MSE_train": [3.4379097333545703], "R2_train": 0.5279491137513308, "MAE_train": 1.502576203135836, "MSE_test": 6.8441908385859715, "R2_test": 0.3176981100546714, "MAE_test": 2.0055853975382636}