{"MSE_train": [871.0127938906796], "R2_train": -0.1609923658268686, "MAE_train": 23.027210635158966, "MSE_test": 884.9918854433027, "R2_test": -0.1445417110388647, "MAE_test": 23.36148495087849}