{"MSE_train": [1.478409591722762], "R2_train": 0.7970032339009971, "MAE_train": 0.7820713782369539, "MSE_test": 3.195042695608467, "R2_test": 0.6814840905108273, "MAE_test": 1.3118812720184683}