{"MSE_train": [2.3552402522004963], "R2_train": 0.988589651434209, "MAE_train": 1.143022736923252, "MSE_test": 1.7886810598741238, "R2_test": 0.9892181634266652, "MAE_test": 1.1600962879415873, "hyperparameters": {"alpha": 0.001, "beta": 0.001}}