{"MSE_train": [10.549929295465452], "R2_train": 0.94888913328768, "MAE_train": 2.0575308211498964, "MSE_test": 10.4580280678713, "R2_test": 0.936960952940894, "MAE_test": 2.0194699914611953}