{"MSE_train": [752.3641819796758], "R2_train": -0.002842986609002063, "MAE_train": 20.052896446348242, "MSE_test": 777.0186163613778, "R2_test": -0.004902114140658664, "MAE_test": 20.646592127384288}