{"MSE_train": [140.1564804212638], "R2_train": 0.3209888911048798, "MAE_train": 10.8491588391182, "MSE_test": 138.09858218449898, "R2_test": 0.16756744535144052, "MAE_test": 10.3570257840626, "hyperparameters": {"alpha": 0.001, "beta": 0.001}}