{"MSE_train": [1389.662543809786], "R2_train": -0.8523121769910573, "MAE_train": 30.03631624751874, "MSE_test": 1375.3906742566066, "R2_test": -0.7787643271689699, "MAE_test": 29.997197498910435}