{"MSE_train": [0.633722626400669], "R2_train": 0.9129851128649696, "MAE_train": 0.6071879230513723, "MSE_test": 1.1583462213808524, "R2_test": 0.8845237026993139, "MAE_test": 0.6627737861709274}