{"MSE_train": [0.4137383728014704], "R2_train": 0.1761494983657781, "MAE_train": 0.54357358991704, "MSE_test": 0.5402759192660672, "R2_test": -0.007595652964138111, "MAE_test": 0.6353730136586325, "hyperparameters": {"alpha": 0.001, "beta": 0.001}}