{"MSE_train": [1073.9228985359725], "R2_train": -0.4314557667030252, "MAE_train": 25.353963925587486, "MSE_test": 1172.8606696728857, "R2_test": -0.5168364589073893, "MAE_test": 26.61034031204151}