{"MSE_train": [0.07614094420842786], "R2_train": 0.8483854551457896, "MAE_train": 0.22876757325105213, "MSE_test": 0.09949313994765384, "R2_test": 0.8144487811946334, "MAE_test": 0.27782437688433775}