{"MSE_train": [632.7506319263725], "R2_train": 0.15659258016496258, "MAE_train": 18.978870981322128, "MSE_test": 638.6530964498395, "R2_test": 0.1740431524919357, "MAE_test": 18.99387729714031}