{"MSE_train": [0.0005226099157088014], "R2_train": -0.3404295596970981, "MAE_train": 0.015944226594395434, "MSE_test": 0.0005210273265168584, "R2_test": -0.34104088157082835, "MAE_test": 0.015912073611748574}