{"MSE_train": [786.1996515142504], "R2_train": -0.047943038065581645, "MAE_train": 20.660649462322688, "MSE_test": 802.1746570697157, "R2_test": -0.03743590156726562, "MAE_test": 21.108924942567963}