{"MSE_train": [53.07080448964158], "R2_train": 0.7428897636544781, "MAE_train": 6.524256323215107, "MSE_test": 93.41434918714259, "R2_test": 0.4369156865723849, "MAE_test": 7.786701811366308}