{"MSE_train": [1647.6321141267233], "R2_train": -1.1961655668084195, "MAE_train": 34.83663358455382, "MSE_test": 1748.391123990619, "R2_test": -1.261158098206753, "MAE_test": 36.25501420736464}