{"MSE_train": [0.1401397407463985], "R2_train": 0.9807577586531201, "MAE_train": 0.2875149820270047, "MSE_test": 8.58061216558288, "R2_test": 0.1445931249522776, "MAE_test": 1.5679624683731923, "BATCH_SIZE": 32, "NUM_CORES": 16, "TOLERANCE": 1e-06, "MAX_ITER": 1000, "NUM_QUBITS": 5}