{"MSE_train": [3.518408098634988], "R2_train": 0.5168960822236205, "MAE_train": 1.4169057559373852, "MSE_test": 4.20619578507665, "R2_test": 0.5806815734216433, "MAE_test": 1.731977569745173}