{"MSE_train": [193.22627922477687], "R2_train": 0.06388352697112631, "MAE_train": 12.595034928988857, "MSE_test": 168.97268965770922, "R2_test": -0.018535929135653717, "MAE_test": 11.348426072316169}