{"MSE_train": [193.2273375544672], "R2_train": 0.06387839971896891, "MAE_train": 12.602065616700713, "MSE_test": 168.89944481925298, "R2_test": -0.018094422879568528, "MAE_test": 11.339806179858455}