{"MSE_train": [753.3328168587888], "R2_train": -0.004134101627991216, "MAE_train": 20.079731556429127, "MSE_test": 779.0517997483657, "R2_test": -0.007531588185421656, "MAE_test": 20.666726827839458}