{"MSE_train": [752.2673735990112], "R2_train": -0.0027139485607805547, "MAE_train": 20.0080706343799, "MSE_test": 780.3631514338103, "R2_test": -0.009227532212163325, "MAE_test": 20.66437885380563}