{"MSE_train": [750.735817913637], "R2_train": -0.0006725038529300509, "MAE_train": 19.986547111055312, "MSE_test": 776.763776987151, "R2_test": -0.0045725356459682676, "MAE_test": 20.58996836284678}