{"MSE_train": [657.8240864078031], "R2_train": 0.12317161385766184, "MAE_train": 19.382431433122267, "MSE_test": 672.1458496426642, "R2_test": 0.13072766714427497, "MAE_test": 19.611436828563505}