{"MSE_train": [0.3636085987879979], "R2_train": 0.2759696798688045, "MAE_train": 0.5240090554396637, "MSE_test": 0.38598503590185296, "R2_test": 0.2801514366728869, "MAE_test": 0.5537848197679504}