{"MSE_train": [3068.8637233211807], "R2_train": -3.090556854651771, "MAE_train": 47.43863941749723, "MSE_test": 3194.1521382191086, "R2_test": -3.130930931377403, "MAE_test": 48.090462336976664}