{"MSE_train": [88.70140548420292], "R2_train": 0.570271460032706, "MAE_train": 6.503037374154746, "MSE_test": 98.20071409688933, "R2_test": 0.408064369590885, "MAE_test": 6.3049761511798055, "hyperparameters": {"alpha": 0.001, "beta": 0.001}}