{"MSE_train": [1092.821821361983], "R2_train": -0.4566465621508622, "MAE_train": 26.021169864319543, "MSE_test": 1160.370949640526, "R2_test": -0.5006837621749523, "MAE_test": 26.95583632638591}