{"MSE_train": [0.8409261901209752], "R2_train": -0.6744820135427823, "MAE_train": 0.8156069525463494, "MSE_test": 0.984767520427497, "R2_test": -0.8365569098673296, "MAE_test": 0.8900032171727779}