{"MSE_train": [0.9859163706924422], "R2_train": 0.8646262605335138, "MAE_train": 0.7060928230594058, "MSE_test": 2.6556974451870485, "R2_test": 0.735251773553926, "MAE_test": 1.0694331978205756}