{"MSE_train": [0.47015856476943163], "R2_train": 0.9354436898026831, "MAE_train": 0.4686794662402642, "MSE_test": 0.7943053543361284, "R2_test": 0.9208151763679921, "MAE_test": 0.6628992256541785, "BATCH_SIZE": 32, "NUM_CORES": 16, "TOLERANCE": 1e-06, "MAX_ITER": 1000, "NUM_QUBITS": 5}