{"MSE_train": [3.7273656071029664], "R2_train": 0.48820464332293256, "MAE_train": 1.3837007889299902, "MSE_test": 17.329620405281077, "R2_test": -0.7276012655721456, "MAE_test": 2.750351354685595, "hyperparameters": {"alpha": 0.001, "beta": 0.001}}