Time,Iteration,Cost,Parameters
Fri Apr  5 03:37:29 2024,0,0.6226194522221654,[-0.18757299  2.23743464 -2.12427964 -0.11653103  0.55388708 -2.77010897
  3.06858498  2.18960145  1.18551998 -1.06648317]
Fri Apr  5 03:38:28 2024,1,0.3413678800395632,[-1.43437254  2.23743462 -2.12427962 -0.11653103  0.55388708 -2.77010898
  3.06858497  2.18960145  1.18551998 -1.06648313]
Fri Apr  5 03:38:56 2024,2,0.3411267180763732,[-1.45710642  2.23743462 -2.12427962 -0.11653103  0.55388708 -2.77010898
  3.06858497  2.18960145  1.18551998 -1.06648312]
Fri Apr  5 03:39:11 2024,3,0.3411256609747714,[-1.45872134  2.23743462 -2.12427962 -0.11653103  0.55388708 -2.77010898
  3.06858497  2.18960145  1.18551998 -1.06648312]
