{"MSE_train": [73.37151899746604], "R2_train": 0.6445396151070133, "MAE_train": 7.088834066324367, "MSE_test": 102.19663796741928, "R2_test": 0.3839776841006426, "MAE_test": 7.690880972274213}