{"MSE_train": [190.38354019250852], "R2_train": 0.07765564351399523, "MAE_train": 12.70263503291407, "MSE_test": 175.89947522537327, "R2_test": -0.06028930353228512, "MAE_test": 11.958977658690241, "MAX_ITER": 1000}