{"MSE_train": [791.5562732374569], "R2_train": -0.05508299854708709, "MAE_train": 20.878694121473544, "MSE_test": 817.8781109550745, "R2_test": -0.05774485385801498, "MAE_test": 21.455591594248194}