{"MSE_train": [0.046359755853837004], "R2_train": 0.9020794847753089, "MAE_train": 0.18450236201237316, "MSE_test": 0.034716821694914135, "R2_test": 0.9352543443504838, "MAE_test": 0.16509752568378025}