{"MSE_train": [920.2824337118869], "R2_train": -0.22666496685027027, "MAE_train": 22.81817883683218, "MSE_test": 941.1924758096934, "R2_test": -0.2172247727904677, "MAE_test": 23.254172814785658, "BATCH_SIZE": 25, "NUM_CORES": 16, "TOLERANCE": 1e-06, "MAX_ITER": 1000}