{"MSE_train": [904.20008413663], "R2_train": -0.20522844466323154, "MAE_train": 23.080578289509095, "MSE_test": 920.7925865951233, "R2_test": -0.19084201777237886, "MAE_test": 23.788858469552913}