{"MSE_train": [762.9116444249626], "R2_train": -0.01690193438073906, "MAE_train": 20.51656899151038, "MSE_test": 779.505596720932, "R2_test": -0.008118474429226197, "MAE_test": 20.847139304156823}