{"MSE_train": [0.11621257483270116], "R2_train": 0.7685934049968663, "MAE_train": 0.28654023513329213, "MSE_test": 0.1605979956242938, "R2_test": 0.700490367059831, "MAE_test": 0.3512688519930005, "hyperparameters": {"alpha": 0.001, "beta": 0.001}}