{"MSE_train": [0.5865012426828937], "R2_train": -0.1678620470266401, "MAE_train": 0.6633425114177905, "MSE_test": 0.5623215611215576, "R2_test": -0.04871000233320033, "MAE_test": 0.6923090238373002}