{"MSE_train": [0.22052701506247113], "R2_train": 0.5608787970210996, "MAE_train": 0.39459200580460735, "MSE_test": 0.3250579389992096, "R2_test": 0.39377833692456343, "MAE_test": 0.4753971064436298, "BATCH_SIZE": 32, "NUM_CORES": 16, "TOLERANCE": 1e-06, "MAX_ITER": 1000, "NUM_QUBITS": 5}