{"MSE_train": [88.55801841982029], "R2_train": 0.5709661222366585, "MAE_train": 6.823009599037837, "MSE_test": 102.84891277089528, "R2_test": 0.38004589296708124, "MAE_test": 6.734594454442711, "hyperparameters": {"alpha": 0.001, "beta": 0.001}}