{"MSE_train": [1213.2852399815883], "R2_train": -0.6172149376784455, "MAE_train": 27.347683767106034, "MSE_test": 1301.4238295657055, "R2_test": -0.6831045359605301, "MAE_test": 28.683946606451627}