{"MSE_train": [1060.0887605161465], "R2_train": -0.41301593580562845, "MAE_train": 24.9373084863233, "MSE_test": 1034.0673493521388, "R2_test": -0.33733792684898445, "MAE_test": 24.521589351942794}