{"MSE_train": [0.6033333132965011], "R2_train": 0.917157794318509, "MAE_train": 0.5759706266742076, "MSE_test": 0.9513956128238859, "R2_test": 0.905154745093352, "MAE_test": 0.5718577562711287, "BATCH_SIZE": 32, "NUM_CORES": 16, "TOLERANCE": 1e-06, "MAX_ITER": 1000, "NUM_QUBITS": 5}