{"MSE_train": [8.71380687223105], "R2_train": -0.19647127925687702, "MAE_train": 2.6279659527981023, "MSE_test": 10.186406704513733, "R2_test": -0.01548958966161984, "MAE_test": 2.7994175370610237, "hyperparameters": {"alpha": 0.001, "beta": 0.001}}