Time,Iteration,Cost,Parameters
Mon Apr  1 16:57:33 2024,0,0.3631055155161566,[-3.05187505  2.23743464 -2.12427964 -0.11653103  0.55388708 -2.77010897
  3.06858497  2.18960144  1.18551998 -1.06648309  0.6027151   1.14432445
  1.31029898 -1.87354681  0.7296508   2.88578419 -0.54534335 -0.47522485
 -2.0265424   0.7289737 ]
Mon Apr  1 16:57:40 2024,1,0.35946842400467954,[-3.16931042  2.23743463 -2.12427963 -0.11653103  0.55388708 -2.77010897
  3.06858497  2.18960145  1.18551998 -1.06648309  0.6027151   1.14432445
  1.31029899 -1.8735468   0.7296508   2.88578419 -0.54534335 -0.47522485
 -2.0265424   0.7289737 ]
Mon Apr  1 16:57:46 2024,2,0.35945581956011624,[-3.16276962  2.23743463 -2.12427963 -0.11653103  0.55388708 -2.77010897
  3.06858497  2.18960145  1.18551998 -1.06648309  0.6027151   1.14432446
  1.31029899 -1.8735468   0.7296508   2.88578419 -0.54534334 -0.47522485
 -2.0265424   0.7289737 ]
Mon Apr  1 16:57:53 2024,3,0.3594558193371771,[-3.16279703  2.23743463 -2.12427963 -0.11653102  0.55388709 -2.77010897
  3.06858497  2.18960145  1.18551998 -1.06648309  0.6027151   1.14432446
  1.31029899 -1.8735468   0.7296508   2.8857842  -0.54534334 -0.47522485
 -2.0265424   0.7289737 ]
