{"MSE_train": [2.179993761445979], "R2_train": 0.7006704460204014, "MAE_train": 1.2448611541986647, "MSE_test": 18.7047982983467, "R2_test": -0.8646936549543742, "MAE_test": 2.792575493296331}