Time,Iteration,Cost,Parameters
Mon Apr  1 19:51:15 2024,0,0.2574541193028422,[-1.92596474  2.23743464 -2.1242796  -0.11653103  0.55388708 -2.77010897
  3.06858495  2.18960145  1.18552002 -1.06648312  0.60271514  1.14432449
  1.31029899 -1.87354673]
Mon Apr  1 19:51:51 2024,1,0.2565881280383571,[-1.96351445  2.23743464 -2.1242796  -0.11653103  0.55388708 -2.77010897
  3.06858495  2.18960145  1.18552002 -1.06648312  0.60271514  1.14432449
  1.31029898 -1.87354673]
Mon Apr  1 19:52:10 2024,2,0.2565881117048131,[-1.96367587  2.23743464 -2.1242796  -0.11653102  0.55388708 -2.77010897
  3.06858495  2.18960145  1.18552002 -1.06648312  0.60271514  1.14432449
  1.31029898 -1.87354673]
