{"MSE_train": [0.29673034762040734], "R2_train": 0.9592566895482701, "MAE_train": 0.41738224816445274, "MSE_test": 1.0305087577167193, "R2_test": 0.8972679036020865, "MAE_test": 0.7055039299013204}