{"MSE_train": [2460.330853859726], "R2_train": -2.2794298301638394, "MAE_train": 40.29309759678892, "MSE_test": 2614.51278598271, "R2_test": -2.3812953393382834, "MAE_test": 41.25081492011081}