{"MSE_train": [1390.5577664058353], "R2_train": -0.8535054391417614, "MAE_train": 29.41350398920767, "MSE_test": 1387.276752032236, "R2_test": -0.7941363458491697, "MAE_test": 29.325945298607625}