{"MSE_train": [3.5521767944722527], "R2_train": 0.5122593860815469, "MAE_train": 1.5026383770458511, "MSE_test": 13.549737249093372, "R2_test": -0.3507822255916331, "MAE_test": 2.5254283477263146}