{"MSE_train": [0.8817648980697044], "R2_train": 0.878927041754926, "MAE_train": 0.8381239873089747, "MSE_test": 17.570360227388868, "R2_test": -0.7516007769071018, "MAE_test": 2.501816556093188}