{"MSE_train": [0.11073723085106643], "R2_train": 0.7794961038578545, "MAE_train": 0.27269182098195077, "MSE_test": 0.16032272804084752, "R2_test": 0.7010037314549336, "MAE_test": 0.3462622222450992, "BATCH_SIZE": 32, "NUM_CORES": 16, "TOLERANCE": 1e-06, "MAX_ITER": 1000, "NUM_QUBITS": 5}