{"MSE_train": [4.377250179943845], "R2_train": 0.41630373588120995, "MAE_train": 2.0381834458779404, "MSE_test": 13.994571839307085, "R2_test": -1.1657332235314253, "MAE_test": 2.6335585581408982}