{"MSE_train": [2.3276762615756392], "R2_train": 0.3288285601283808, "MAE_train": 1.3853938415890874, "MSE_test": 10.74840418944965, "R2_test": -0.4160594454479558, "MAE_test": 2.6897870949465568}