{"MSE_train": [3.118997487242487e-07], "R2_train": 0.9999999584088844, "MAE_train": 0.0003570196018935109, "MSE_test": 7.3027415965424165, "R2_test": -0.13013747616589644, "MAE_test": 1.401148612860964}