{"MSE_train": [0.038767944480722946], "R2_train": 0.9888214965510812, "MAE_train": 0.14404155518521294, "MSE_test": 6.705242738181714, "R2_test": 0.11661097349282845, "MAE_test": 1.4865139426531087}