{"MSE_train": [1.3938667581193307e-08], "R2_train": 0.9999999981413107, "MAE_train": 8.704491844524086e-05, "MSE_test": 3.732491841110723, "R2_test": 0.4223773560439479, "MAE_test": 1.2687576467853074}