{"MSE_train": [0.008340764674558307], "R2_train": 0.997594990708689, "MAE_train": 0.083643612979064, "MSE_test": 3.3512168756508367, "R2_test": 0.5584905231636121, "MAE_test": 1.1487940346008574}