{"MSE_train": [0.0], "R2_train": 1.0, "MAE_train": 0.0, "MSE_test": 3.222084897211141, "R2_test": 0.5755031470430156, "MAE_test": 1.1025542866646592}