{"MSE_train": [0.0], "R2_train": 1.0, "MAE_train": 0.0, "MSE_test": 3.730904832915024, "R2_test": 0.42262295386679716, "MAE_test": 1.2613777146430567}