{"MSE_train": [9.049417614614676], "R2_train": -0.20671906721336253, "MAE_train": 2.2585897799240775, "MSE_test": 28.73899735141176, "R2_test": -3.4475102267948943, "MAE_test": 3.570296836898553}