{"MSE_train": [0.018454028270831858], "R2_train": 0.9946788920218735, "MAE_train": 0.11286988792569283, "MSE_test": 0.11392287412988615, "R2_test": 0.9849911150417517, "MAE_test": 0.24959210607232749}