{"MSE_train": [2.121081044740584], "R2_train": 0.38839904741767073, "MAE_train": 1.2093798240900022, "MSE_test": 12.716001409802121, "R2_test": -0.6752825430918044, "MAE_test": 2.801277795078361}