{"MSE_train": [4.377250122626933], "R2_train": 0.41630374352428856, "MAE_train": 2.0381819792951665, "MSE_test": 13.994869577988954, "R2_test": -1.1657793001504642, "MAE_test": 2.6335871146026157}