{"MSE_train": [0.10899525744562881], "R2_train": 0.9685718735519341, "MAE_train": 0.22401678029105687, "MSE_test": 4.941191561164243, "R2_test": 0.3490176905682011, "MAE_test": 1.4620198316365511}