{"MSE_train": [0.2167808565639163], "R2_train": 0.9710927703678905, "MAE_train": 0.355369754474728, "MSE_test": 4.529529529145963, "R2_test": 0.29903160304733, "MAE_test": 1.241473621682573}