{"MSE_train": [4.377249748407953], "R2_train": 0.4163037934255305, "MAE_train": 2.038164515949095, "MSE_test": 13.99841532410357, "R2_test": -1.1663280229160344, "MAE_test": 2.6339271508982773}