{"MSE_train": [2.2876739153654846], "R2_train": 0.3403629958861861, "MAE_train": 1.36456493766914, "MSE_test": 10.946783017984812, "R2_test": -0.4421950660454632, "MAE_test": 2.7014801528897348}