{"MSE_train": [0.011137869523490636], "R2_train": 0.9967884623611175, "MAE_train": 0.09431265010202776, "MSE_test": 2.0409100992542593, "R2_test": 0.7311182225361496, "MAE_test": 0.8040723857661305}