{"MSE_train": [7.69114165252401], "R2_train": -0.025596085404530067, "MAE_train": 2.092172692368588, "MSE_test": 7.7495104963769395, "R2_test": -0.1992773012868425, "MAE_test": 2.0930056130663677}