Time,Iteration,Cost,Parameters
Wed Mar 13 13:58:11 2024,0,0.5733957185301483,[-0.55060572  2.23743445 -2.12427982 -0.11653121  0.5538869  -2.77010897
  3.06858498  2.18960145  1.1855198  -1.06648327]
Wed Mar 13 13:58:16 2024,1,0.46585592736088693,[-1.59142593  2.23743449 -2.12427973 -0.11653129  0.55388688 -2.77010897
  3.06858498  2.18960145  1.18551984 -1.06648323]
Wed Mar 13 13:58:27 2024,2,0.45903768802498285,[-1.43879275  2.23743448 -2.12427974 -0.11653129  0.55388687 -2.77010897
  3.06858498  2.18960145  1.18551983 -1.06648324]
Wed Mar 13 13:58:32 2024,3,0.4590361896058589,[-1.43655923  2.23743448 -2.12427973 -0.11653129  0.55388687 -2.77010896
  3.06858499  2.18960145  1.18551983 -1.06648326]
Wed Mar 13 13:58:37 2024,4,0.4590361866062372,[-1.4364548   2.23743448 -2.12427974 -0.11653129  0.55388687 -2.77010897
  3.06858499  2.18960145  1.18551983 -1.06648326]
