{"ridge": {"MSE_train": [534.6514537973811], "R2_train": 0.26798044113656283, "MAE_train": 17.076189942614768, "MSE_test": 626.5488591909049, "R2_test": 0.265100005295433, "MAE_test": 18.490166043060572}, "lasso": {"MSE_train": [537.4829874014957], "R2_train": 0.2641036388477648, "MAE_train": 17.005472490702974, "MSE_test": 630.8941178774326, "R2_test": 0.2600033068674079, "MAE_test": 18.49174456788033}, "elastic": {"MSE_train": [535.2252301638796], "R2_train": 0.2671948535921781, "MAE_train": 17.033812233375127, "MSE_test": 628.0181270909043, "R2_test": 0.26337665211061767, "MAE_test": 18.47476037793218}, "knn": {"MSE_train": [9.919952650814285], "R2_train": 0.9864180686093351, "MAE_train": 0.8375058571271898, "MSE_test": 267.156380450909, "R2_test": 0.686643396283253, "MAE_test": 10.578559574609029}, "rfr": {"MSE_train": [41.88456777719864], "R2_train": 0.942653624880874, "MAE_train": 4.154734272240325, "MSE_test": 189.28830316253038, "R2_test": 0.7779774538710079, "MAE_test": 9.109039856127945}, "grad": {"MSE_train": [36.437346959351], "R2_train": 0.9501117027590719, "MAE_train": 4.184563909971824, "MSE_test": 194.44080190025764, "R2_test": 0.7719339167397443, "MAE_test": 9.283822110290826}, "svr": {"MSE_train": [226.03119423789062], "R2_train": 0.6905287474293462, "MAE_train": 10.77336610049202, "MSE_test": 291.44942302705937, "R2_test": 0.6581492787077694, "MAE_test": 12.31453542648766}, "krr": {"MSE_train": [51.18389433965826], "R2_train": 0.9299214254645445, "MAE_train": 4.5258000462879115, "MSE_test": 203.32376937592753, "R2_test": 0.761514788757833, "MAE_test": 9.656020768516507}, "gpr": {"MSE_train": [64.96122525125291], "R2_train": 0.9110581536552376, "MAE_train": 5.180409635211265, "MSE_test": 201.34709530120077, "R2_test": 0.7638332955202988, "MAE_test": 9.695346080814026}}