{"MSE_train": [2.666858932645318], "R2_train": 0.6338201929964502, "MAE_train": 1.191388830206904, "MSE_test": 14.587996930594965, "R2_test": -0.454287016683772, "MAE_test": 2.4105655667313974}