{"MSE_train": [0.16539058968350645], "R2_train": 0.6706684000477794, "MAE_train": 0.3442449250842413, "MSE_test": 0.20673814392324497, "R2_test": 0.6144406076770723, "MAE_test": 0.40485621535953387, "hyperparameters": {"alpha": 0.001, "beta": 0.001}}