{"MSE_train": [0.5265537968817178], "R2_train": -0.048492569739389646, "MAE_train": 0.6213897187608322, "MSE_test": 0.6500788039869393, "R2_test": -0.21237418441889333, "MAE_test": 0.7410745728298924}