{"MSE_train": [964.3880713519983], "R2_train": -0.2854543542728878, "MAE_train": 23.708400245000078, "MSE_test": 987.133492935339, "R2_test": -0.2766393405540055, "MAE_test": 23.920699371775484}