{"MSE_train": [30.10087853398005], "R2_train": 0.8541713458368619, "MAE_train": 4.341662681397376, "MSE_test": 44.84935380215014, "R2_test": 0.7296564412950828, "MAE_test": 5.3589584897743245}