{"MSE_train": [2.1224792392424154], "R2_train": 0.7085676228761385, "MAE_train": 1.2181502325575155, "MSE_test": 3.0395138430704787, "R2_test": 0.6969888641985262, "MAE_test": 1.5096786806251923, "hyperparameters": {"alpha": 0.001, "beta": 0.001}}