Time,Iteration,Cost,Parameters
Mon Apr  1 17:18:50 2024,0,0.08855552958447326,[-4.09013748  2.23743464 -2.12427959 -0.116531    0.55388708 -2.77010895
  3.06858498  2.18960148  1.18552001 -1.06648311  0.6027151   1.14432448
  1.31029899 -1.87354678  0.72965078  2.88578419 -0.54534335 -0.47522485
 -2.0265424   0.7289737 ]
Mon Apr  1 17:19:02 2024,1,0.08842801234325179,[-4.10274147  2.23743463 -2.12427958 -0.116531    0.55388708 -2.77010895
  3.06858498  2.18960148  1.18552001 -1.06648311  0.6027151   1.14432448
  1.31029898 -1.87354678  0.72965078  2.88578419 -0.54534335 -0.47522485
 -2.0265424   0.7289737 ]
Mon Apr  1 17:19:07 2024,2,0.08842800696245712,[-4.10282414  2.23743464 -2.12427958 -0.116531    0.55388708 -2.77010895
  3.06858498  2.18960148  1.18552001 -1.06648311  0.6027151   1.14432448
  1.31029899 -1.87354678  0.72965078  2.88578419 -0.54534335 -0.47522485
 -2.0265424   0.7289737 ]
