{"MSE_train": [1038.0257136782886], "R2_train": -0.3836076089414324, "MAE_train": 24.972187130916648, "MSE_test": 1033.6294575836394, "R2_test": -0.3367716104768097, "MAE_test": 25.234574597814355}