{"MSE_train": [1099.4580210755398], "R2_train": -0.46549210065452384, "MAE_train": 25.136406193264694, "MSE_test": 1154.597789078329, "R2_test": -0.4932174529616773, "MAE_test": 25.869981731707366, "BATCH_SIZE": 25, "NUM_CORES": 16, "TOLERANCE": 1e-06, "MAX_ITER": 1000}