{"MSE_train": [3.655969215706233], "R2_train": 0.4980079053186741, "MAE_train": 1.4666135351143779, "MSE_test": 7.84083729401294, "R2_test": 0.21834176886217105, "MAE_test": 2.1171283025045233, "hyperparameters": {"alpha": 0.001, "beta": 0.001}}