{"MSE_train": [912.084764529084], "R2_train": -0.21573811088952688, "MAE_train": 23.474422921981276, "MSE_test": 947.4633946182447, "R2_test": -0.22533482245417713, "MAE_test": 24.070617588691672}