{"MSE_train": [4.828206298127452], "R2_train": 0.9766089609084637, "MAE_train": 1.7993797192401337, "MSE_test": 6.19240578914584, "R2_test": 0.962673330247573, "MAE_test": 2.1778364450383485}