{"MSE_train": [184.83348518123992], "R2_train": 0.10454379735678165, "MAE_train": 12.488638599717197, "MSE_test": 211.09151966590088, "R2_test": -0.2724203985336522, "MAE_test": 12.299824468575181}