{"MSE_train": [27.335598631146702], "R2_train": 0.8675681988941352, "MAE_train": 3.784564458044889, "MSE_test": 19.357974669898283, "R2_test": 0.8833137310145803, "MAE_test": 3.4995749713360573, "BATCH_SIZE": 32, "NUM_CORES": 16, "TOLERANCE": 1e-06, "MAX_ITER": 500, "NUM_QUBITS": 5}