{"MSE_train": [175.75782973378807], "R2_train": 0.14851230206524735, "MAE_train": 12.175430485140854, "MSE_test": 209.2934519750388, "R2_test": -0.2615819810954796, "MAE_test": 12.214020828964198}