{"MSE_train": [0.05720263546806018], "R2_train": 0.8860960862632526, "MAE_train": 0.19815662610121954, "MSE_test": 0.07878214155621242, "R2_test": 0.8530740672819941, "MAE_test": 0.2649517289396041}