Time,Iteration,Cost,Parameters
Mon Apr  1 23:01:38 2024,0,0.15353156001716342,[-2.4813466   2.23743464 -2.12427964 -0.11653103  0.55388706 -2.77010899
  3.06858495  2.18960147  1.18551997 -1.06648312  0.60271514  1.14432442
  1.31029899 -1.87354678]
Mon Apr  1 23:02:23 2024,1,0.15321729931352956,[-2.43640215  2.23743464 -2.12427964 -0.11653103  0.55388706 -2.77010899
  3.06858495  2.18960147  1.18551997 -1.06648312  0.60271514  1.14432441
  1.31029899 -1.87354678]
Mon Apr  1 23:02:48 2024,2,0.15321647418045883,[-2.43383882  2.23743464 -2.12427964 -0.11653103  0.55388706 -2.77010899
  3.06858494  2.18960147  1.18551996 -1.06648312  0.60271514  1.14432441
  1.31029899 -1.87354678]
Mon Apr  1 23:03:10 2024,3,0.1532164686944941,[-2.43403197  2.23743464 -2.12427964 -0.11653103  0.55388706 -2.77010899
  3.06858495  2.18960147  1.18551996 -1.06648312  0.60271514  1.14432441
  1.31029899 -1.87354678]
