{"MSE_train": [71.22569733881669], "R2_train": 0.6549354008712626, "MAE_train": 5.617185497686025, "MSE_test": 62.026680565521076, "R2_test": 0.6261147120935289, "MAE_test": 5.956597622741384}