{"MSE_train": [0.17362474341104805], "R2_train": 0.9761600157192288, "MAE_train": 0.33673572441235344, "MSE_test": 9.582719978816437, "R2_test": 0.044692337405053184, "MAE_test": 1.6727961467328183}