{"MSE_train": [0.10698207426771848], "R2_train": 0.7869735046460834, "MAE_train": 0.2718112253500856, "MSE_test": 0.13777823978043321, "R2_test": 0.7430484118848006, "MAE_test": 0.3246544326550889}