{"MSE_train": [841.845742925151], "R2_train": -0.12211495352916568, "MAE_train": 21.647561261730004, "MSE_test": 835.5801383966945, "R2_test": -0.08063852001489713, "MAE_test": 21.66829482132133}