{"MSE_train": [2.4251105016535703], "R2_train": 0.6670140724027975, "MAE_train": 1.0330475940847137, "MSE_test": 14.575259817120706, "R2_test": -0.4530172454572101, "MAE_test": 2.350840775975331, "hyperparameters": {"alpha": 0.001, "beta": 0.001}}