{"MSE_train": [0.0004198528145994834], "R2_train": -0.07687035108755214, "MAE_train": 0.017939818117787172, "MSE_test": 0.0004167622982086585, "R2_test": -0.07267939962289116, "MAE_test": 0.01793095498205937}