{"MSE_train": [2.0546841506931144], "R2_train": 0.7178763988810797, "MAE_train": 1.1893215201812886, "MSE_test": 2.7699188942144692, "R2_test": 0.7238649621131444, "MAE_test": 1.291034339089757}