{"MSE_train": [0.2935015819041782], "R2_train": 0.9597000233865755, "MAE_train": 0.41368034558298594, "MSE_test": 13.814869633607037, "R2_test": -0.3772134475294422, "MAE_test": 1.959290944725301, "BATCH_SIZE": 32, "NUM_CORES": 16, "TOLERANCE": 1e-06, "MAX_ITER": 1000, "NUM_QUBITS": 5}