{"MSE_train": [0.1332017149308124], "R2_train": 0.9817104018255945, "MAE_train": 0.27986691211625014, "MSE_test": 0.39199930342002415, "R2_test": 0.9609213314051902, "MAE_test": 0.46855427077994866}