{"MSE_train": [642.9642288319354], "R2_train": 0.14297864921221037, "MAE_train": 19.081423339421352, "MSE_test": 652.072106401877, "R2_test": 0.15668862431650576, "MAE_test": 19.104174528621307}