{"MSE_train": [640.6589694996627], "R2_train": 0.1460513807550673, "MAE_train": 18.856296109815364, "MSE_test": 646.2031659187716, "R2_test": 0.16427880372154513, "MAE_test": 18.90138496789875}