{"MSE_train": [1523.622023713805], "R2_train": -1.0308697534004616, "MAE_train": 33.23580875300038, "MSE_test": 1610.4257104454578, "R2_test": -1.082730280866862, "MAE_test": 34.44053276595152}