Time,Iteration,Cost,Parameters
Tue Mar 25 10:10:15 2025,998,0.09491248236321438,[-2.76079552  2.31721638 -1.95976837 -0.48815705  0.42351331 -2.54303014
  2.91156462  1.93623548  0.87757686 -1.20768769  0.53846556  1.44163462
  1.23773323 -2.09303277  0.52627489  2.78857723 -0.72036054 -0.48919149
 -2.26081168  0.7361968   1.55636492  2.34830559 -1.22250993 -0.18583623
 -2.35997995 -2.79487564  3.33167777  2.61054154 -0.64072131 -2.6715066 ]
Tue Mar 25 10:12:44 2025,999,0.0936332012366496,[-2.7607752   2.31723669 -1.95974805 -0.48813673  0.42353362 -2.54300982
  2.91158493  1.9362558   0.87755654 -1.20770801  0.53844524  1.44165494
  1.23771291 -2.09305309  0.52625457  2.78855692 -0.72038086 -0.48917117
 -2.26079137  0.73617648  1.55634461  2.34832591 -1.22253025 -0.18585655
 -2.36000027 -2.79485533  3.33165745  2.61056185 -0.64074162 -2.67152692]
