{"MSE_train": [695.5028759779377], "R2_train": 0.07294871546701687, "MAE_train": 19.572071060219045, "MSE_test": 703.7685204597816, "R2_test": 0.0898307206750848, "MAE_test": 19.417851411108735, "BATCH_SIZE": 25, "NUM_CORES": 16}