{"MSE_train": [7.521157094962684], "R2_train": 0.963562518094952, "MAE_train": 2.0516556880425476, "MSE_test": 9.29743037722244, "R2_test": 0.9439568198445478, "MAE_test": 2.21826913433958, "BATCH_SIZE": 32, "NUM_CORES": 16, "TOLERANCE": 1e-06, "MAX_ITER": 500, "NUM_QUBITS": 5}