{"MSE_train": [2.397862805012619], "R2_train": 0.9883831594706415, "MAE_train": 1.1544262483972592, "MSE_test": 1.8198783528114757, "R2_test": 0.9890301119503419, "MAE_test": 1.1664962859905232}