{"MSE_train": [2.8199110752348995], "R2_train": 0.9863384772475323, "MAE_train": 1.2553109830884797, "MSE_test": 2.109088019712835, "R2_test": 0.9872868098972757, "MAE_test": 1.2266706080986034}