{"MSE_train": [1520.3716565498546], "R2_train": -1.0265372665645054, "MAE_train": 33.151233027621, "MSE_test": 1606.4621708408476, "R2_test": -1.0776043170298508, "MAE_test": 34.37924858940183}