{"MSE_train": [2.353496830473671], "R2_train": 0.9885980977273554, "MAE_train": 1.1412393614329701, "MSE_test": 1.7752226918692326, "R2_test": 0.9892992879645316, "MAE_test": 1.1640546686673308}