{"MSE_train": [92.02893502874886], "R2_train": 0.5541506961612652, "MAE_train": 8.592249241212722, "MSE_test": 202.45197191619528, "R2_test": -0.22034281243151965, "MAE_test": 10.741377498511252}