{"MSE_train": [156.70143639105407], "R2_train": 0.24083413218183947, "MAE_train": 11.562533583387088, "MSE_test": 159.94502261926866, "R2_test": 0.035881167813870185, "MAE_test": 10.99797392236064}