{"MSE_train": [137.3882538882628], "R2_train": 0.33440001959637944, "MAE_train": 10.74524206229756, "MSE_test": 143.59830268428414, "R2_test": 0.13441615362150205, "MAE_test": 10.278486681825964}