{"MSE_train": [78.84950913045137], "R2_train": 0.618000591413389, "MAE_train": 6.442999822896958, "MSE_test": 136.53037982631454, "R2_test": 0.1770202773398627, "MAE_test": 8.695727277875317, "BATCH_SIZE": 32, "NUM_CORES": 16, "TOLERANCE": 1e-06, "MAX_ITER": 500, "NUM_QUBITS": 5}