{"MSE_train": [1.6853705263713976], "R2_train": 0.7685859396154915, "MAE_train": 0.887030954518355, "MSE_test": 1.223709075246881, "R2_test": 0.8780076367717564, "MAE_test": 0.8246427644884804}