{"MSE_train": [3.388422518905126], "R2_train": 0.5347440808245483, "MAE_train": 1.2781474253096161, "MSE_test": 6.529578733664502, "R2_test": 0.3490619978903804, "MAE_test": 1.8737450729622829}