{"MSE_train": [206.6571328333759], "R2_train": -0.0011844511542666858, "MAE_train": 12.567010529772658, "MSE_test": 195.36636861678687, "R2_test": -0.1776321143023185, "MAE_test": 12.090136432558385}