{"MSE_train": [383.9289627907424], "R2_train": -0.8600069720496812, "MAE_train": 16.981961895776237, "MSE_test": 202.34492939380067, "R2_test": -0.21969758002606365, "MAE_test": 13.058213691584621}