{"MSE_train": [1108.1452736910226], "R2_train": -0.4770715332843629, "MAE_train": 25.55415763413865, "MSE_test": 1078.5938998588651, "R2_test": -0.39492319417389243, "MAE_test": 25.222846674877943}