{"MSE_train": [3.3757549527763544], "R2_train": 0.5364834330127937, "MAE_train": 1.2664357337850336, "MSE_test": 6.4588279642955415, "R2_test": 0.3561151886610663, "MAE_test": 1.9029919198870828}