{"MSE_train": [5.376445949874563], "R2_train": 0.26177349833152164, "MAE_train": 2.0834432896602806, "MSE_test": 7.394802409186821, "R2_test": 0.2628072801367345, "MAE_test": 2.346552112100718}