{"MSE_train": [598.1880684779169], "R2_train": 0.20266179130458695, "MAE_train": 18.147164155256, "MSE_test": 605.8778514155555, "R2_test": 0.21643069937036485, "MAE_test": 18.173727474826954}