Time,Iteration,Cost,Parameters
Thu Mar 28 00:22:12 2024,0,0.15353155996316029,[-2.4813466   2.23743464 -2.12427962 -0.11653103  0.55388706 -2.77010897
  3.06858498  2.18960145  1.18551998 -1.06648312  0.60271512  1.14432445
  1.31029899 -1.8735468 ]
Thu Mar 28 00:22:45 2024,1,0.15321729931438388,[-2.43640216  2.23743463 -2.12427962 -0.11653103  0.55388706 -2.77010897
  3.06858498  2.18960145  1.18551998 -1.06648312  0.60271512  1.14432445
  1.31029899 -1.8735468 ]
Thu Mar 28 00:23:02 2024,2,0.15321647418082734,[-2.43383882  2.23743463 -2.12427962 -0.11653103  0.55388706 -2.77010897
  3.06858498  2.18960145  1.18551998 -1.06648312  0.60271512  1.14432445
  1.31029899 -1.8735468 ]
Thu Mar 28 00:23:18 2024,3,0.15321646869449773,[-2.43403199  2.23743463 -2.12427962 -0.11653103  0.55388706 -2.77010898
  3.06858498  2.18960146  1.18551998 -1.06648312  0.60271512  1.14432446
  1.31029899 -1.8735468 ]
