{"MSE_train": [108.85860265806873], "R2_train": 0.4726166048015691, "MAE_train": 7.646677513523848, "MSE_test": 114.6270450613636, "R2_test": 0.3090495033123021, "MAE_test": 8.13478407161976, "hyperparameters": {"alpha": 0.001, "beta": 0.001}}