{"MSE_train": [0.4288725104504653], "R2_train": 0.14601386746091005, "MAE_train": 0.5676173358830203, "MSE_test": 0.440101037564473, "R2_test": 0.17922699031753608, "MAE_test": 0.5839456239479461, "BATCH_SIZE": 32, "NUM_CORES": 16, "TOLERANCE": 1e-06, "MAX_ITER": 1000, "NUM_QUBITS": 5}