{"MSE_train": [0.42785794766122515], "R2_train": 0.1480341008204491, "MAE_train": 0.5654931281935176, "MSE_test": 0.4300166446990053, "R2_test": 0.19803402955746918, "MAE_test": 0.5822698474630219}