{"MSE_train": [8.006882278556338], "R2_train": -0.09940521096615607, "MAE_train": 2.087007936146331, "MSE_test": 18.82194280691046, "R2_test": -0.8763718681244621, "MAE_test": 3.118975128319556, "hyperparameters": {"alpha": 0.001, "beta": 0.001}}