{"MSE_train": [920.6108632446051], "R2_train": -0.22710273789436108, "MAE_train": 23.203704599398648, "MSE_test": 906.580545064628, "R2_test": -0.1724618782499463, "MAE_test": 23.17069072039999}