{"MSE_train": [43.660027998340006], "R2_train": 0.7884818173484388, "MAE_train": 5.200948661477983, "MSE_test": 67.99259265483215, "R2_test": 0.5901533042155023, "MAE_test": 5.5516262832925465, "hyperparameters": {"alpha": 0.001, "beta": 0.001}}