{"MSE_train": [748.5590525622596], "R2_train": 0.0022289551989592704, "MAE_train": 20.07287608476851, "MSE_test": 774.9262724027215, "R2_test": -0.002196128951514442, "MAE_test": 20.712243373083012}