{"MSE_train": [832.1599103140733], "R2_train": -0.10920449136717192, "MAE_train": 21.91889020663663, "MSE_test": 844.848814772504, "R2_test": -0.09262550757119636, "MAE_test": 22.29462178424755}