{"MSE_train": [819.3983469252236], "R2_train": -0.09219431910059828, "MAE_train": 21.389835024042828, "MSE_test": 822.7174114837995, "R2_test": -0.0640034211945999, "MAE_test": 21.564452320668867}