{"MSE_train": [0.13194044656315035], "R2_train": 0.7372755097602386, "MAE_train": 0.3015991288464542, "MSE_test": 0.12126283905412494, "R2_test": 0.7738490553808028, "MAE_test": 0.30563854651445593}