{"MSE_train": [784.4507869942818], "R2_train": -0.04561193756879178, "MAE_train": 20.469865867158326, "MSE_test": 808.626461060053, "R2_test": -0.045779886297350414, "MAE_test": 20.965738425172564}