{"MSE_train": [832.2168281589915], "R2_train": -0.10928035843122985, "MAE_train": 21.974828134712716, "MSE_test": 853.4183727647483, "R2_test": -0.10370833977408922, "MAE_test": 22.51556600072356}