{"MSE_train": [0.0004249635393009327], "R2_train": -0.08997872552779862, "MAE_train": 0.012489033295209067, "MSE_test": 0.0004231091326423814, "R2_test": -0.08901513483486845, "MAE_test": 0.012509678128245511}