{"MSE_train": [0.13014806436291862], "R2_train": 0.7408445646796133, "MAE_train": 0.29940538582445003, "MSE_test": 0.17072722192316062, "R2_test": 0.6815997150380037, "MAE_test": 0.3589018713734059, "hyperparameters": {"alpha": 0.001, "beta": 0.001}}