{"MSE_train": [7.198464241736957], "R2_train": 0.9651258566679723, "MAE_train": 2.1949735923487412, "MSE_test": 6.323822407952399, "R2_test": 0.9618811753247203, "MAE_test": 2.171659689290157}