Time,Iteration,Cost,Parameters
Mon Mar 18 18:16:05 2024,0,0.4755849032281403,[-2.97189735  2.41829727 -2.1199154  -0.11653103  0.55388708 -2.77010897
  3.06858498  2.18960144  1.18551998 -1.06648308  0.31421135  1.14432445
  1.31029899 -1.8735468   0.7296508   2.88578418 -0.54534335 -0.47522485
 -2.0265424   0.7289737 ]
Mon Mar 18 18:16:10 2024,1,0.39699770591466677,[-3.3077791   2.74376164 -2.09820479 -0.11653103  0.55388708 -2.77010897
  3.06858498  2.18960143  1.18551998 -1.06648308 -0.21018789  1.14432445
  1.31029898 -1.8735468   0.7296508   2.88578417 -0.54534336 -0.47522485
 -2.0265424   0.7289737 ]
Mon Mar 18 18:16:15 2024,2,0.3846679429899989,[-3.44660675  2.73063979 -2.10668247 -0.11653102  0.55388708 -2.77010897
  3.06858498  2.18960143  1.18551998 -1.06648308 -0.24419464  1.14432446
  1.31029898 -1.8735468   0.72965081  2.88578417 -0.54534336 -0.47522485
 -2.0265424   0.7289737 ]
