{"MSE_train": [0.0008096514311818216], "R2_train": -1.0766554150340566, "MAE_train": 0.02289533745497509, "MSE_test": 0.0008087832273297581, "R2_test": -1.0816784782264284, "MAE_test": 0.022889279288262177}