{"MSE_train": [18.261895851739908], "R2_train": 0.911527243581269, "MAE_train": 2.9660217517745053, "MSE_test": 27.837473939906637, "R2_test": 0.8322008873646478, "MAE_test": 3.4989399554712106, "BATCH_SIZE": 32, "NUM_CORES": 16, "TOLERANCE": 1e-06, "MAX_ITER": 500, "NUM_QUBITS": 5}