{"MSE_train": [60.22635180587863], "R2_train": 0.7082235384228941, "MAE_train": 5.270306895429629, "MSE_test": 78.02043810124084, "R2_test": 0.5297073179459062, "MAE_test": 5.444821358129817}