{"MSE_train": [61.65166971288836], "R2_train": 0.7013183515228104, "MAE_train": 5.403124585610175, "MSE_test": 80.92854761693886, "R2_test": 0.5121777749552613, "MAE_test": 5.475822285222513}