{"MSE_train": [140.60853073004975], "R2_train": 0.31879885907409145, "MAE_train": 8.253721832200393, "MSE_test": 144.82670363585248, "R2_test": 0.12701158127853174, "MAE_test": 8.309690475771289}