{"MSE_train": [838.5035392332403], "R2_train": -0.11766005573826877, "MAE_train": 21.9791409916433, "MSE_test": 870.1806587751986, "R2_test": -0.1253866577642182, "MAE_test": 22.766550237116412}