{"MSE_train": [761.4454084476663], "R2_train": -0.014947555767609977, "MAE_train": 20.361499120523064, "MSE_test": 796.9320995004177, "R2_test": -0.030655810236170034, "MAE_test": 21.1677157573566}