{"MSE_train": [852.1597664618703], "R2_train": -0.13586274537686238, "MAE_train": 22.154115824315202, "MSE_test": 848.6964583069218, "R2_test": -0.09760158541641206, "MAE_test": 22.215423341212105}