{"MSE_train": [6.97113869758032e-05], "R2_train": 0.8211989460186275, "MAE_train": 0.006070215807849383, "MSE_test": 6.74153158114755e-05, "R2_test": 0.8264837755217591, "MAE_test": 0.00598278748612176}