{"MSE_train": [0.0001536967752662143], "R2_train": 0.6057868505660926, "MAE_train": 0.009362120540484964, "MSE_test": 0.0001512131031780104, "R2_test": 0.6108016933650439, "MAE_test": 0.00931021558839804}