{"MSE_train": [765.0150316344942], "R2_train": -0.019705586071933956, "MAE_train": 20.186038507129396, "MSE_test": 774.6442112258096, "R2_test": -0.0018313450621361138, "MAE_test": 20.456453268514608}