{"MSE_train": [774.9305301459485], "R2_train": -0.032922175031258716, "MAE_train": 20.511360069496178, "MSE_test": 795.2318889867441, "R2_test": -0.028456963125304657, "MAE_test": 21.026606152144726}