{"MSE_train": [3.1703691430896384], "R2_train": 0.5646844507838195, "MAE_train": 1.2271191169602316, "MSE_test": 12.779268339723886, "R2_test": -0.27397367284889196, "MAE_test": 2.3123900405262914, "hyperparameters": {"alpha": 0.001, "beta": 0.001}}