Time,Iteration,Cost,Parameters
Mon Mar 18 18:44:12 2024,0,0.2844998027789952,[-2.96857161  2.17244724 -2.2102872  -0.11653105  0.55388704 -2.77010901
  3.06858496  2.1896014   1.18551995 -1.06648312  0.88836097  1.1443244
  1.31029895 -1.87354684  0.72965077  2.88578416 -0.54534335 -0.47522485
 -2.0265424   0.7289737 ]
Mon Mar 18 18:44:25 2024,1,0.27911641635171375,[-3.0055379   2.14576422 -2.25785841 -0.11653105  0.55388703 -2.77010903
  3.06858495  2.18960137  1.18551993 -1.06648314  1.01540391  1.14432437
  1.31029893 -1.87354685  0.72965075  2.88578414 -0.54534335 -0.47522485
 -2.0265424   0.7289737 ]
Mon Mar 18 18:44:31 2024,2,0.27764419473241886,[-3.03032405  2.13648407 -2.3107769  -0.11653107  0.55388701 -2.77010904
  3.06858494  2.18960135  1.18551992 -1.06648315  1.06595754  1.14432435
  1.31029892 -1.87354687  0.72965073  2.88578413 -0.54534336 -0.47522485
 -2.0265424   0.7289737 ]
Mon Mar 18 18:44:37 2024,3,0.2752564600001428,[-3.05324108  2.13726064 -2.39005483 -0.11653107  0.55388701 -2.77010904
  3.06858494  2.18960133  1.18551992 -1.06648315  1.07133076  1.14432434
  1.31029892 -1.87354688  0.72965073  2.88578413 -0.54534335 -0.47522485
 -2.0265424   0.7289737 ]
Mon Mar 18 18:44:50 2024,4,0.25397180946724984,[-3.23158321  2.16945234 -3.10542532 -0.11653114  0.553887   -2.77010903
  3.0685849   2.18960116  1.18551989 -1.06648316  1.00550849  1.14432423
  1.31029889 -1.87354696  0.72965066  2.88578412 -0.54534335 -0.47522485
 -2.0265424   0.7289737 ]
Mon Mar 18 18:44:56 2024,5,0.21911520771912027,[-3.53327194  2.23974072 -4.45786849 -0.11653126  0.55388699 -2.77010902
  3.06858483  2.18960084  1.18551984 -1.06648318  0.83440428  1.14432403
  1.31029884 -1.87354711  0.72965053  2.88578412 -0.54534335 -0.47522485
 -2.0265424   0.7289737 ]
