Time,Iteration,Cost,Parameters
Mon Mar 18 18:29:26 2024,0,0.19766942293614026,[-3.0230734   2.19014648 -2.2768184  -0.11653105  0.55388708 -2.77010897
  3.06858498  2.18960143  1.18551998 -1.06648311  0.80936042  1.14432441
  1.31029899 -1.8735468   0.72965078  2.88578419 -0.54534335 -0.47522485
 -2.0265424   0.7289737 ]
