{"MSE_train": [0.645611225612065], "R2_train": -0.28556393858204454, "MAE_train": 0.7292179295098805, "MSE_test": 0.5348258300930457, "R2_test": 0.0025685723199780908, "MAE_test": 0.6651005287844446, "hyperparameters": {"alpha": 0.001, "beta": 0.001}}