{"MSE_train": [7.556218439727227], "R2_train": 0.9633926576467132, "MAE_train": 2.173122359291985, "MSE_test": 8.995410948954348, "R2_test": 0.9457773367553647, "MAE_test": 2.648752025770013}