{"MSE_train": [0.0004783551062866782], "R2_train": -0.226921467092845, "MAE_train": 0.013227442849148124, "MSE_test": 0.00047572598005331723, "R2_test": -0.22444247203261547, "MAE_test": 0.013272950039349887}