{"MSE_train": [0.00039268609939327334], "R2_train": -0.007191098919349548, "MAE_train": 0.012369081938163487, "MSE_test": 0.0003912681476873064, "R2_test": -0.007061539771643588, "MAE_test": 0.012356891792200921}