{"MSE_train": [2.0540164695054144], "R2_train": 0.7179680765343139, "MAE_train": 0.9956947473385457, "MSE_test": 13.943263887366745, "R2_test": -0.39001315520335456, "MAE_test": 2.2471315158831913}