{"MSE_train": [994.0501977884215], "R2_train": -0.3249916636998269, "MAE_train": 24.413555078771896, "MSE_test": 998.5552210164947, "R2_test": -0.2914108253733021, "MAE_test": 24.78930356609697}