{"MSE_train": [0.2759572519362995], "R2_train": 0.45775277299609185, "MAE_train": 0.46014049389929745, "MSE_test": 0.29245362233180233, "R2_test": 0.49681218431797025, "MAE_test": 0.48072144511892345}