{"MSE_train": [0.21943939340405655], "R2_train": 0.5779328981257112, "MAE_train": 0.40013779708608505, "MSE_test": 0.3455790082578013, "R2_test": 0.4347693271374473, "MAE_test": 0.5329097098263069}