{"MSE_train": [0.029748206914256437], "R2_train": 0.9427826550033437, "MAE_train": 0.14046188716216157, "MSE_test": 0.04928989287994866, "R2_test": 0.9193812163004041, "MAE_test": 0.1815927151268748}