{"MSE_train": [0.04569924026595464], "R2_train": 0.9102024457175004, "MAE_train": 0.17677927401297575, "MSE_test": 0.04922472621550013, "R2_test": 0.9153052635681785, "MAE_test": 0.18705479780995346}