{"MSE_train": [0.02638176779532896], "R2_train": 0.9481606649939378, "MAE_train": 0.13194796196415912, "MSE_test": 0.0834980758963338, "R2_test": 0.8563354623925283, "MAE_test": 0.23993169613233759}