{"MSE_train": [0.01608859702930365], "R2_train": 0.9690553851063646, "MAE_train": 0.09493991266952294, "MSE_test": 0.05284087811429479, "R2_test": 0.9135732079278669, "MAE_test": 0.17035983685028627}