{"MSE_train": [0.0], "R2_train": 1.0, "MAE_train": 0.0, "MSE_test": 0.06953988370868143, "R2_test": 0.880351551445466, "MAE_test": 0.20747910606059322}