{"MSE_train": [0.0], "R2_train": 1.0, "MAE_train": 0.0, "MSE_test": 0.051506982387504986, "R2_test": 0.9157549341356678, "MAE_test": 0.16621783930563236}