{"MSE_train": [0.03448716059606891], "R2_train": 0.9336678082323441, "MAE_train": 0.14830094266401125, "MSE_test": 0.05192801602103151, "R2_test": 0.915066289518115, "MAE_test": 0.19659190137716362}