{"MSE_train": [0.04893407126814293], "R2_train": 0.9038461056378139, "MAE_train": 0.18426252661903625, "MSE_test": 0.06219085523818637, "R2_test": 0.8929960916428787, "MAE_test": 0.2114864665065197}