{"MSE_train": [0.23987286404078767], "R2_train": 0.5286574480397154, "MAE_train": 0.40965987632194134, "MSE_test": 0.23745833908691782, "R2_test": 0.5914355855539164, "MAE_test": 0.4393794621867292}