{"MSE_train": [0.2201929803942523], "R2_train": 0.5764834579316416, "MAE_train": 0.4014465598125132, "MSE_test": 0.34606511178069443, "R2_test": 0.43397425389873734, "MAE_test": 0.5331145264466126}