{"MSE_train": [0.02350691587532659], "R2_train": 0.9538096576213466, "MAE_train": 0.11496879354500242, "MSE_test": 0.06981522865831276, "R2_test": 0.879877800350645, "MAE_test": 0.20365088787798222}