{"MSE_train": [0.018521778544313555], "R2_train": 0.9643754329134447, "MAE_train": 0.10917452587811768, "MSE_test": 0.05826159822698277, "R2_test": 0.9047070522775547, "MAE_test": 0.1706805731171372}