{"MSE_train": [0.2593931352623612], "R2_train": 0.4903007356649097, "MAE_train": 0.44124273278376414, "MSE_test": 0.2690686934691936, "R2_test": 0.5370476622731912, "MAE_test": 0.46684405840322096}