{"MSE_train": [0.2182567457626451], "R2_train": 0.5802075884390858, "MAE_train": 0.39837406363274797, "MSE_test": 0.3449583362402808, "R2_test": 0.43578450124729473, "MAE_test": 0.5324847361868832}