{"MSE_train": [0.03345342509572035], "R2_train": 0.9356560827165581, "MAE_train": 0.14683270431115392, "MSE_test": 0.0595756398613975, "R2_test": 0.9025577995178629, "MAE_test": 0.1892953822187336}