{"MSE_train": [0.0384478702348195], "R2_train": 0.9244511572979083, "MAE_train": 0.14467175173604152, "MSE_test": 0.07205647945310159, "R2_test": 0.8760215646752807, "MAE_test": 0.2184731513717842}