{"MSE_train": [8.773359765132763], "R2_train": -0.20464833975389451, "MAE_train": 2.6276390383165285, "MSE_test": 11.666761773916484, "R2_test": -0.1630671609866654, "MAE_test": 2.9417987679054276, "hyperparameters": {"alpha": 0.001, "beta": 0.001}}