Time,Iteration,Cost,Parameters
Mon Apr  1 16:22:02 2024,0,0.36699549399458054,[-2.01103401  2.23743462 -2.1242796  -0.11653101  0.55388706]
Mon Apr  1 16:22:04 2024,1,0.3656958621596685,[-1.92632809  2.23743462 -2.1242796  -0.11653101  0.55388706]
Mon Apr  1 16:22:06 2024,2,0.3656958618157393,[-1.92628447  2.23743462 -2.1242796  -0.11653101  0.55388706]
