{"MSE_train": [822.2389938235694], "R2_train": -0.09598068066281784, "MAE_train": 21.568138311964116, "MSE_test": 830.4908985727449, "R2_test": -0.07405671135450165, "MAE_test": 21.81913178252798}