{"MSE_train": [738.7930173057945], "R2_train": 0.015246321254520523, "MAE_train": 19.912040369176843, "MSE_test": 792.4948523558188, "R2_test": -0.024917210230094744, "MAE_test": 20.92184898621587}