{"MSE_train": [118.33008361427956], "R2_train": 0.42673045834850776, "MAE_train": 8.958547822600632, "MSE_test": 115.40794451298345, "R2_test": 0.3043423867354851, "MAE_test": 8.954882441311812, "MAX_ITER": 1000}