{"MSE_train": [20.95801759171609], "R2_train": 0.8984654386124584, "MAE_train": 3.165950043840887, "MSE_test": 32.83180186256705, "R2_test": 0.802096008041133, "MAE_test": 3.815034125071571}