{"MSE_train": [863.4918021303033], "R2_train": -0.15096746828404362, "MAE_train": 22.391631606753467, "MSE_test": 866.067499524377, "R2_test": -0.12006719393167398, "MAE_test": 22.458568481555165}