{"MSE_train": [1029.1643925480407], "R2_train": -0.37179615650868025, "MAE_train": 24.880262321396028, "MSE_test": 1033.9313172505929, "R2_test": -0.33716199934408797, "MAE_test": 25.08167808514973, "BATCH_SIZE": 25, "NUM_CORES": 16, "TOLERANCE": 1e-06, "MAX_ITER": 1000}