{"MSE_train": [0.00042499459890766743], "R2_train": -0.0900583895634941, "MAE_train": 0.012517607792899397, "MSE_test": 0.00042313998444778214, "R2_test": -0.0890945424402032, "MAE_test": 0.01253938725340058}