{"MSE_train": [0.5939551034453083], "R2_train": -0.18270443857627217, "MAE_train": 0.6702961301569006, "MSE_test": 0.7852505493130139, "R2_test": -0.46446475173336066, "MAE_test": 0.8194140663808597}