{"MSE_train": [0.3104886046300871], "R2_train": 0.3817440936305202, "MAE_train": 0.4731032699840355, "MSE_test": 0.330173233911154, "R2_test": 0.3842384912029433, "MAE_test": 0.5149347787716343}