{"MSE_train": [772.3631476929019], "R2_train": -0.029500053738607424, "MAE_train": 20.508304580353187, "MSE_test": 801.5714105100892, "R2_test": -0.036655735261913014, "MAE_test": 21.0387859778175}