{"MSE_train": [2.1210010278558116], "R2_train": 0.7087705924271825, "MAE_train": 1.2093217104777456, "MSE_test": 3.0901646122892217, "R2_test": 0.6919394556738112, "MAE_test": 1.5188225746939654}