{"MSE_train": [2.165492482209409], "R2_train": 0.7026615808221528, "MAE_train": 1.1974561471566194, "MSE_test": 3.3205380533768234, "R2_test": 0.6689733756865157, "MAE_test": 1.4456600028969764}