{"MSE_train": [0.6456112256757752], "R2_train": -0.2855639387089064, "MAE_train": 0.7292179294790584, "MSE_test": 0.5348258306152589, "R2_test": 0.0025685713460689152, "MAE_test": 0.665100529099325, "hyperparameters": {"alpha": 0.001, "beta": 0.001}}