{"MSE_train": [2.100273548133061], "R2_train": 0.7116166314252101, "MAE_train": 1.2135499573366129, "MSE_test": 3.106194356367432, "R2_test": 0.6903414399349392, "MAE_test": 1.5184073053217386, "hyperparameters": {"alpha": 0.001, "beta": 0.001}}