{"MSE_train": [92.92240550171964], "R2_train": 0.5498221315826352, "MAE_train": 7.138446844203109, "MSE_test": 80.64316791132758, "R2_test": 0.5138979907143881, "MAE_test": 6.29866933068493}