{"MSE_train": [85.14003631439138], "R2_train": 0.5875250984082581, "MAE_train": 6.403946241451457, "MSE_test": 80.89387816549556, "R2_test": 0.5123867559569246, "MAE_test": 5.877970735425341}