{"MSE_train": [26.20300446211933], "R2_train": 0.8730552375264404, "MAE_train": 3.6387801852509845, "MSE_test": 16.01010169412677, "R2_test": 0.9034940863069837, "MAE_test": 3.598158948756434, "BATCH_SIZE": 32, "NUM_CORES": 16, "TOLERANCE": 1e-06, "MAX_ITER": 500, "NUM_QUBITS": 5}