{"MSE_train": [1091.8984010688173], "R2_train": -0.45541571466121056, "MAE_train": 24.997629432968353, "MSE_test": 1146.0969615023616, "R2_test": -0.4822235083853712, "MAE_test": 25.73003356815628}