{"MSE_train": [0.6029836177966987], "R2_train": -0.2006823361230725, "MAE_train": 0.681277914825985, "MSE_test": 0.6329974013228202, "R2_test": -0.18051796714702828, "MAE_test": 0.7433181771052026, "hyperparameters": {"alpha": 0.001, "beta": 0.001}}