{"MSE_train": [705.7739821087214], "R2_train": 0.05925812918622109, "MAE_train": 20.244364691158058, "MSE_test": 747.7406801865391, "R2_test": 0.0329624354856366, "MAE_test": 20.808263379437616}