{"MSE_train": [47.029215559384454], "R2_train": 0.7721592343681561, "MAE_train": 4.057337755695384, "MSE_test": 72.89404517307548, "R2_test": 0.5606082605466334, "MAE_test": 5.3593102820047545}