{"MSE_train": [73.37151899746604], "R2_train": 0.6445396151070133, "MAE_train": 7.0888340663243685, "MSE_test": 102.19663796741929, "R2_test": 0.3839776841006426, "MAE_test": 7.690880972274215}