{"MSE_train": [190.3061033039725], "R2_train": 0.07803079924989986, "MAE_train": 12.673784019344856, "MSE_test": 176.10005944262235, "R2_test": -0.06149838786715356, "MAE_test": 11.986144920266522, "MAX_ITER": 1000}