{"MSE_train": [1.0604573062844411], "R2_train": 0.854391228948297, "MAE_train": 0.7192338690705607, "MSE_test": 2.1360177483679985, "R2_test": 0.7870589846133871, "MAE_test": 0.9947249044661}