{"MSE_train": [0.0003926655055089665], "R2_train": -0.0071382781625208835, "MAE_train": 0.012420225059561602, "MSE_test": 0.00039123185999442053, "R2_test": -0.006968141062629218, "MAE_test": 0.012408127193923946}