{"MSE_train": [823.4003230594011], "R2_train": -0.09752864228458646, "MAE_train": 21.484049720787407, "MSE_test": 851.6467477646935, "R2_test": -0.10141713378425554, "MAE_test": 22.055935419573554}