{"MSE_train": [646.2401505045509], "R2_train": 0.13861210020210413, "MAE_train": 18.84199737828372, "MSE_test": 663.4982366424194, "R2_test": 0.1419114462754748, "MAE_test": 19.222160021591026}