{"MSE_train": [680.9171878342324], "R2_train": 0.09239030427483708, "MAE_train": 19.107875619841295, "MSE_test": 710.5620858133716, "R2_test": 0.08104474303873921, "MAE_test": 19.677130900670452}