{"MSE_train": [153.79008461376912], "R2_train": 0.25493865444678443, "MAE_train": 7.737015223005999, "MSE_test": 24.859878262156684, "R2_test": 0.8501492800094648, "MAE_test": 3.712881603262866}