{"MSE_train": [2.850182010819269], "R2_train": 0.986191824724034, "MAE_train": 1.160064727610671, "MSE_test": 53.400994512883486, "R2_test": 0.6781087424652579, "MAE_test": 2.8908920586965636}