{"MSE_train": [2.8900317998382112], "R2_train": 0.9859987658704608, "MAE_train": 1.3127684401900834, "MSE_test": 56.776149695228085, "R2_test": 0.6577639351085767, "MAE_test": 3.2932582222607834}