{"MSE_train": [2.631241713691785], "R2_train": 0.9872525169837677, "MAE_train": 1.2319101159396426, "MSE_test": 56.23535237272495, "R2_test": 0.6610237607316737, "MAE_test": 3.223796674547691}