{"MSE_train": [0.0004944525460662954], "R2_train": -0.26820940187452225, "MAE_train": 0.01598400267401872, "MSE_test": 0.0004938059689216026, "R2_test": -0.2709774673711596, "MAE_test": 0.01596197774412277}