{"MSE_train": [863.0098228173423], "R2_train": -0.1503250273155996, "MAE_train": 22.499763726878047, "MSE_test": 876.0557278510029, "R2_test": -0.13298476315150576, "MAE_test": 22.699715769593613}