{"MSE_train": [781.6498051862824], "R2_train": -0.041878446489537424, "MAE_train": 20.922134583339194, "MSE_test": 790.7986011946166, "R2_test": -0.02272348366793353, "MAE_test": 21.27920365807333}