{"MSE_train": [1647.3042333300548], "R2_train": -1.1957285271868394, "MAE_train": 34.81538719368093, "MSE_test": 1748.6198847227051, "R2_test": -1.261453949732656, "MAE_test": 36.24358124761762}