{"MSE_train": [210.40590386538466], "R2_train": -0.01934598865711612, "MAE_train": 12.676631296932667, "MSE_test": 186.80038776555406, "R2_test": -0.1259979757741192, "MAE_test": 12.019261581251284}