{"MSE_train": [3.520416098878009], "R2_train": 0.5166203686744516, "MAE_train": 1.6850814924202708, "MSE_test": 4.922555931203176, "R2_test": 0.5092671589041454, "MAE_test": 1.8119939185648337, "hyperparameters": {"alpha": 0.001, "beta": 0.001}}