{"MSE_train": [986.7021327626443], "R2_train": -0.31519726405568393, "MAE_train": 24.404808641645953, "MSE_test": 1050.63272592039, "R2_test": -0.35876158592799645, "MAE_test": 25.66173156430057}