{"MSE_train": [778.6806481231273], "R2_train": -0.03792079086445055, "MAE_train": 20.479161545595886, "MSE_test": 819.541905957167, "R2_test": -0.05989660554052789, "MAE_test": 21.36960103421586}