{"MSE_train": [819.561507780426], "R2_train": -0.0924117998409737, "MAE_train": 21.604122871895537, "MSE_test": 829.2670874212445, "R2_test": -0.07247398169068675, "MAE_test": 21.92559705247767}