Time,Iteration,Cost,Parameters
Wed Mar 19 09:56:51 2025,996,0.11838447028437658,[-2.45126594  2.24980717 -2.10561336 -0.1157028   0.53890731]
Wed Mar 19 09:57:28 2025,997,0.1180549550853561,[-2.45040105  2.25067206 -2.10474846 -0.11656769  0.53804242]
Wed Mar 19 09:58:03 2025,998,0.1234518409208966,[-2.45006916  2.25034018 -2.10441658 -0.11689958  0.53771053]
Wed Mar 19 09:58:39 2025,999,0.11594775278072225,[-2.4493944   2.24966542 -2.10509134 -0.11757434  0.53838529]
