{"MSE_train": [2460.330853859734], "R2_train": -2.27942983016385, "MAE_train": 40.293097596788996, "MSE_test": 2614.5127859827194, "R2_test": -2.381295339338296, "MAE_test": 41.2508149201109, "BATCH_SIZE": 25, "NUM_CORES": 16, "TOLERANCE": 1e-06, "MAX_ITER": 1000}