{"MSE_train": [0.0005754146549348003], "R2_train": -0.4758671609041618, "MAE_train": 0.01975909670357533, "MSE_test": 0.0005734704728198372, "R2_test": -0.4760211399397123, "MAE_test": 0.019775883619692625}