{"MSE_train": [0.0005424479629831712], "R2_train": -0.39131168836311936, "MAE_train": 0.019778132953459808, "MSE_test": 0.0005390330399584024, "R2_test": -0.38738470385819634, "MAE_test": 0.01977551971920908}