{"MSE_train": [1124.83196212271], "R2_train": -0.49931359220244587, "MAE_train": 25.493088235037263, "MSE_test": 1182.2479634781903, "R2_test": -0.5289768519332145, "MAE_test": 26.290457551449528}