Time,Iteration,Cost,Parameters
Mon Apr  1 19:55:40 2024,0,0.1666403164725875,[-2.74262599  2.23743462 -2.12427964 -0.11653103  0.55388708 -2.77010897
  3.06858498  2.18960145  1.18551998 -1.06648308]
Mon Apr  1 19:56:13 2024,1,0.16547808936246422,[-2.63409541  2.23743461 -2.12427964 -0.11653103  0.55388708 -2.77010898
  3.06858498  2.18960145  1.18551998 -1.06648308]
Mon Apr  1 19:56:29 2024,2,0.1654758096000729,[-2.6280887   2.23743461 -2.12427963 -0.11653103  0.55388708 -2.77010898
  3.06858498  2.18960145  1.18551998 -1.06648308]
Mon Apr  1 19:56:45 2024,3,0.16547566663876617,[-2.62926941  2.23743461 -2.12427963 -0.11653103  0.55388708 -2.77010898
  3.06858498  2.18960145  1.18551998 -1.06648308]
