{"MSE_train": [717.0241854300589], "R2_train": 0.04426248243833608, "MAE_train": 19.517872922128458, "MSE_test": 748.048583553515, "R2_test": 0.03256423042605383, "MAE_test": 20.247854309610982}