{"MSE_train": [18.447932436174305], "R2_train": 0.9106259587665235, "MAE_train": 2.9460272597779924, "MSE_test": 35.8806597037612, "R2_test": 0.7837180603362477, "MAE_test": 3.7817291450539243}