{"MSE_train": [0.0009841777080908795], "R2_train": -1.5242936505150952, "MAE_train": 0.026135022264500995, "MSE_test": 0.0009747057484149469, "R2_test": -1.5087364704358568, "MAE_test": 0.026006800353286015}