{"MSE_train": [3.5442279117089357], "R2_train": 0.982829405267076, "MAE_train": 1.2086319013013525, "MSE_test": 53.94056378375901, "R2_test": 0.6748563193088442, "MAE_test": 2.931844961823901}