{"MSE_train": [323.33886467207424], "R2_train": -0.5664682816661628, "MAE_train": 16.555790536860126, "MSE_test": 308.864650584689, "R2_test": -0.8617786371141096, "MAE_test": 16.38702373953042, "MAX_ITER": 1000}