{"MSE_train": [34.71935786000372], "R2_train": 0.8317963635374581, "MAE_train": 4.083359312820521, "MSE_test": 61.47795835049258, "R2_test": 0.6294223074940257, "MAE_test": 4.622533068006826, "BATCH_SIZE": 32, "NUM_CORES": 16, "TOLERANCE": 1e-06, "MAX_ITER": 500, "NUM_QUBITS": 5}