{"MSE_train": [1502.9244065108585], "R2_train": -1.0032814381288908, "MAE_train": 32.019730713236974, "MSE_test": 1516.125064581663, "R2_test": -0.9607732049384723, "MAE_test": 32.415120119470764}