{"MSE_train": [27.70890346749304], "R2_train": 0.8657596622490826, "MAE_train": 3.7149688782716828, "MSE_test": 29.353778759086744, "R2_test": 0.8230608840837329, "MAE_test": 3.5003653003944164, "hyperparameters": {"alpha": 0.001, "beta": 0.001}}