Time,Iteration,Cost,Parameters
Thu Apr  4 12:57:54 2024,0,0.06501695879569036,[-1.74143586  2.23743462 -2.12427961 -0.11653104  0.55388707]
Thu Apr  4 12:57:58 2024,1,0.04506712129451288,[-1.58916759  2.23743462 -2.12427961 -0.11653104  0.55388706]
Thu Apr  4 12:57:59 2024,2,0.04501981763391419,[-1.58127968  2.23743462 -2.12427961 -0.11653104  0.55388706]
Thu Apr  4 12:58:01 2024,3,0.04501980244334185,[-1.58141855  2.23743462 -2.12427961 -0.11653104  0.55388707]
