{"MSE_train": [8.718735299966074], "R2_train": -0.19714798948505963, "MAE_train": 2.62831761796141, "MSE_test": 10.026500784199575, "R2_test": 0.00045153679392739843, "MAE_test": 2.7832427920251135, "hyperparameters": {"alpha": 0.001, "beta": 0.001}}