{"MSE_train": [0.07653719021609874], "R2_train": 0.8475964360611448, "MAE_train": 0.2232041595323846, "MSE_test": 0.06515482980083256, "R2_test": 0.8784885260736432, "MAE_test": 0.2284735976642735}