{"MSE_train": [1226.5965526216592], "R2_train": -0.6349578829746045, "MAE_train": 28.187627174331773, "MSE_test": 1234.1699011038838, "R2_test": -0.5961264205428716, "MAE_test": 28.376114531675153}