{"MSE_train": [1226.5966344996912], "R2_train": -0.6349579921116584, "MAE_train": 28.187274142970388, "MSE_test": 1234.1626166256412, "R2_test": -0.5961169996777436, "MAE_test": 28.375617859005235}