{"MSE_train": [1699.1653033122013], "R2_train": -1.2648553032287104, "MAE_train": 34.449828887337745, "MSE_test": 1770.8511830231653, "R2_test": -1.290205228262943, "MAE_test": 35.252489413981706}