{"MSE_train": [193.26152962776055], "R2_train": 0.06371275059926684, "MAE_train": 12.624631143872477, "MSE_test": 168.7003715208512, "R2_test": -0.016894446082344805, "MAE_test": 11.312139979133274}