{"MSE_train": [206.9328143488061], "R2_train": -0.0025200355734209534, "MAE_train": 12.576301569013806, "MSE_test": 193.49184921782089, "R2_test": -0.16633286019459126, "MAE_test": 12.089330339889603}