{"MSE_train": [781.6988107392982], "R2_train": -0.041943767083372, "MAE_train": 20.590952730735786, "MSE_test": 798.4992707320459, "R2_test": -0.03268260039373194, "MAE_test": 21.000975638656122}