{"MSE_train": [0.4701585647694316], "R2_train": 0.9354436898026831, "MAE_train": 0.4686794662402642, "MSE_test": 0.7943053543361287, "R2_test": 0.9208151763679921, "MAE_test": 0.6628992256541784}