{"MSE_train": [0.0008406315218752779], "R2_train": -1.1561155019543068, "MAE_train": 0.021492987781929568, "MSE_test": 0.0008414760035720349, "R2_test": -1.1658244476250643, "MAE_test": 0.021505026097905354}