{"MSE_train": [1950.612339577363], "R2_train": -1.600014662036342, "MAE_train": 37.71283417662727, "MSE_test": 2008.2095056560015, "R2_test": -1.59717584029225, "MAE_test": 38.779230049377205}