{"MSE_train": [2530.623107969641], "R2_train": -2.3731239423178523, "MAE_train": 42.904934263022696, "MSE_test": 2679.951726721564, "R2_test": -2.465926168652952, "MAE_test": 44.78679937642176}