{"MSE_train": [761.6911807971794], "R2_train": -0.01527515120997025, "MAE_train": 20.175071702825843, "MSE_test": 775.7187005278637, "R2_test": -0.00322095986481874, "MAE_test": 20.56665454525424}