{"MSE_train": [0.4141592309283161], "R2_train": 0.9431328198902378, "MAE_train": 0.49236762281789864, "MSE_test": 6.076575331479379, "R2_test": 0.3942222052475485, "MAE_test": 1.5097191714136635, "BATCH_SIZE": 32, "NUM_CORES": 16, "TOLERANCE": 1e-06, "MAX_ITER": 1000, "NUM_QUBITS": 5}