{"MSE_train": [0.13004402553032524], "R2_train": 0.7410517304879021, "MAE_train": 0.29880716597484724, "MSE_test": 0.17262892826567575, "R2_test": 0.6780530993633025, "MAE_test": 0.3602475262134167}