{"MSE_train": [5.356425289215221], "R2_train": 0.2645224857513585, "MAE_train": 2.0495609222396736, "MSE_test": 6.376491630851576, "R2_test": 0.3643233519406853, "MAE_test": 2.202311762036189}