{"MSE_train": [1522.0688802331083], "R2_train": -1.0287995338390843, "MAE_train": 31.589872497212518, "MSE_test": 1668.0038224979432, "R2_test": -1.1571948629391922, "MAE_test": 33.33627110625856}