{"ridge": {"MSE_train": [746.4841438715645], "R2_train": 0.07277441497873705, "MAE_train": 20.151921975520313, "MSE_test": 830.1491929897207, "R2_test": -0.10888486402343367, "MAE_test": 21.839490441169207}, "lasso": {"MSE_train": [738.8218493670162], "R2_train": 0.08229193194532303, "MAE_train": 20.063515779325794, "MSE_test": 859.5612423406399, "R2_test": -0.14817247234801134, "MAE_test": 22.55062576513857}, "elastic": {"MSE_train": [744.4771652604761], "R2_train": 0.07526733051092782, "MAE_train": 20.12230810560778, "MSE_test": 841.0629608265745, "R2_test": -0.12346310136432415, "MAE_test": 22.172004381413707}, "knn": {"MSE_train": [0.20066184511121185], "R2_train": 0.9997507531831021, "MAE_train": 0.05214220716795624, "MSE_test": 1250.2047065028798, "R2_test": -0.669980634419612, "MAE_test": 28.002176665979604}, "rfr": {"MSE_train": [217.54599720514733], "R2_train": 0.7297809790286952, "MAE_train": 11.234977877326866, "MSE_test": 917.8843606591062, "R2_test": -0.22607849655683832, "MAE_test": 23.129841138531447}, "grad": {"MSE_train": [489.4635378111146], "R2_train": 0.3920257798917518, "MAE_train": 16.74288701223449, "MSE_test": 883.4727962837195, "R2_test": -0.18011270726803663, "MAE_test": 22.632747820385497}, "svr": {"MSE_train": [435.2319479054454], "R2_train": 0.4593881185157441, "MAE_train": 14.054772557836346, "MSE_test": 1220.9779596770381, "R2_test": -0.6309405468624565, "MAE_test": 28.03000355024363}, "krr": {"MSE_train": [7.480746819373399], "R2_train": 0.9907079877008307, "MAE_train": 1.9931092674124222, "MSE_test": 1100.5351619261621, "R2_test": -0.47005718211980607, "MAE_test": 25.503881861704826}, "gpr": {"MSE_train": [611.0971657355557], "R2_train": 0.24094177799243877, "MAE_train": 18.053364139372572, "MSE_test": 980.4523246364458, "R2_test": -0.3096546402345379, "MAE_test": 24.771522844768565}}