{"MSE_train": [0.0007579565521245308], "R2_train": -0.9440644673874199, "MAE_train": 0.021082438448668354, "MSE_test": 0.0007556978391177697, "R2_test": -0.9450451920564924, "MAE_test": 0.021076238856838115}