{"MSE_train": [750.7499356670562], "R2_train": -0.000691321721114635, "MAE_train": 19.985419235116158, "MSE_test": 776.5246644727437, "R2_test": -0.004263296373979264, "MAE_test": 20.583795306425408}