{"MSE_train": [761.1707885867447], "R2_train": -0.014581508834349277, "MAE_train": 20.1663871900501, "MSE_test": 774.7818962148488, "R2_test": -0.0020094102122594215, "MAE_test": 20.546025911290364, "BATCH_SIZE": 25, "NUM_CORES": 16, "TOLERANCE": 1e-06, "MAX_ITER": 1000}