{"MSE_train": [0.0006833343893374622], "R2_train": -0.7526678830484996, "MAE_train": 0.019297002793269853, "MSE_test": 0.0006683961668448244, "R2_test": -0.7203446713943964, "MAE_test": 0.01911077247277901}