{"MSE_train": [5.284853858213814], "R2_train": 0.27434978200248306, "MAE_train": 1.6292156747088782, "MSE_test": 13.513615132078007, "R2_test": -0.34718118796868147, "MAE_test": 2.6096327125260914}