{"MSE_train": [0.34799221712911904], "R2_train": 0.9522180489761864, "MAE_train": 0.4961966590957424, "MSE_test": 17.386495611259093, "R2_test": -0.7332711922946811, "MAE_test": 2.2749529669090784, "BATCH_SIZE": 32, "NUM_CORES": 16, "TOLERANCE": 1e-06, "MAX_ITER": 1000, "NUM_QUBITS": 5}