{"MSE_train": [122.33259332218856], "R2_train": -0.08990848911596072, "MAE_train": 8.164619644783745, "MSE_test": 200.62752139550958, "R2_test": -0.20934536420475025, "MAE_test": 11.943504938754327}