{"MSE_train": [5.9550511188451285], "R2_train": 0.18232665301423467, "MAE_train": 2.002973122812359, "MSE_test": 11.080131230330412, "R2_test": -0.1045855759420371, "MAE_test": 2.833474309413845}