{"MSE_train": [2.8039516651076], "R2_train": 0.6149963288242148, "MAE_train": 1.2075327023956917, "MSE_test": 5.781229340123606, "R2_test": 0.42366544153981034, "MAE_test": 1.8252719001590823}