{"MSE_train": [0.06455803035311944], "R2_train": 0.8714497634560578, "MAE_train": 0.20688646808622257, "MSE_test": 0.047423798590832573, "R2_test": 0.9115562778143408, "MAE_test": 0.1966504212241192}