{"MSE_train": [45.20497701804226], "R2_train": 0.7809970578574656, "MAE_train": 4.726754246263257, "MSE_test": 63.780442918990126, "R2_test": 0.6155433589843833, "MAE_test": 5.8337673094720515}