{"MSE_train": [35.828948094555514], "R2_train": 0.8264207712472003, "MAE_train": 4.205177836727094, "MSE_test": 59.37525302816276, "R2_test": 0.642097023884681, "MAE_test": 5.600355980194175}