{"MSE_train": [72.93194203520409], "R2_train": 0.6466692179601465, "MAE_train": 6.028567111923473, "MSE_test": 21.90254042219543, "R2_test": 0.8679755621778715, "MAE_test": 3.551293282360683}