{"MSE_train": [117.30112150314244], "R2_train": 0.4317154344409031, "MAE_train": 6.268261775078413, "MSE_test": 152.93772981453372, "R2_test": 0.0781198248539764, "MAE_test": 7.196719136212576}