{"MSE_train": [184.03476890538207], "R2_train": 0.10841330965141638, "MAE_train": 12.986905088583967, "MSE_test": 197.52442669767785, "R2_test": -0.1906404868209881, "MAE_test": 13.933554033480835, "MAX_ITER": 1000}