{"MSE_train": [163.71622685294284], "R2_train": 0.20684982666933205, "MAE_train": 12.11343143185662, "MSE_test": 168.47830036893956, "R2_test": -0.015555842503833128, "MAE_test": 12.618545902017766}