{"MSE_train": [841.8875503911745], "R2_train": -0.12217067963241979, "MAE_train": 21.648014008123027, "MSE_test": 835.6219440631634, "R2_test": -0.08069258641914145, "MAE_test": 21.668795245815286}