{"MSE_train": [912.5945933842003], "R2_train": -0.21641767313341087, "MAE_train": 23.47575978663974, "MSE_test": 948.8175656224099, "R2_test": -0.2270861438206664, "MAE_test": 24.08379707307005}