{"MSE_train": [2027.8094918007419], "R2_train": -1.7029124667799156, "MAE_train": 35.21646689285753, "MSE_test": 2179.541618286917, "R2_test": -1.8187561198088975, "MAE_test": 35.94175864800915}