{"MSE_train": [782.2413694657668], "R2_train": -0.04266695570225432, "MAE_train": 20.794669244558076, "MSE_test": 804.3190073103569, "R2_test": -0.040209145405835534, "MAE_test": 21.337118507585416}