{"MSE_train": [1.5598635980506006], "R2_train": 0.992442984382499, "MAE_train": 0.9120310137789375, "MSE_test": 1.4367238306514787, "R2_test": 0.9913396961087128, "MAE_test": 1.027332912676595, "hyperparameters": {"alpha": 0.001, "beta": 0.001}}