{"MSE_train": [1639.6542481628471], "R2_train": -1.185531691457086, "MAE_train": 33.4238358271516, "MSE_test": 1653.5131826401364, "R2_test": -1.1384544179591858, "MAE_test": 34.086543951211894, "BATCH_SIZE": 25, "NUM_CORES": 16, "TOLERANCE": 1e-06, "MAX_ITER": 1000}