{"MSE_train": [0.5018599584699153], "R2_train": 0.0006786759081582883, "MAE_train": 0.6185497528459297, "MSE_test": 0.5733852507947689, "R2_test": -0.06934339579559179, "MAE_test": 0.6788977848439731, "hyperparameters": {"alpha": 0.001, "beta": 0.001}}