{"MSE_train": [868.9909532053596], "R2_train": -0.15829740931527758, "MAE_train": 22.745263587413863, "MSE_test": 851.8457204085914, "R2_test": -0.10167446099147948, "MAE_test": 22.596471960533083}