{"MSE_train": [632.6938203729246], "R2_train": 0.15666830555075073, "MAE_train": 19.185762308732734, "MSE_test": 611.1015063365677, "R2_test": 0.20967505444354484, "MAE_test": 19.036470419229396}