{"MSE_train": [104.14487384011363], "R2_train": 0.4954530389221349, "MAE_train": 8.176196809383324, "MSE_test": 231.21716744794153, "R2_test": -0.39373405818280727, "MAE_test": 11.03262456753733, "MAX_ITER": 1000}