Time,Iteration,Cost,Parameters
Mon Mar 24 10:34:52 2025,997,0.09302120694163124,[-3.15894439  2.04553609 -1.75002823  0.00447231  0.68844048 -2.93886525
  3.01053244  2.14729953  0.81640307 -0.94665324  0.71283961  0.98728507
  1.68788331 -1.98082949  0.66429921  2.79057442 -0.32400649 -0.40339046
 -1.88226569  0.82842396  1.81495191  2.51172099 -0.97982856 -0.34111855
 -2.36202713 -2.64018523  3.23355426  2.57394756 -0.57754577 -2.69393234]
