Time,Iteration,Cost,Parameters
Tue Mar 25 10:09:48 2025,997,0.09650705155009408,[-3.16022627  2.04425422 -1.7513101   0.00575418  0.69563067 -2.93758337
  3.01181431  2.1485814   0.82359326 -0.95384343  0.70564942  0.99447526
  1.68660144 -1.97954761  0.65710902  2.79776462 -0.32528836 -0.41058065
 -1.88354757  0.82714209  1.82214211  2.51891118 -0.98701875 -0.33983668
 -2.36921733 -2.63299503  3.24074445  2.58113775 -0.57035557 -2.70112253]
Tue Mar 25 10:12:14 2025,998,0.09694748471728208,[-3.16061893  2.04464689 -1.75091743  0.00614684  0.69602334 -2.93797604
  3.01220697  2.14818874  0.82398592 -0.95345077  0.70525675  0.9940826
  1.6869941  -1.97994028  0.65671636  2.79815728 -0.3248957  -0.41018799
 -1.8831549   0.82674942  1.82174944  2.51930385 -0.98662608 -0.33944401
 -2.36882466 -2.63260237  3.24113711  2.58153041 -0.57074824 -2.7015152 ]
