{"MSE_train": [1726.3798019253472], "R2_train": -1.3011301149780699, "MAE_train": 32.90113646519952, "MSE_test": 1659.682825697197, "R2_test": -1.1464334897870478, "MAE_test": 32.748327413554435}