{"MSE_train": [668.085675507458], "R2_train": 0.10949371303977007, "MAE_train": 19.550970912504532, "MSE_test": 690.5884265943758, "R2_test": 0.10687626361450742, "MAE_test": 19.92386000557875}