{"MSE_train": [1109.1435597584352], "R2_train": -0.4784021710330928, "MAE_train": 25.626328301902102, "MSE_test": 1082.7672697297478, "R2_test": -0.40032052715669764, "MAE_test": 25.348896518185317}