{"MSE_train": [681.9487232878073], "R2_train": 0.09101534767824038, "MAE_train": 19.64461020094905, "MSE_test": 704.6962003834461, "R2_test": 0.08863097140665444, "MAE_test": 20.020497367927582}