Time,Iteration,Cost,Parameters
Tue Mar 25 11:22:31 2025,999,0.09831729428136604,[-3.16108358  2.04511153 -1.75045279  0.0056822   0.69648799 -2.93751139
  3.01267162  2.14772409  0.82445057 -0.95298612  0.7057214   0.99361795
  1.68652945 -1.97947563  0.65718101  2.79769263 -0.32443105 -0.41065263
 -1.88361955  0.82721407  1.82221409  2.5197685  -0.98616144 -0.33990866
 -2.36836001 -2.63213772  3.24067247  2.58199506 -0.57121289 -2.70105055]
