{"MSE_train": [0.4243179127927103], "R2_train": 0.15508314363095976, "MAE_train": 0.5617487381571074, "MSE_test": 0.4888478435866318, "R2_test": 0.08831590564336456, "MAE_test": 0.6227615745059667}