{"MSE_train": [0.20335789199915544], "R2_train": 0.5950665629577139, "MAE_train": 0.3843230436092314, "MSE_test": 0.19648536955121995, "R2_test": 0.6335616725250266, "MAE_test": 0.37989635062073235, "hyperparameters": {"alpha": 0.001, "beta": 0.001}}