{"MSE_train": [787.3808988247915], "R2_train": -0.04951754893305793, "MAE_train": 20.905344455075586, "MSE_test": 791.1877501188003, "R2_test": -0.023226761927158446, "MAE_test": 21.015956454306142}