{"MSE_train": [978.0874608175287], "R2_train": -0.30371457581903183, "MAE_train": 24.237797957972884, "MSE_test": 973.7392393585131, "R2_test": -0.25931682928687727, "MAE_test": 24.24677896580653}