{"MSE_train": [940.5629891768339], "R2_train": -0.25369737123592495, "MAE_train": 23.184092438089674, "MSE_test": 932.727349733104, "R2_test": -0.20627700022529205, "MAE_test": 23.550352011307655}