{"MSE_train": [1108.1654742092926], "R2_train": -0.4770984590053877, "MAE_train": 25.54709594279498, "MSE_test": 1078.2430934668448, "R2_test": -0.39446950351890386, "MAE_test": 25.21055451727135}