Time,Iteration,Cost,Parameters
Wed Mar 19 10:48:41 2025,997,0.16537716775147945,[-1.76802622  2.29371041 -2.08280875 -0.11129251  0.50810671 -2.92353279
  3.1848593   2.17452605  1.15480029 -1.08482351  0.6471024   1.23121158
  1.55008586 -1.62006783  0.89053673  2.78237034 -0.4641106  -0.29914341
 -2.18608145  0.74495392]
Wed Mar 19 10:49:26 2025,998,0.16208760546573614,[-1.76766714  2.29406949 -2.08244967 -0.11093342  0.50774763 -2.92389187
  3.18450022  2.17416697  1.15515937 -1.08518259  0.64674332  1.2308525
  1.54972678 -1.61970874  0.89017765  2.78272942 -0.46446968 -0.29878433
 -2.18572237  0.74459484]
Wed Mar 19 10:50:24 2025,999,0.15590133852505725,[-1.76715191  2.29458472 -2.08296489 -0.1104182   0.5072324  -2.9244071
  3.18501545  2.17365174  1.1556746  -1.08466737  0.64622809  1.23136773
  1.54921155 -1.62022397  0.89069288  2.78221419 -0.46498491 -0.2982691
 -2.18520714  0.74407961]
