{"MSE_train": [759.8213415190038], "R2_train": -0.012782800761719892, "MAE_train": 19.81132296145026, "MSE_test": 790.4463068140913, "R2_test": -0.022267868628170984, "MAE_test": 20.652064610178037}