{"MSE_train": [1171.5469367930837], "R2_train": -0.5615810231087555, "MAE_train": 26.270366357503093, "MSE_test": 1251.031081904651, "R2_test": -0.6179326371209806, "MAE_test": 27.37574233255171}