{"MSE_train": [0.17325841861344496], "R2_train": 0.6550017004211234, "MAE_train": 0.34710497271108487, "MSE_test": 0.17606388601190798, "R2_test": 0.6716470235605522, "MAE_test": 0.3613922358355658, "hyperparameters": {"alpha": 0.001, "beta": 0.001}}