{"MSE_train": [1.433396484579133], "R2_train": 0.8031838723609904, "MAE_train": 0.8409193800082267, "MSE_test": 3.5035368188826923, "R2_test": 0.6507301082927456, "MAE_test": 1.3861290844861642, "BATCH_SIZE": 32, "NUM_CORES": 16, "TOLERANCE": 1e-06, "MAX_ITER": 1000, "NUM_QUBITS": 5}