{"MSE_train": [1.433396484579133], "R2_train": 0.8031838723609904, "MAE_train": 0.8409193800082267, "MSE_test": 3.5035368188826923, "R2_test": 0.6507301082927456, "MAE_test": 1.3861290844861642}