{"MSE_train": [4.250861319917424], "R2_train": 0.41632474118823715, "MAE_train": 1.2205757663518204, "MSE_test": 4.3401251563940075, "R2_test": 0.5673300662348709, "MAE_test": 1.5117813818159522}