{"MSE_train": [2.2942215348275514], "R2_train": 0.6849861128525352, "MAE_train": 1.101310552257758, "MSE_test": 4.542523053064463, "R2_test": 0.5471528866856603, "MAE_test": 1.4457191868630463}