{"MSE_train": [5.953883344808178], "R2_train": 0.1824869971802645, "MAE_train": 2.008201136191718, "MSE_test": 11.067925498776294, "R2_test": -0.1033687785288806, "MAE_test": 2.8357606912268505, "BATCH_SIZE": 32, "NUM_CORES": 16, "TOLERANCE": 1e-06, "MAX_ITER": 1000, "NUM_QUBITS": 5}