{"MSE_train": [1.7276374812416067], "R2_train": 0.7627823685350936, "MAE_train": 1.0751745631596337, "MSE_test": 3.1358455944776775, "R2_test": 0.6873854884895498, "MAE_test": 1.4469289960555778}