{"MSE_train": [3.3754752381070885], "R2_train": 0.5365218399425169, "MAE_train": 1.2714804514942948, "MSE_test": 6.452707944783702, "R2_test": 0.35672529743475623, "MAE_test": 1.9091609956874236}