Time,Iteration,Cost,Parameters
Thu Apr  4 22:01:05 2024,0,0.19493582310884588,[-2.79280257  2.23743464 -2.12427964 -0.11653103  0.55388707]
Thu Apr  4 22:01:07 2024,1,0.1923900366336874,[-2.52841889  2.23743464 -2.12427964 -0.11653103  0.55388705]
Thu Apr  4 22:01:08 2024,2,0.19226491669837842,[-2.45536684  2.23743463 -2.12427964 -0.11653103  0.55388704]
Thu Apr  4 22:01:10 2024,3,0.19226486793614453,[-2.45680995  2.23743463 -2.12427964 -0.11653103  0.55388704]
