{"MSE_train": [0.29013306262877725], "R2_train": 0.4222767698124863, "MAE_train": 0.45581594392389607, "MSE_test": 0.35363241514823546, "R2_test": 0.34048794043123554, "MAE_test": 0.5184028140600493, "hyperparameters": {"alpha": 0.001, "beta": 0.001}}