{"MSE_train": [938.2161446370651], "R2_train": -0.2505692098431591, "MAE_train": 23.233895422417465, "MSE_test": 945.1652719179704, "R2_test": -0.22236270787232226, "MAE_test": 23.719181622438757}