{"MSE_train": [860.0000749905785], "R2_train": -0.1463132673570251, "MAE_train": 22.268462039334647, "MSE_test": 898.8114996564854, "R2_test": -0.16241433242400904, "MAE_test": 23.228512341865304}