{"MSE_train": [987.4002045647762], "R2_train": -0.3161277395191431, "MAE_train": 24.76249351302143, "MSE_test": 976.0480847747436, "R2_test": -0.26230281133562006, "MAE_test": 24.907277229661805}