{"MSE_train": [2.9012736262717373], "R2_train": 0.6016332909371898, "MAE_train": 1.2849415215790356, "MSE_test": 13.752472937393275, "R2_test": -0.3709930798107375, "MAE_test": 2.453556829995592, "hyperparameters": {"alpha": 0.001, "beta": 0.001}}