Time,Iteration,Cost,Parameters
Fri Apr  5 05:26:42 2024,0,0.5977001846160478,[-0.10470943  2.23743448 -2.12427948 -0.11653103  0.55388708 -2.77010897
  3.06858467  2.18960145  1.18551998 -1.06648324  0.60271542  1.14432445
  1.31029899 -1.87354649]
Fri Apr  5 05:28:11 2024,1,0.3647372670172091,[-1.39462595  2.23743452 -2.12427957 -0.11653105  0.55388703 -2.77010897
  3.06858476  2.18960143  1.18552001 -1.0664832   0.60271525  1.14432445
  1.31029896 -1.87354667]
Fri Apr  5 05:28:56 2024,2,0.36470214247711896,[-1.40326396  2.23743452 -2.12427957 -0.11653105  0.55388703 -2.77010897
  3.06858476  2.18960143  1.18552001 -1.0664832   0.60271525  1.14432445
  1.31029896 -1.87354667]
Fri Apr  5 05:29:18 2024,3,0.3647013850325038,[-1.40473489  2.23743452 -2.12427957 -0.11653105  0.55388703 -2.77010897
  3.06858476  2.18960143  1.18552001 -1.0664832   0.60271526  1.14432445
  1.31029896 -1.87354667]
