{"MSE_train": [88.73366787800296], "R2_train": 0.5701151595625178, "MAE_train": 6.5209869254257145, "MSE_test": 97.26979305155028, "R2_test": 0.41367578841712893, "MAE_test": 6.242524022926084}