{"MSE_train": [8.698100858942666], "R2_train": -0.19431472540082773, "MAE_train": 2.621462392162189, "MSE_test": 10.03326530737596, "R2_test": -0.00022282297433107168, "MAE_test": 2.784402915978514}