{"MSE_train": [0.3961574356169704], "R2_train": 0.21115728316605376, "MAE_train": 0.5425771690553329, "MSE_test": 0.42356449145382075, "R2_test": 0.21006706921420204, "MAE_test": 0.5722272891898994, "hyperparameters": {"alpha": 0.001, "beta": 0.001}}