{"MSE_train": [4.999513945075628], "R2_train": 0.9757790328525731, "MAE_train": 1.5434574309041373, "MSE_test": 6.65215851339335, "R2_test": 0.9599020263811749, "MAE_test": 2.1326512008937923}