{"MSE_train": [0.0004886730012737516], "R2_train": -0.2533855869244901, "MAE_train": 0.017543133861026673, "MSE_test": 0.00048597815539216493, "R2_test": -0.250829929186424, "MAE_test": 0.01753585848943853}