{"MSE_train": [966.7165951362009], "R2_train": -0.28855809552223244, "MAE_train": 22.889388308853885, "MSE_test": 955.9398047451119, "R2_test": -0.23629718844831538, "MAE_test": 22.463320437856545}