{"MSE_train": [807.876259110852], "R2_train": -0.07683627145227478, "MAE_train": 21.424926823951324, "MSE_test": 835.2258477783306, "R2_test": -0.08018032328200375, "MAE_test": 22.02532604683055}