{"MSE_train": [878.0113925764398], "R2_train": -0.1703209539976105, "MAE_train": 22.801299515027683, "MSE_test": 886.6226449212892, "R2_test": -0.14665073856095612, "MAE_test": 22.943363019211294}