Time,Iteration,Cost,Parameters
Fri Apr  5 01:57:18 2024,0,0.5218812661217482,[-3.29775942  2.50503927 -1.69632836 -0.11653104  0.55388708 -2.77010897
  3.06858497  2.18960145  1.18551998 -1.0664831   0.6027151   1.14432444
  1.31029897 -1.8735468   0.72965079]
Fri Apr  5 01:57:30 2024,1,0.47171396698913903,[-3.4509089   2.75730876 -1.54392848 -0.11653104  0.55388708 -2.77010897
  3.06858496  2.18960145  1.18551998 -1.0664831   0.6027151   1.14432443
  1.31029897 -1.8735468   0.72965079]
Fri Apr  5 01:57:42 2024,2,0.10426207429192054,[-3.46897118  4.30453967 -1.47860889 -0.11653106  0.55388708 -2.77010897
  3.06858493  2.18960145  1.18552    -1.06648315  0.6027151   1.1443244
  1.31029893 -1.87354679  0.72965076]
Fri Apr  5 01:57:49 2024,3,0.08430300343818213,[-3.51592906  4.95663187 -1.57061313 -0.11653108  0.55388708 -2.77010897
  3.06858492  2.18960145  1.18552    -1.06648316  0.6027151   1.14432439
  1.31029892 -1.87354678  0.72965074]
Fri Apr  5 01:57:55 2024,4,0.07602906241417923,[-3.47303797  4.69714196 -1.5407244  -0.11653107  0.55388708 -2.77010897
  3.06858493  2.18960145  1.18552    -1.06648316  0.6027151   1.14432439
  1.31029892 -1.87354679  0.72965075]
Fri Apr  5 01:58:01 2024,5,0.07586535136762285,[-3.47647627  4.71566275 -1.54940804 -0.11653108  0.55388708 -2.77010897
  3.06858493  2.18960145  1.18552    -1.06648316  0.6027151   1.14432439
  1.31029892 -1.87354679  0.72965075]
Fri Apr  5 01:58:07 2024,6,0.07585218654002343,[-3.47736992  4.71415913 -1.55386482 -0.11653108  0.55388708 -2.77010897
  3.06858492  2.18960145  1.18552    -1.06648316  0.6027151   1.14432439
  1.31029892 -1.87354679  0.72965074]
Fri Apr  5 01:58:13 2024,7,0.07584901883355913,[-3.47759527  4.70979614 -1.55650804 -0.11653107  0.55388708 -2.77010898
  3.06858492  2.18960145  1.18552    -1.06648316  0.6027151   1.14432439
  1.31029893 -1.87354679  0.72965074]
Fri Apr  5 01:58:20 2024,8,0.07584870126071389,[-3.47755734  4.70778694 -1.55709978 -0.11653108  0.55388708 -2.77010897
  3.06858492  2.18960145  1.18552    -1.06648316  0.6027151   1.14432439
  1.31029893 -1.87354679  0.72965074]
Fri Apr  5 01:58:26 2024,9,0.07584869504062876,[-3.47753597  4.70759388 -1.5570771  -0.11653108  0.55388708 -2.77010897
  3.06858492  2.18960145  1.18552    -1.06648316  0.6027151   1.14432439
  1.31029893 -1.87354678  0.72965074]
