{"MSE_train": [1011.7213809318883], "R2_train": -0.34854597756133887, "MAE_train": 24.367714562396905, "MSE_test": 1084.8015922023058, "R2_test": -0.4029514743572813, "MAE_test": 25.78202604846483}