{"MSE_train": [46.60559826424536], "R2_train": 0.7742115179903974, "MAE_train": 5.2511387556955755, "MSE_test": 64.85119865880968, "R2_test": 0.6090890426416435, "MAE_test": 5.670044341947424}