{"MSE_train": [2.0604521260749165], "R2_train": 0.7170844124410565, "MAE_train": 1.2011936640594656, "MSE_test": 2.527064086582788, "R2_test": 0.7480753177471846, "MAE_test": 1.2197800600935995}