{"MSE_train": [0.5006381627401583], "R2_train": 0.003111558838593931, "MAE_train": 0.6163732268965338, "MSE_test": 0.5397052521362219, "R2_test": -0.006531378768644069, "MAE_test": 0.6603442482639019, "hyperparameters": {"alpha": 0.001, "beta": 0.001}}