Time,Iteration,Cost,Parameters
Thu Apr  4 23:27:41 2024,0,0.32790053466832075,[-3.05046283  2.17609279 -1.83792283 -0.11653103  0.55388708 -2.77010898
  3.06858498  2.18960146  1.18551998 -1.06648308  0.6027151   1.14432445
  1.31029899 -1.8735468   0.7296508 ]
Thu Apr  4 23:27:49 2024,1,0.32353519765598643,[-3.11240258  2.21271449 -1.74344805 -0.11653103  0.55388708 -2.77010897
  3.06858498  2.18960145  1.18551998 -1.06648308  0.6027151   1.14432445
  1.31029899 -1.87354681  0.7296508 ]
Thu Apr  4 23:27:58 2024,2,0.31296647892021023,[-3.11519849  2.44280058 -1.79012552 -0.11653104  0.55388707 -2.77010895
  3.06858499  2.18960145  1.18551996 -1.06648308  0.60271512  1.14432445
  1.31029899 -1.87354681  0.7296508 ]
Thu Apr  4 23:28:03 2024,3,0.2989586452056768,[-3.17845324  2.93969454 -1.80715107 -0.11653104  0.55388707 -2.77010892
  3.06858503  2.18960144  1.18551992 -1.06648308  0.60271515  1.14432445
  1.31029899 -1.87354682  0.7296508 ]
Thu Apr  4 23:28:08 2024,4,0.2946668623313584,[-3.25796477  3.14592683 -1.77471535 -0.11653103  0.55388707 -2.77010889
  3.06858505  2.18960144  1.18551991 -1.06648307  0.60271517  1.14432446
  1.31029899 -1.87354682  0.72965081]
Thu Apr  4 23:28:15 2024,5,0.29419094902409626,[-3.25698058  3.05224806 -1.76314111 -0.11653104  0.55388707 -2.7701089
  3.06858504  2.18960144  1.18551991 -1.06648308  0.60271516  1.14432445
  1.31029899 -1.87354682  0.72965081]
Thu Apr  4 23:28:20 2024,6,0.2941598051118628,[-3.25645868  3.06886499 -1.76575121 -0.11653104  0.55388708 -2.7701089
  3.06858504  2.18960144  1.18551991 -1.06648308  0.60271517  1.14432445
  1.31029899 -1.87354682  0.72965081]
Thu Apr  4 23:28:25 2024,7,0.29415979437382034,[-3.2565222   3.06931276 -1.76576411 -0.11653103  0.55388708 -2.7701089
  3.06858504  2.18960144  1.18551991 -1.06648308  0.60271517  1.14432445
  1.31029899 -1.87354682  0.72965081]
