{"MSE_train": 0.0005937036837629877, "R2_train": -0.5241123038155877, "MAE_train": 0.02120923543858609, "MSE_test": 0.0006304025994866322, "R2_test": -0.6043427532631109, "MAE_test": 0.02121707355813405}