{"MSE_train": [738.4765727805756], "R2_train": 0.01566811721499739, "MAE_train": 19.93213032291439, "MSE_test": 775.5918239191744, "R2_test": -0.003056872969572799, "MAE_test": 20.720465692562883}