{"MSE_train": [761.1708789961164], "R2_train": -0.014581629343015878, "MAE_train": 20.153422230345658, "MSE_test": 775.188509320319, "R2_test": -0.0025352745361255646, "MAE_test": 20.537323557001553}