{"MSE_train": [189.7043741589169], "R2_train": 0.08094597500781464, "MAE_train": 12.827544575998184, "MSE_test": 155.65826678129227, "R2_test": 0.06172093428297054, "MAE_test": 11.023308198024846}