Time,Iteration,Cost,Parameters
Tue Aug 13 14:37:40 2024,0,0.4209579060584894,[-2.92808031  2.26233149 -2.14917649 -0.09163417  0.52899022 -2.74521211
  3.04368812  2.16470459  1.16062313 -1.04158623  0.62761196  1.16922131
  1.33519584 -1.84864994  0.75454766  2.91068105 -0.57024021 -0.50012171
 -2.05143926  0.70407684  1.6300235   2.80587421 -1.23967024 -0.2762579 ]
Tue Aug 13 14:40:17 2024,1,0.41343552859628524,[-2.91103098  2.27938082 -2.16622582 -0.10868349  0.5119409  -2.72816279
  3.06073745  2.18175392  1.1435738  -1.0245369   0.64466129  1.18627064
  1.31814652 -1.83160062  0.77159699  2.92773038 -0.55319088 -0.51717104
 -2.06848859  0.72112616  1.61297417  2.82292354 -1.22262091 -0.25920858]
