Time,Iteration,Cost,Parameters
Wed Aug 14 10:55:42 2024,0,0.42693080446810616,[-2.92611702  2.26036821 -2.10134606 -0.1394646   0.57682066 -2.7471754
  3.09151856  2.16666788  1.16258641 -1.04354951  0.62564868  1.16725803
  1.28736541 -1.85061322  0.75258438  2.86285062 -0.52240977 -0.45229128
 -2.04947598  0.70604012  1.58219306  2.85370465 -1.24163352 -0.22842747]
