{"MSE_train": [2.122479239642794], "R2_train": 0.7085676228211635, "MAE_train": 1.2181502335903913, "MSE_test": 3.039513837426972, "R2_test": 0.6969888647611311, "MAE_test": 1.5096786795725659, "hyperparameters": {"alpha": 0.001, "beta": 0.001}}