Time,Iteration,Cost,Parameters
Mon Apr  1 20:04:49 2024,0,0.08855552958450588,[-4.09013748  2.23743466 -2.12427961 -0.11653103  0.55388708 -2.770109
  3.06858498  2.18960145  1.18552004 -1.06648311  0.60271508  1.14432445
  1.31029901 -1.8735468 ]
Mon Apr  1 20:05:18 2024,1,0.08842801234332383,[-4.10274147  2.23743466 -2.12427961 -0.11653103  0.55388708 -2.770109
  3.06858498  2.18960145  1.18552004 -1.06648311  0.60271508  1.14432445
  1.31029901 -1.8735468 ]
Mon Apr  1 20:05:34 2024,2,0.08842800696245781,[-4.10282414  2.23743466 -2.12427961 -0.11653103  0.55388708 -2.770109
  3.06858498  2.18960145  1.18552004 -1.06648311  0.60271508  1.14432445
  1.31029901 -1.8735468 ]
