{"MSE_train": [777.875507415255], "R2_train": -0.036847600870213215, "MAE_train": 20.493932552744123, "MSE_test": 795.9836305332487, "R2_test": -0.02942917492752284, "MAE_test": 20.971512894278472}