{"MSE_train": [1087.57188167307], "R2_train": -0.4496488005305612, "MAE_train": 25.33069300169466, "MSE_test": 1156.5716338430545, "R2_test": -0.4957701855929062, "MAE_test": 26.404461650092134}