Time,Iteration,Cost,Parameters
Mon Apr  1 19:04:30 2024,0,0.14829497439679118,[-2.4977156   2.23743458 -2.12427966 -0.11653107  0.55388706 -2.77010901
  3.06858496  2.18960141  1.18551998 -1.06648312  0.60271508  1.14432441
  1.31029895 -1.8735468   0.72965072  2.88578419 -0.54534335 -0.47522485
 -2.0265424   0.7289737 ]
Mon Apr  1 19:04:48 2024,1,0.14799768530049118,[-2.45785305  2.23743457 -2.12427966 -0.11653107  0.55388706 -2.77010902
  3.06858496  2.18960141  1.18551999 -1.06648313  0.60271508  1.14432441
  1.31029894 -1.8735468   0.72965072  2.88578419 -0.54534335 -0.47522485
 -2.0265424   0.7289737 ]
Mon Apr  1 19:04:58 2024,2,0.14799548058838122,[-2.45387985  2.23743457 -2.12427966 -0.11653107  0.55388706 -2.77010902
  3.06858496  2.18960141  1.18551998 -1.06648313  0.60271508  1.14432441
  1.31029894 -1.8735468   0.72965072  2.88578419 -0.54534335 -0.47522485
 -2.0265424   0.7289737 ]
Mon Apr  1 19:05:08 2024,3,0.14799546371738062,[-2.45419977  2.23743457 -2.12427966 -0.11653107  0.55388706 -2.77010901
  3.06858496  2.18960141  1.18551998 -1.06648313  0.60271508  1.14432441
  1.31029894 -1.8735468   0.72965072  2.88578419 -0.54534335 -0.47522485
 -2.0265424   0.7289737 ]
