Time,Iteration,Cost,Parameters
Thu Apr  4 16:56:29 2024,0,0.11133337908745307,[-3.61308653  2.23743462 -2.12427964 -0.11653103  0.55388707 -2.77010898
  3.06858497  2.18960144  1.18551998 -1.06648309  0.6027151   1.14432444
  1.31029898 -1.8735468 ]
Thu Apr  4 16:56:45 2024,1,0.01672071310025755,[-4.16303153  2.23743463 -2.12427964 -0.11653103  0.55388707 -2.77010898
  3.06858497  2.18960144  1.18551998 -1.06648309  0.6027151   1.14432444
  1.31029898 -1.87354681]
Thu Apr  4 16:57:01 2024,2,0.009355501959191465,[-4.31250772  2.23743463 -2.12427965 -0.11653103  0.55388707 -2.77010897
  3.06858497  2.18960144  1.18551998 -1.06648309  0.6027151   1.14432444
  1.31029898 -1.8735468 ]
Thu Apr  4 16:57:16 2024,3,0.005524852410882139,[-4.47652659  2.23743463 -2.12427965 -0.11653103  0.55388707 -2.77010897
  3.06858498  2.18960144  1.18551998 -1.06648309  0.6027151   1.14432445
  1.31029898 -1.8735468 ]
Thu Apr  4 16:57:33 2024,4,0.0044135706996069595,[-4.58993997  2.23743463 -2.12427965 -0.11653103  0.55388707 -2.77010897
  3.06858498  2.18960144  1.18551999 -1.06648309  0.6027151   1.14432445
  1.31029898 -1.8735468 ]
Thu Apr  4 16:57:51 2024,5,0.004092331349619958,[-4.674155    2.23743462 -2.12427965 -0.11653103  0.55388707 -2.77010897
  3.06858498  2.18960144  1.18551999 -1.06648309  0.6027151   1.14432445
  1.31029898 -1.8735468 ]
Thu Apr  4 16:58:06 2024,6,0.004059457526283281,[-4.70842387  2.23743462 -2.12427965 -0.11653103  0.55388707 -2.77010897
  3.06858498  2.18960144  1.18551999 -1.06648309  0.6027151   1.14432445
  1.31029898 -1.8735468 ]
Thu Apr  4 16:58:22 2024,7,0.004059101704067064,[-4.71235126  2.23743463 -2.12427965 -0.11653103  0.55388707 -2.77010897
  3.06858498  2.18960144  1.18551999 -1.06648309  0.6027151   1.14432445
  1.31029898 -1.8735468 ]
