{"MSE_train": [0.17509914618030759], "R2_train": 0.6513363784954257, "MAE_train": 0.354074276973412, "MSE_test": 0.20950043056222656, "R2_test": 0.609289039912476, "MAE_test": 0.3990166479838925, "BATCH_SIZE": 32, "NUM_CORES": 16, "TOLERANCE": 1e-06, "MAX_ITER": 1000, "NUM_QUBITS": 5}