{"MSE_train": [0.1761976436268863], "R2_train": 0.6491490114734114, "MAE_train": 0.35585526724238215, "MSE_test": 0.20805081810041806, "R2_test": 0.6119925163453791, "MAE_test": 0.39806005801575767}