{"MSE_train": [0.00045858223210628143], "R2_train": -0.17620649932261334, "MAE_train": 0.013900730249508057, "MSE_test": 0.0004603206588986038, "R2_test": -0.18479164296706885, "MAE_test": 0.013971536990189515}