{"MSE_train": [1950.6388346380868], "R2_train": -1.6000499778932946, "MAE_train": 37.717369445794056, "MSE_test": 2008.1615783974783, "R2_test": -1.5971138569595462, "MAE_test": 38.78286596429355}