{"MSE_train": [6.034841339086694], "R2_train": 0.17137085513112515, "MAE_train": 1.9940994053577916, "MSE_test": 10.053924564266165, "R2_test": -0.002282357892846809, "MAE_test": 2.7570545028000684}