{"MSE_train": [6.032761254558989], "R2_train": 0.17165646639521648, "MAE_train": 2.0004828827505636, "MSE_test": 9.998409633190331, "R2_test": 0.0032519621292775858, "MAE_test": 2.757214493562853, "BATCH_SIZE": 32, "NUM_CORES": 16, "TOLERANCE": 1e-06, "MAX_ITER": 1000, "NUM_QUBITS": 5}