{"MSE_train": [1183.0386432383966], "R2_train": -0.5768985747531301, "MAE_train": 26.212136954582004, "MSE_test": 1281.6548914185496, "R2_test": -0.6575377769150121, "MAE_test": 27.296990158580712}