{"MSE_train": [2.710455081712938], "R2_train": 0.6278341135468544, "MAE_train": 1.109219515382236, "MSE_test": 2.840286044621754, "R2_test": 0.7168500145692684, "MAE_test": 1.3237470576315487, "hyperparameters": {"alpha": 0.001, "beta": 0.001}}