Time,Iteration,Cost,Parameters
Thu Apr  4 18:42:33 2024,0,0.47487953332300936,[-1.16647095  2.23743448 -2.12427964 -0.11653103  0.55388708 -2.77010913
  3.06858498  2.18960145  1.18551998 -1.06648324]
Thu Apr  4 18:43:04 2024,1,0.47464926678582897,[-1.19800684  2.23743448 -2.12427963 -0.11653103  0.55388708 -2.77010913
  3.06858498  2.18960145  1.18551999 -1.06648324]
Thu Apr  4 18:43:19 2024,2,0.47464852189685475,[-1.19994652  2.23743449 -2.12427963 -0.11653102  0.55388708 -2.77010913
  3.06858499  2.18960145  1.18551999 -1.06648324]
Thu Apr  4 18:43:34 2024,3,0.4746485211497248,[-1.19988694  2.23743449 -2.12427964 -0.11653103  0.55388708 -2.77010913
  3.06858498  2.18960145  1.18551999 -1.06648324]
