{"MSE_train": [617.083080258334], "R2_train": 0.1774762089765891, "MAE_train": 18.898236614121878, "MSE_test": 620.6024456075825, "R2_test": 0.19738768608617674, "MAE_test": 18.916421196639064}