{"MSE_train": [757.2226274065113], "R2_train": -0.009318916801883237, "MAE_train": 20.022999330998207, "MSE_test": 781.0544052230422, "R2_test": -0.01012151644829351, "MAE_test": 20.58934820901939}