{"MSE_train": [609.9431620769701], "R2_train": 0.18699316505270436, "MAE_train": 18.70494188651433, "MSE_test": 615.4315024318719, "R2_test": 0.20407516000244652, "MAE_test": 18.75028631856023}