{"MSE_train": [7.26086084072468], "R2_train": 0.003029148340106702, "MAE_train": 2.400004374055637, "MSE_test": 7.527678805078784, "R2_test": 0.24956074476324952, "MAE_test": 2.3586307074247554}