{"MSE_train": [0.3193269291925732], "R2_train": 0.36414490872749394, "MAE_train": 0.48453837704577546, "MSE_test": 0.39909739113302967, "R2_test": 0.2556973537498448, "MAE_test": 0.5616702740721429}