{"MSE_train": [0.3193269291925732], "R2_train": 0.36414490872749394, "MAE_train": 0.48453837704577546, "MSE_test": 0.39909739113302967, "R2_test": 0.2556973537498448, "MAE_test": 0.5616702740721429, "BATCH_SIZE": 32, "NUM_CORES": 16, "TOLERANCE": 1e-06, "MAX_ITER": 1000, "NUM_QUBITS": 5}