{"MSE_train": [62.088502475049474], "R2_train": 0.6992020433981685, "MAE_train": 4.518040384867655, "MSE_test": 77.9440037413389, "R2_test": 0.5301680500437281, "MAE_test": 5.406077630636051}