{"MSE_train": [68.50611347032054], "R2_train": 0.6681108719784886, "MAE_train": 4.819295198782797, "MSE_test": 85.38618716345763, "R2_test": 0.4853079532908099, "MAE_test": 5.71153825842057}