{"MSE_train": [2692.4633105555913], "R2_train": -2.5888443553864864, "MAE_train": 42.61813728172417, "MSE_test": 2783.4839649516985, "R2_test": -2.599822272154788, "MAE_test": 42.892186761856486}