{"MSE_train": [761.2286516709389], "R2_train": -0.014658635828905364, "MAE_train": 20.15383246381703, "MSE_test": 774.9827169571661, "R2_test": -0.0022691275269652866, "MAE_test": 20.53443587162583}