{"MSE_train": [760.805250640672], "R2_train": -0.014094275159038272, "MAE_train": 20.1227445655114, "MSE_test": 774.06992992643, "R2_test": -0.001088638929095831, "MAE_test": 20.48928303215851}