Time,Iteration,Cost,Parameters
Wed Mar 19 09:56:45 2025,998,0.11293065864612252,[-1.57319887  2.27878205 -2.36433053  0.04241327  0.58744202]
Wed Mar 19 09:57:16 2025,999,0.11490156509472368,[-1.57399004  2.27799088 -2.36353936  0.0416221   0.5882332 ]
