{"MSE_train": [5.434891570946552], "R2_train": 0.9736697743748902, "MAE_train": 1.7555595665674573, "MSE_test": 8.303205740028273, "R2_test": 0.9499498209423315, "MAE_test": 2.4669257401676425}