{"MSE_train": [5.380103638518177], "R2_train": 0.9739352035198034, "MAE_train": 1.7867753750380484, "MSE_test": 9.14929665154823, "R2_test": 0.9448497423767129, "MAE_test": 2.7118872632320725}