{"MSE_train": [1.979070627207241], "R2_train": 0.7282587048583407, "MAE_train": 1.1693522143996256, "MSE_test": 2.661773549156286, "R2_test": 0.7346460427495858, "MAE_test": 1.235521870696159}