{"MSE_train": [0.24170378765108752], "R2_train": 0.9668122504603909, "MAE_train": 0.37090189302341736, "MSE_test": 0.7512697225379602, "R2_test": 0.9251054268305213, "MAE_test": 0.547306463680864}