{"MSE_train": [147.90831846241775], "R2_train": 0.2834338374357328, "MAE_train": 10.976254788628937, "MSE_test": 167.36739699251638, "R2_test": -0.008859523678718784, "MAE_test": 10.950798128580812, "hyperparameters": {"alpha": 0.001, "beta": 0.001}}