{"MSE_train": [0.15338696271184626], "R2_train": 0.6945704472160694, "MAE_train": 0.3318665728178051, "MSE_test": 0.19213280891616596, "R2_test": 0.6416790455537946, "MAE_test": 0.38063126861895347, "BATCH_SIZE": 32, "NUM_CORES": 16, "TOLERANCE": 1e-06, "MAX_ITER": 1000, "NUM_QUBITS": 5}