{"MSE_train": [0.14345907056948812], "R2_train": 0.7143392176742471, "MAE_train": 0.31733144131699376, "MSE_test": 0.18716993008641106, "R2_test": 0.6509346406242574, "MAE_test": 0.37558679590107663}