{"MSE_train": [0.8068279335184148], "R2_train": -0.6065843573097898, "MAE_train": 0.784228810312243, "MSE_test": 0.812508746650877, "R2_test": -0.5153003343789457, "MAE_test": 0.8291055619618103, "hyperparameters": {"alpha": 0.001, "beta": 0.001}}