Time,Iteration,Cost,Parameters
Fri Apr  5 02:54:54 2024,0,0.4831486568833904,[-1.50396819  2.23743464 -2.12427948 -0.11653103  0.55388692 -2.77010897
  3.06858498  2.18960145  1.18552014 -1.06648308]
Fri Apr  5 02:55:44 2024,1,0.48075027606540044,[-1.41209713  2.23743463 -2.12427947 -0.11653103  0.55388691 -2.77010897
  3.06858498  2.18960145  1.18552015 -1.06648309]
Fri Apr  5 02:56:00 2024,2,0.48074993547617834,[-1.41100695  2.23743463 -2.12427947 -0.11653103  0.55388691 -2.77010897
  3.06858498  2.18960145  1.18552015 -1.06648309]
Fri Apr  5 02:56:15 2024,3,0.48074993525810167,[-1.41097869  2.23743463 -2.12427947 -0.11653103  0.55388692 -2.77010897
  3.06858498  2.18960146  1.18552014 -1.06648309]
