{"MSE_train": [27.200879039770523], "R2_train": 0.8682208701003133, "MAE_train": 3.8423229693369594, "MSE_test": 43.55784236869199, "R2_test": 0.737441431878658, "MAE_test": 4.960638105133766, "hyperparameters": {"alpha": 0.001, "beta": 0.001}}