Time,Iteration,Cost,Parameters
Wed Mar 19 10:00:48 2025,997,0.10786586679770536,[-2.90754946  2.2313764  -2.13479172  0.13666437  0.34790357 -2.60202596
  2.97533252  2.19350526  1.30344802 -0.91772115  0.75850919  1.34815056
  1.37922921 -1.91947171  0.6651537 ]
Wed Mar 19 10:01:23 2025,998,0.108212181313417,[-2.90762091  2.23130495 -2.13486317  0.13673582  0.34797502 -2.6020974
  2.97540397  2.19343381  1.30337657 -0.91764971  0.75843775  1.348222
  1.37915777 -1.91940027  0.66508225]
Wed Mar 19 10:01:57 2025,999,0.10418214091531931,[-2.90746592  2.23145994 -2.13470818  0.13658083  0.34813001 -2.60225239
  2.97555896  2.19327882  1.30353156 -0.9178047   0.75828276  1.34806701
  1.37900278 -1.91924528  0.66492726]
