{"MSE_train": [0.0009841751437045928], "R2_train": -1.5242870731825997, "MAE_train": 0.0260846514369366, "MSE_test": 0.0009745690356241003, "R2_test": -1.5083845936105384, "MAE_test": 0.025953894079326145}