{"MSE_train": [779.0669223246695], "R2_train": -0.03843566435683998, "MAE_train": 20.76511593373106, "MSE_test": 783.446588175391, "R2_test": -0.013215277209758458, "MAE_test": 20.989744471827855}