{"MSE_train": [215.90481064734203], "R2_train": -0.0459863464950494, "MAE_train": 13.435799086795573, "MSE_test": 175.03375637284827, "R2_test": -0.05507091139085096, "MAE_test": 11.396304434802474}