{"MSE_train": [3.9336115826684503], "R2_train": 0.9809429720646355, "MAE_train": 1.5065110523052418, "MSE_test": 2.865758514058735, "R2_test": 0.9827257409661405, "MAE_test": 1.3947609692932719}