{"MSE_train": [2.7969185854267913], "R2_train": 0.986449868144007, "MAE_train": 1.2375796266556442, "MSE_test": 2.050433243331084, "R2_test": 0.98764036997424, "MAE_test": 1.23418878853606, "BATCH_SIZE": 32, "NUM_CORES": 16, "TOLERANCE": 1e-06, "MAX_ITER": 500, "NUM_QUBITS": 5}