{"MSE_train": [3.375754952776348], "R2_train": 0.5364834330127946, "MAE_train": 1.2664357337850274, "MSE_test": 6.458827964295563, "R2_test": 0.3561151886610642, "MAE_test": 1.9029919198870826}