Time,Iteration,Cost,Parameters
Tue Oct 22 15:06:15 2024,630,0.11928817745396707,[-2.9362729   2.2250399  -2.14403373 -0.26336186  0.47812037 -2.94331316
  3.04044622  2.00060359  1.47132374 -0.87122183  0.74108148  1.32769599
  1.3806181  -1.86160152  0.5125705 ]
