{"MSE_train": [200.97881608647913], "R2_train": 0.026325087750957987, "MAE_train": 12.397735296925513, "MSE_test": 185.17718535788262, "R2_test": -0.1162136137223464, "MAE_test": 11.872381735733821}