{"MSE_train": [0.20242078898099497], "R2_train": 0.5969325556776226, "MAE_train": 0.38150484618347164, "MSE_test": 0.2558948399266092, "R2_test": 0.5227650925544418, "MAE_test": 0.4520543204074793}