{"MSE_train": [1108.1452772439354], "R2_train": -0.4770715380201198, "MAE_train": 25.554153362675873, "MSE_test": 1078.5936838413172, "R2_test": -0.39492291480286323, "MAE_test": 25.222839403972976}