{"MSE_train": [644.8394849701695], "R2_train": 0.14047907851045915, "MAE_train": 19.355720975520423, "MSE_test": 620.594096669898, "R2_test": 0.19739848359469614, "MAE_test": 19.10269793677265, "BATCH_SIZE": 25, "NUM_CORES": 16}