{"MSE_train": [911.6591235214729], "R2_train": -0.21517076450393358, "MAE_train": 23.315770465948734, "MSE_test": 912.0361525366682, "R2_test": -0.17951750261612598, "MAE_test": 23.557028934454983}