Time,Iteration,Cost,Parameters
Wed Mar 19 10:31:00 2025,996,0.11811360934856746,[-2.80211685  2.25723785 -2.12878927 -0.1207007   0.54791463]
Wed Mar 19 10:31:33 2025,997,0.11613268537138502,[-2.80216245  2.25728346 -2.12874367 -0.1206551   0.54796023]
Wed Mar 19 10:32:07 2025,998,0.12046978835674411,[-2.80178017  2.25690117 -2.12836138 -0.12027281  0.54834252]
Wed Mar 19 10:32:40 2025,999,0.12060518452453506,[-2.80204538  2.25716638 -2.12809617 -0.12053802  0.54860772]
