{"MSE_train": [905.2212163657182], "R2_train": -0.20658953457004636, "MAE_train": 22.125097605428405, "MSE_test": 904.2644856962459, "R2_test": -0.16946656654601133, "MAE_test": 22.526223157083102}