{"MSE_train": [1183.7512068223352], "R2_train": -0.5778483666355474, "MAE_train": 26.294520854476037, "MSE_test": 1168.8221147694942, "R2_test": -0.5116134793351681, "MAE_test": 26.50403546533339}