{"MSE_train": [681.5099356915613], "R2_train": 0.09160021744483204, "MAE_train": 19.689978797729047, "MSE_test": 697.9552359829322, "R2_test": 0.09734892131774509, "MAE_test": 20.01943134834593}