{"MSE_train": [569.8025563412859], "R2_train": 0.25127934413147635, "MAE_train": 18.024642941024638, "MSE_test": 577.4235583005151, "R2_test": 0.25323004845363506, "MAE_test": 18.150061408587483}