{"MSE_train": [1.4190124426694746], "R2_train": 0.805158909595219, "MAE_train": 0.9919502817589795, "MSE_test": 2.547360694756253, "R2_test": 0.7460519355179573, "MAE_test": 1.2929895982176742}