{"MSE_train": [6.101623298417271], "R2_train": 0.16220118939453776, "MAE_train": 2.028056232274995, "MSE_test": 9.547707294341118, "R2_test": 0.04818277496779444, "MAE_test": 2.734125256201824, "hyperparameters": {"alpha": 0.001, "beta": 0.001}}