{"MSE_train": [2108.4125904052926], "R2_train": -1.8103501333655787, "MAE_train": 38.82869353635945, "MSE_test": 2145.8386519928213, "R2_test": -1.775168770202853, "MAE_test": 39.605532773012975}