{"MSE_train": [1.7166009682878827], "R2_train": 0.7642977648441808, "MAE_train": 0.7355427843127291, "MSE_test": 15.977294022182935, "R2_test": -0.5927869582607754, "MAE_test": 2.192482620379691}