{"MSE_train": [8.086986116705928e-05], "R2_train": 0.7925788448734151, "MAE_train": 0.006104791533248892, "MSE_test": 7.950499286671616e-05, "R2_test": 0.7953668832764885, "MAE_test": 0.006061492089641597}