{"MSE_train": [318.9590238179131], "R2_train": -0.545249422672063, "MAE_train": 15.611338676226456, "MSE_test": 394.44869293253765, "R2_test": -1.3776633180559452, "MAE_test": 18.157166973449648}