{"MSE_train": [6.418898482873081], "R2_train": 0.1186369181881104, "MAE_train": 1.7652537414526641, "MSE_test": 16.962962614650067, "R2_test": -0.6910489090685383, "MAE_test": 2.94376207411838}