{"MSE_train": [843.3538178836832], "R2_train": -0.12412510025287782, "MAE_train": 21.99518132711499, "MSE_test": 854.9479426882367, "R2_test": -0.10568650093712195, "MAE_test": 22.349362409834683}