{"MSE_train": [2.3552370238568843], "R2_train": 0.9885896670744503, "MAE_train": 1.1430209620645824, "MSE_test": 1.7886662117136953, "R2_test": 0.9892182529286132, "MAE_test": 1.160100202256475, "hyperparameters": {"alpha": 0.001, "beta": 0.001}}