{"MSE_train": [3.2759607256594108], "R2_train": 0.5501859316258355, "MAE_train": 1.2944994698835817, "MSE_test": 4.883533781279378, "R2_test": 0.51315730271671, "MAE_test": 1.7110906721123769, "hyperparameters": {"alpha": 0.001, "beta": 0.001}}