{"MSE_train": [774.7884398020535], "R2_train": -0.03273277964501764, "MAE_train": 20.438082667883766, "MSE_test": 783.5387167470014, "R2_test": -0.013334425186955823, "MAE_test": 20.726262645459947}