{"MSE_train": [85.99023760235556], "R2_train": 0.5834061585091577, "MAE_train": 6.493184180418126, "MSE_test": 78.39241487177948, "R2_test": 0.5274651111942417, "MAE_test": 5.898422658156038}