Time,Iteration,Cost,Parameters
Fri Apr  5 01:16:32 2024,0,0.15191347701656874,[ 1.54068023  2.2374339  -2.12428037 -0.11653176  0.55388635 -2.77011117
  3.06858352  2.18960072  1.18552072 -1.06648455  0.6027151   1.14432445
  1.31029825 -1.87354607  0.7296486   2.88578346 -0.54534335 -0.47522485
 -2.0265424   0.7289737 ]
Fri Apr  5 01:17:10 2024,1,0.15135931593404095,[ 1.57206845  2.2374339  -2.12428037 -0.11653177  0.55388634 -2.77011119
  3.06858351  2.18960071  1.18552072 -1.06648456  0.6027151   1.14432445
  1.31029825 -1.87354606  0.72964859  2.88578345 -0.54534335 -0.47522485
 -2.0265424   0.7289737 ]
Fri Apr  5 01:17:20 2024,2,0.1513593151434303,[ 1.57210599  2.2374339  -2.12428037 -0.11653176  0.55388634 -2.77011119
  3.06858351  2.18960071  1.18552072 -1.06648456  0.6027151   1.14432445
  1.31029825 -1.87354606  0.72964859  2.88578345 -0.54534335 -0.47522485
 -2.0265424   0.7289737 ]
