{"MSE_train": [0.4701585647694319], "R2_train": 0.9354436898026831, "MAE_train": 0.4686794662402642, "MSE_test": 0.7943053543361287, "R2_test": 0.920815176367992, "MAE_test": 0.6628992256541784, "BATCH_SIZE": 32, "NUM_CORES": 16, "TOLERANCE": 1e-06, "MAX_ITER": 1000, "NUM_QUBITS": 5}