{"MSE_train": [4.4058411067841945], "R2_train": 0.3950448497962942, "MAE_train": 1.334670600941123, "MSE_test": 3.54225752445305, "R2_test": 0.6468700156662036, "MAE_test": 1.5380603821589767}