{"MSE_train": [0.10659214892122319], "R2_train": 0.7877499378063313, "MAE_train": 0.26906166896905775, "MSE_test": 0.15823292761598262, "R2_test": 0.7049011360005903, "MAE_test": 0.345830357707853, "BATCH_SIZE": 32, "NUM_CORES": 16, "TOLERANCE": 1e-06, "MAX_ITER": 1000, "NUM_QUBITS": 5}