{"MSE_train": [0.07657914600780838], "R2_train": 0.8475128922027099, "MAE_train": 0.22552856667586477, "MSE_test": 0.1119741492568084, "R2_test": 0.7911721362877262, "MAE_test": 0.29833541684180387}