{"MSE_train": [0.813719925701189], "R2_train": 0.8882701286893179, "MAE_train": 0.6928496672958557, "MSE_test": 1.606874307523817, "R2_test": 0.8398096425443033, "MAE_test": 0.9177239811990558}