{"MSE_train": [1113.4535763575664], "R2_train": -0.4841470882183232, "MAE_train": 26.36800315552476, "MSE_test": 1167.5890673333977, "R2_test": -0.5100188045754157, "MAE_test": 26.758753379470022}