{"MSE_train": [1.6036533493002687], "R2_train": 0.7798063231770245, "MAE_train": 1.0337623616932397, "MSE_test": 3.5977544386520783, "R2_test": 0.6413374917583878, "MAE_test": 1.2853844743091758}