{"MSE_train": [33.613710319606085], "R2_train": 0.8371528547977698, "MAE_train": 3.070049110714965, "MSE_test": 60.83243569045961, "R2_test": 0.6333133979634187, "MAE_test": 4.167343517572212}