{"MSE_train": [8.641970465863142], "R2_train": -0.18660759989325326, "MAE_train": 2.6225380704549046, "MSE_test": 11.064057909766273, "R2_test": -0.10298321603459826, "MAE_test": 2.855210348637698, "BATCH_SIZE": 32, "NUM_CORES": 16, "TOLERANCE": 1e-06, "MAX_ITER": 1000, "NUM_QUBITS": 5}