{"MSE_train": [1180.3051009688652], "R2_train": -0.5732549753377705, "MAE_train": 26.181469225165664, "MSE_test": 1278.4660975313425, "R2_test": -0.6534137756989036, "MAE_test": 27.261196791373344}