{"MSE_train": [1215.16795745354], "R2_train": -0.6197244537582052, "MAE_train": 27.36624107264037, "MSE_test": 1314.1632259303456, "R2_test": -0.6995801339322376, "MAE_test": 28.90501509414021}