{"MSE_train": [0.0004160288647998279], "R2_train": -0.0670623945368154, "MAE_train": 0.013147761886018459, "MSE_test": 0.00041729824030879335, "R2_test": -0.07405882874274261, "MAE_test": 0.013177632081197498}