Time,Iteration,Cost,Parameters
Thu Apr  4 11:55:30 2024,0,0.17995283613238086,[-2.83945865  2.23743463 -2.12427964 -0.11653103  0.55388708]
Thu Apr  4 11:55:32 2024,1,0.1730740160816277,[-2.70356941  2.23743464 -2.12427964 -0.11653103  0.55388708]
Thu Apr  4 11:55:34 2024,2,0.1642246372516041,[-2.38744451  2.23743465 -2.12427963 -0.11653102  0.55388708]
Thu Apr  4 11:55:35 2024,3,0.16369650447488931,[-2.27922545  2.23743466 -2.12427962 -0.11653102  0.55388708]
Thu Apr  4 11:55:37 2024,4,0.1636855972370156,[-2.29307907  2.23743466 -2.12427962 -0.11653102  0.55388708]
Thu Apr  4 11:55:39 2024,5,0.1636855786936644,[-2.29253306  2.23743466 -2.12427962 -0.11653102  0.55388708]
