{"MSE_train": [780.216852424966], "R2_train": -0.03996843181679344, "MAE_train": 20.380425980510193, "MSE_test": 795.340412870093, "R2_test": -0.028597314820252073, "MAE_test": 20.78068413167936}