{"MSE_train": [0.1349230072791316], "R2_train": 0.7313365292267731, "MAE_train": 0.30285095413230106, "MSE_test": 0.14893692261163727, "R2_test": 0.7222378595122272, "MAE_test": 0.3342818219057273}