{"MSE_train": [4.6485581445304645], "R2_train": 0.36171797339108347, "MAE_train": 1.549127233119696, "MSE_test": 12.610030356573166, "R2_test": -0.25710222690625817, "MAE_test": 2.5033097941172473, "hyperparameters": {"alpha": 0.001, "beta": 0.001}}