{"MSE_train": [3.4450850583730803], "R2_train": 0.5269638876119567, "MAE_train": 1.383918327410571, "MSE_test": 15.93583131847985, "R2_test": -0.5886535140354385, "MAE_test": 2.656667450585921}