{"MSE_train": [655.4892400655582], "R2_train": 0.1262837825855362, "MAE_train": 19.527995691648627, "MSE_test": 666.9849310557541, "R2_test": 0.13740217646707553, "MAE_test": 19.57897724066229}