{"MSE_train": [2081.3917799265573], "R2_train": -1.7743334928474335, "MAE_train": 37.939539234998115, "MSE_test": 2230.531452556015, "R2_test": -1.8847002184157544, "MAE_test": 40.00170713115173}