{"MSE_train": [660.3820941285489], "R2_train": 0.11976198835463525, "MAE_train": 19.590181035598025, "MSE_test": 670.7090377214199, "R2_test": 0.1325858663004833, "MAE_test": 19.62369896118749}