{"MSE_train": [1647.5572733291133], "R2_train": -1.1960658098412575, "MAE_train": 34.83387082691768, "MSE_test": 1748.3757219803422, "R2_test": -1.2611381791052496, "MAE_test": 36.2537320097904}