{"MSE_train": [0.36375526242555345], "R2_train": 0.2756776380391973, "MAE_train": 0.47437901856096304, "MSE_test": 0.3785115015111315, "R2_test": 0.2940893163670224, "MAE_test": 0.5449700478657057}