{"MSE_train": [0.13185444939246627], "R2_train": 0.7374467503723372, "MAE_train": 0.3015344148317692, "MSE_test": 0.12411660685960388, "R2_test": 0.7685268784470692, "MAE_test": 0.30838384683179354, "hyperparameters": {"alpha": 0.001, "beta": 0.001}}