{"MSE_train": [0.2681916963695449], "R2_train": 0.4659671954232687, "MAE_train": 0.42889897157337503, "MSE_test": 0.25972589539385593, "R2_test": 0.5156203083850751, "MAE_test": 0.4686859037780039}