{"MSE_train": [99.81714138917599], "R2_train": 0.5164194501910265, "MAE_train": 6.713052127831267, "MSE_test": 58.698245238972575, "R2_test": 0.6461779008535673, "MAE_test": 4.920163390304964}