{"MSE_train": [94.49616013050586], "R2_train": 0.5421978185832711, "MAE_train": 6.752769434328917, "MSE_test": 53.24728986339396, "R2_test": 0.6790352454894888, "MAE_test": 4.908717734695766}