{"MSE_train": [3.381020340327912], "R2_train": 0.5357604556652382, "MAE_train": 1.2565991990558794, "MSE_test": 6.769906141944878, "R2_test": 0.325103600361354, "MAE_test": 1.8817559788990477}