{"MSE_train": [756.209698105104], "R2_train": -0.007968760760198812, "MAE_train": 19.787892594182814, "MSE_test": 783.3245835284172, "R2_test": -0.013057491121887033, "MAE_test": 20.48745161348103}