{"MSE_train": [706.0370521147681], "R2_train": 0.05890747731194246, "MAE_train": 19.72405029140566, "MSE_test": 723.7045347749794, "R2_test": 0.06404788547520934, "MAE_test": 19.993679480709424}