{"MSE_train": [856.9935503015379], "R2_train": -0.142305803590558, "MAE_train": 22.281553206029386, "MSE_test": 898.998117895842, "R2_test": -0.16265568193522761, "MAE_test": 23.18717596220195}