{"MSE_train": [3068.863723321182], "R2_train": -3.0905568546517728, "MAE_train": 47.43863941749722, "MSE_test": 3194.152138219106, "R2_test": -3.1309309313773994, "MAE_test": 48.09046233697663, "BATCH_SIZE": 25, "NUM_CORES": 16, "TOLERANCE": 1e-06, "MAX_ITER": 1000}