{"MSE_train": [841.8593291295822], "R2_train": -0.12213306288385706, "MAE_train": 22.04126686781299, "MSE_test": 885.4122457079259, "R2_test": -0.14508535427948432, "MAE_test": 22.929771229502542}