{"MSE_train": [3.461421917044631], "R2_train": 0.5247207139359276, "MAE_train": 1.4055384758009386, "MSE_test": 15.279955846408637, "R2_test": -0.5232688564890646, "MAE_test": 2.6170934833303225, "hyperparameters": {"alpha": 0.001, "beta": 0.001}}