{"MSE_train": [3.379615249588902], "R2_train": 0.535953385200931, "MAE_train": 1.2918253801174622, "MSE_test": 6.433428334911213, "R2_test": 0.3586472944339115, "MAE_test": 1.9329044157626725, "hyperparameters": {"alpha": 0.001, "beta": 0.001}}