{"MSE_train": [260.1047595553831], "R2_train": -0.26012026474806027, "MAE_train": 13.88609009941654, "MSE_test": 127.91383099733204, "R2_test": 0.22895923022774434, "MAE_test": 10.435691588347822}