{"MSE_train": [260.12028872581595], "R2_train": -0.26019549836697076, "MAE_train": 13.856590634533621, "MSE_test": 126.45190783656176, "R2_test": 0.23777143099164544, "MAE_test": 10.35568031548305}