{"MSE_train": [2.403321827657704], "R2_train": 0.6700058213629705, "MAE_train": 1.1777487944963017, "MSE_test": 11.984952528769451, "R2_test": -0.19478780678972196, "MAE_test": 2.3105578359017915, "hyperparameters": {"alpha": 0.001, "beta": 0.001}}