{"MSE_train": [919.5563920490713], "R2_train": -0.22569720973612295, "MAE_train": 22.68134666981896, "MSE_test": 922.2560098056771, "R2_test": -0.19273463275894676, "MAE_test": 22.85266408683829}