{"MSE_train": [794.0918941426418], "R2_train": -0.05846278416470252, "MAE_train": 20.792579032497848, "MSE_test": 813.345313391772, "R2_test": -0.051882680470632714, "MAE_test": 21.297195106235083}