{"MSE_train": [45.63525038820215], "R2_train": 0.7789125277856332, "MAE_train": 4.78899106998769, "MSE_test": 54.111620294731026, "R2_test": 0.673825222492604, "MAE_test": 5.3759088213690465}