{"MSE_train": [0.11570265064406138], "R2_train": 0.7696087841016899, "MAE_train": 0.2832198646718068, "MSE_test": 0.16996471618082612, "R2_test": 0.683021761521919, "MAE_test": 0.3554935396168973}