Time,Iteration,Cost,Parameters
Fri Apr  5 01:44:43 2024,0,0.27258992474453053,[-1.47062269  2.23743456 -2.12427964 -0.11653103  0.553887   -2.77010901
  3.06858495  2.18960141  1.18551995 -1.06648316]
Fri Apr  5 01:45:19 2024,1,0.26593931849774927,[-1.59198984  2.23743457 -2.12427963 -0.11653103  0.55388701 -2.77010901
  3.06858495  2.18960142  1.18551995 -1.06648316]
Fri Apr  5 01:45:32 2024,2,0.26593838959276134,[-1.59344955  2.23743456 -2.12427964 -0.11653103  0.55388701 -2.77010901
  3.06858494  2.18960141  1.18551995 -1.06648316]
