{"MSE_train": [0.000595680895063682], "R2_train": -0.5278475510883565, "MAE_train": 0.017471356770270074, "MSE_test": 0.0005998195561046011, "R2_test": -0.5438394597829417, "MAE_test": 0.017504190299048462}