{"MSE_train": [3.7364466681485973], "R2_train": 0.48695774528105595, "MAE_train": 1.3235909330084203, "MSE_test": 6.288999677048533, "R2_test": 0.3730454824076316, "MAE_test": 1.8802913820796578, "hyperparameters": {"alpha": 0.001, "beta": 0.001}}