{"MSE_train": [879.6631038864901], "R2_train": -0.17252255681558126, "MAE_train": 22.05101048774012, "MSE_test": 880.7465691778526, "R2_test": -0.13905133127122937, "MAE_test": 22.428177038915315}