{"MSE_train": [808.1630866813064], "R2_train": -0.0772185903136533, "MAE_train": 21.310657575199016, "MSE_test": 810.4469059461254, "R2_test": -0.048134230036574355, "MAE_test": 21.50224006453882}