{"MSE_train": [0.18129675078880902], "R2_train": 0.6389954886933225, "MAE_train": 0.3586514294617157, "MSE_test": 0.21231099853954527, "R2_test": 0.6040474291441235, "MAE_test": 0.41466555578376213, "hyperparameters": {"alpha": 0.001, "beta": 0.001}}