{"MSE_train": [2.353543051931622], "R2_train": 0.9885978737999043, "MAE_train": 1.1407839444836043, "MSE_test": 1.7722576846567377, "R2_test": 0.9893171604762504, "MAE_test": 1.1650761626583197}