{"MSE_train": [2.3534893238479606], "R2_train": 0.9885981340944376, "MAE_train": 1.1411115009012813, "MSE_test": 1.7743705922733628, "R2_test": 0.9893044242623282, "MAE_test": 1.1643410141948718}