{"MSE_train": [2027.8094918007405], "R2_train": -1.7029124667799138, "MAE_train": 35.216466892857525, "MSE_test": 2179.54161828692, "R2_test": -1.8187561198089006, "MAE_test": 35.941758648009156}