{"MSE_train": [0.00039979712705864406], "R2_train": -0.02543000215477509, "MAE_train": 0.011879222670483433, "MSE_test": 0.00039517137235487896, "R2_test": -0.01710781485698898, "MAE_test": 0.011815511357393286}