{"MSE_train": [73.37151899746607], "R2_train": 0.6445396151070131, "MAE_train": 7.088834066324369, "MSE_test": 102.19663796741922, "R2_test": 0.38397768410064304, "MAE_test": 7.690880972274212, "BATCH_SIZE": 32, "NUM_CORES": 16, "TOLERANCE": 1e-06, "MAX_ITER": 500, "NUM_QUBITS": 5}