{"MSE_train": [190.32603073806473], "R2_train": 0.07793425751968708, "MAE_train": 12.639011188611006, "MSE_test": 176.5187852215854, "R2_test": -0.06402238894207968, "MAE_test": 12.023685829073518, "MAX_ITER": 1000}