{"MSE_train": [73.37151899746607], "R2_train": 0.6445396151070131, "MAE_train": 7.088834066324369, "MSE_test": 102.19663796741922, "R2_test": 0.38397768410064304, "MAE_test": 7.690880972274212}