{"MSE_train": [0.05591891770655664], "R2_train": 0.8886522705364454, "MAE_train": 0.19408165077637077, "MSE_test": 0.049302289874218044, "R2_test": 0.9080529574112374, "MAE_test": 0.19770530581334855}