{"MSE_train": [0.20194951314335924], "R2_train": 0.5978709768170865, "MAE_train": 0.35794683154573453, "MSE_test": 0.2698516351626937, "R2_test": 0.4967361586195502, "MAE_test": 0.46725015306765505, "BATCH_SIZE": 32, "NUM_CORES": 16, "TOLERANCE": 1e-06, "MAX_ITER": 1000, "NUM_QUBITS": 5}