{"MSE_train": [191.9447754703122], "R2_train": 0.07009198256844806, "MAE_train": 11.238141573241563, "MSE_test": 197.52452643178157, "R2_test": -0.19064108799960588, "MAE_test": 10.244717746941173}