{"MSE_train": [4.13034833887576], "R2_train": 0.43287208068155114, "MAE_train": 1.3214689645294884, "MSE_test": 6.030030169581079, "R2_test": 0.39886232307593783, "MAE_test": 1.843984063573942, "hyperparameters": {"alpha": 0.001, "beta": 0.001}}