{"ridge": {"MSE_train": [534.6514537973812], "R2_train": 0.26798044113656283, "MAE_train": 17.07618994261477, "MSE_test": 626.5488591909049, "R2_test": 0.265100005295433, "MAE_test": 18.490166043060572}, "lasso": {"MSE_train": [537.4829874014957], "R2_train": 0.2641036388477648, "MAE_train": 17.005472490702974, "MSE_test": 630.8941178774326, "R2_test": 0.2600033068674079, "MAE_test": 18.49174456788033}, "elastic": {"MSE_train": [535.2252301638796], "R2_train": 0.2671948535921781, "MAE_train": 17.033812233375127, "MSE_test": 628.0181270909043, "R2_test": 0.26337665211061767, "MAE_test": 18.474760377932185}, "knn": {"MSE_train": [9.924159796272063], "R2_train": 0.9864123083841637, "MAE_train": 0.8385354802287734, "MSE_test": 267.1457731436274, "R2_test": 0.6866558379467413, "MAE_test": 10.576468700986693}, "rfr": {"MSE_train": [42.23681303888411], "R2_train": 0.9421713472788226, "MAE_train": 4.15042901218946, "MSE_test": 188.66267613873157, "R2_test": 0.7787112726143227, "MAE_test": 9.08029085479746}, "grad": {"MSE_train": [36.437346959351], "R2_train": 0.9501117027590719, "MAE_train": 4.184563909971824, "MSE_test": 193.64675860453403, "R2_test": 0.7728652765295875, "MAE_test": 9.25498488179559}, "svr": {"MSE_train": [226.0311942378907], "R2_train": 0.6905287474293462, "MAE_train": 10.773366100492131, "MSE_test": 291.44942302706664, "R2_test": 0.658149278707761, "MAE_test": 12.314535426487996}, "krr": {"MSE_train": [51.18389433965815], "R2_train": 0.9299214254645447, "MAE_train": 4.525800046287918, "MSE_test": 203.32376937592616, "R2_test": 0.7615147887578345, "MAE_test": 9.656020768516424}, "gpr": {"MSE_train": [64.96123024576605], "R2_train": 0.9110581468169857, "MAE_train": 5.180409902150331, "MSE_test": 201.3470938551081, "R2_test": 0.763833297216469, "MAE_test": 9.695346120200513}}