{"MSE_train": [715.4544512050438], "R2_train": 0.046354816172584856, "MAE_train": 19.578044074959852, "MSE_test": 754.7411774982686, "R2_test": 0.02390883702549218, "MAE_test": 20.43689100859613}