{"MSE_train": [885.1986319003782], "R2_train": -0.1799009854793414, "MAE_train": 22.953897996410383, "MSE_test": 902.7781208091186, "R2_test": -0.1675442815633772, "MAE_test": 23.38422288752135}