{"MSE_train": [815.8048495120158], "R2_train": -0.0874044663078315, "MAE_train": 21.282006822586503, "MSE_test": 829.0074307531769, "R2_test": -0.07213817308945436, "MAE_test": 21.61082367977415}