{"MSE_train": [767.6649855091144], "R2_train": -0.023237768652725865, "MAE_train": 20.26597774821023, "MSE_test": 783.8690610871059, "R2_test": -0.01376165269318963, "MAE_test": 20.650641388077712}