{"MSE_train": [762.5596563579321], "R2_train": -0.016432761641198335, "MAE_train": 20.35581088462877, "MSE_test": 796.8804457701079, "R2_test": -0.030589007534537638, "MAE_test": 21.14790422464325}