{"MSE_train": [0.5571544594638539], "R2_train": -0.10942569288175141, "MAE_train": 0.6369573547608388, "MSE_test": 0.6113866975680722, "R2_test": -0.14021476209143424, "MAE_test": 0.6989190816307842}