{"MSE_train": [1.0850188715738238], "R2_train": 0.8510187411397837, "MAE_train": 0.8442197104121772, "MSE_test": 1.684547959568081, "R2_test": 0.8320663050426701, "MAE_test": 1.0432447558292526, "hyperparameters": {"alpha": 0.001, "beta": 0.001}}