{"MSE_train": [33.52920535641188], "R2_train": 0.837562252983235, "MAE_train": 3.063171801210815, "MSE_test": 62.664696994944265, "R2_test": 0.6222688677854176, "MAE_test": 4.1452408796383144}