Time,Iteration,Cost,Parameters
Thu Apr  4 23:07:10 2024,0,0.3277804633357756,[-1.79022484  2.23743459 -2.12427961 -0.116531    0.55388708 -2.770109
  3.06858498  2.18960145  1.18552001 -1.06648316  0.60271508  1.14432448
  1.31029899 -1.87354678  0.72965075  2.88578414 -0.54534337 -0.47522485
 -2.0265424   0.7289737 ]
Thu Apr  4 23:07:26 2024,1,0.29804496280396897,[-1.62992113  2.23743458 -2.12427961 -0.116531    0.55388708 -2.770109
  3.06858498  2.18960145  1.18552001 -1.06648317  0.60271508  1.14432448
  1.31029898 -1.87354677  0.72965075  2.88578414 -0.54534338 -0.47522485
 -2.0265424   0.7289737 ]
Thu Apr  4 23:07:30 2024,2,0.2963024255118259,[-1.57906925  2.23743457 -2.12427961 -0.116531    0.55388708 -2.77010901
  3.06858498  2.18960145  1.18552001 -1.06648317  0.60271507  1.14432448
  1.31029899 -1.87354677  0.72965075  2.88578414 -0.54534338 -0.47522485
 -2.0265424   0.7289737 ]
Thu Apr  4 23:07:35 2024,3,0.29629956482438696,[-1.58105113  2.23743457 -2.12427961 -0.116531    0.55388708 -2.77010901
  3.06858499  2.18960145  1.18552001 -1.06648317  0.60271507  1.14432448
  1.31029899 -1.87354677  0.72965075  2.88578414 -0.54534338 -0.47522485
 -2.0265424   0.7289737 ]
