{"MSE_train": [0.0010225970746967005], "R2_train": -1.6228345566772684, "MAE_train": 0.019585789192336743, "MSE_test": 0.0009970082631974371, "R2_test": -1.5661395711236854, "MAE_test": 0.019269712136973365}