{"MSE_train": [0.1299905915995453], "R2_train": 0.7411581300233845, "MAE_train": 0.2979752434050625, "MSE_test": 0.17541620959886411, "R2_test": 0.6728549173700651, "MAE_test": 0.36241823368990017}