{"MSE_train": [815.8381431934271], "R2_train": -0.08744884419782317, "MAE_train": 21.286210772387534, "MSE_test": 829.3187335980301, "R2_test": -0.0725407746235025, "MAE_test": 21.62002416570577}