{"MSE_train": [979.9475894159131], "R2_train": -0.3061939826857598, "MAE_train": 23.806834271410256, "MSE_test": 998.2325542440225, "R2_test": -0.2909935271065778, "MAE_test": 24.52352258975895}