Time,Iteration,Cost,Parameters
Wed Mar 19 09:57:07 2025,998,0.12663095443402522,[-1.90211718  1.52662161 -2.16964593 -0.21454745  0.5065111  -2.80764265
  3.37909478  2.30866602  0.93079932 -1.19811421  1.4284166   1.13394613
  0.93670728 -1.94743559  1.14586591  2.76930185 -0.70272312 -0.39635316
 -1.73231457  0.72321036]
Wed Mar 19 09:57:54 2025,999,0.11506666444535858,[-1.9008211   1.52532553 -2.170942   -0.21325138  0.50521503 -2.80893872
  3.3777987   2.3099621   0.92950324 -1.19681814  1.42971268  1.13265005
  0.93541121 -1.94613951  1.14456983  2.77059793 -0.70142704 -0.39764924
 -1.73101849  0.72450644]
