{"MSE_train": [1895.1976907749938], "R2_train": -1.526151241583987, "MAE_train": 35.805247184578256, "MSE_test": 1942.4708485119745, "R2_test": -1.5121573939464592, "MAE_test": 36.6393649749596, "BATCH_SIZE": 25, "NUM_CORES": 16, "TOLERANCE": 1e-06, "MAX_ITER": 1000}