{"MSE_train": [2268.862613032289], "R2_train": -2.024217544583044, "MAE_train": 40.11697347789478, "MSE_test": 2555.361683124632, "R2_test": -2.3047964407736847, "MAE_test": 42.71393537606506}