{"MSE_train": [169.20719031357694], "R2_train": 0.18024795155730478, "MAE_train": 11.778144566493612, "MSE_test": 174.97155893706957, "R2_test": -0.05469599682229531, "MAE_test": 12.050506249150377}