{"MSE_train": [27.71298234129671], "R2_train": 0.8657399014744389, "MAE_train": 3.7183504238860126, "MSE_test": 29.28470857452727, "R2_test": 0.8234772263029896, "MAE_test": 3.5119942646292786}