{"MSE_train": [32.89878843621493], "R2_train": 0.8406164113836355, "MAE_train": 4.238693705952585, "MSE_test": 36.771620233776666, "R2_test": 0.7783475160601235, "MAE_test": 4.078939421748636}