Time,Iteration,Cost,Parameters
Mon Apr  1 20:51:24 2024,0,0.08855552949919476,[-4.09013748  2.23743466 -2.12427961 -0.11653103  0.5538871  -2.77010897
  3.06858496  2.1896015   1.18552001 -1.06648311  0.60271515  1.14432445
  1.31029901 -1.87354672]
Mon Apr  1 20:51:57 2024,1,0.08842801234338782,[-4.10274147  2.23743466 -2.12427961 -0.11653103  0.5538871  -2.77010897
  3.06858496  2.1896015   1.18552001 -1.06648311  0.60271515  1.14432445
  1.31029901 -1.87354672]
Mon Apr  1 20:52:14 2024,2,0.08842800696245717,[-4.10282414  2.23743466 -2.12427961 -0.11653103  0.5538871  -2.77010898
  3.06858495  2.1896015   1.18552001 -1.06648311  0.60271515  1.14432445
  1.31029901 -1.87354672]
