{"MSE_train": [0.00038374522077720664], "R2_train": 0.015741144856364353, "MAE_train": 0.012648172406704877, "MSE_test": 0.0003813101624167164, "R2_test": 0.01856871926911563, "MAE_test": 0.012624439505089163}