{"MSE_train": [189.55639438283953], "R2_train": 0.08166288735854099, "MAE_train": 12.815526292386727, "MSE_test": 176.00168478480816, "R2_test": -0.060905403736385866, "MAE_test": 12.329926449634286}