{"MSE_train": [1509.7182637584096], "R2_train": -1.0123371218734332, "MAE_train": 32.05663592330077, "MSE_test": 1571.7015821018304, "R2_test": -1.0326491661787842, "MAE_test": 33.28530393363113}