{"MSE_train": [848.5188872367164], "R2_train": -0.13100973631092216, "MAE_train": 22.161218509604193, "MSE_test": 878.4329339988387, "R2_test": -0.13605915472129193, "MAE_test": 22.639841374457852}