{"MSE_train": [770.4655585139313], "R2_train": -0.026970714829106734, "MAE_train": 20.768150046437885, "MSE_test": 801.9837684452376, "R2_test": -0.03718902925524592, "MAE_test": 21.611666003535326}