{"MSE_train": [260.10474534018584], "R2_train": -0.2601201958802004, "MAE_train": 13.885225197275002, "MSE_test": 127.8703842414108, "R2_test": 0.2292211191874325, "MAE_test": 10.43334280262015}