Time,Iteration,Cost,Parameters
Mon Feb 24 03:59:19 2025,0,0.4617481675444967,[-2.89291111  2.22716229 -2.11400729 -0.10625869  0.56415942 -2.75983663
  3.07885732  2.17932911  1.19579233 -1.05621074  0.61298744  1.13405211
  1.30002664 -1.88381914]
