{"MSE_train": [752.3835873611484], "R2_train": -0.0028688524744679977, "MAE_train": 20.062492493152853, "MSE_test": 777.9847449828125, "R2_test": -0.006151588315110201, "MAE_test": 20.677390521313782}