Time,Iteration,Cost,Parameters
Mon Apr  1 17:53:39 2024,0,0.32566694687493647,[-2.44927931  2.23743464 -2.12427958 -0.11653101  0.55388708 -2.77010895
  3.06858496  2.18960147  1.18552    -1.06648308  0.6027151   1.14432443
  1.31029897 -1.87354678  0.72965077  2.88578417 -0.54534337 -0.47522485
 -2.0265424   0.7289737 ]
Mon Apr  1 17:53:50 2024,1,0.32445735651855917,[-2.38271773  2.23743464 -2.12427957 -0.11653101  0.55388708 -2.77010895
  3.06858496  2.18960148  1.18552    -1.06648309  0.6027151   1.14432443
  1.31029896 -1.87354678  0.72965076  2.88578417 -0.54534337 -0.47522485
 -2.0265424   0.7289737 ]
Mon Apr  1 17:53:56 2024,2,0.32445215637699654,[-2.37771469  2.23743465 -2.12427958 -0.11653099  0.55388708 -2.77010895
  3.06858497  2.18960148  1.18552    -1.06648308  0.60271511  1.14432443
  1.31029896 -1.87354678  0.72965077  2.88578417 -0.54534337 -0.47522485
 -2.0265424   0.7289737 ]
Mon Apr  1 17:54:03 2024,3,0.3244521014538435,[-2.37818055  2.23743465 -2.12427957 -0.11653099  0.55388708 -2.77010895
  3.06858497  2.18960149  1.18552    -1.06648308  0.60271511  1.14432443
  1.31029895 -1.87354678  0.72965077  2.88578417 -0.54534337 -0.47522485
 -2.0265424   0.7289737 ]
