{"MSE_train": [0.5353373947067921], "R2_train": 0.9264941457998043, "MAE_train": 0.6025529658345867, "MSE_test": 1.4769393385272547, "R2_test": 0.8527629451343665, "MAE_test": 0.7965654694704164}