{"MSE_train": [8.747415503422788], "R2_train": -0.20108599731818666, "MAE_train": 2.6329278207653326, "MSE_test": 10.038773323219683, "R2_test": -0.0007719206994900585, "MAE_test": 2.797332293930621}