Time,Iteration,Cost,Parameters
Thu Apr  4 16:12:28 2024,0,0.35714830022681604,[-1.79851554  2.23743461 -2.12427964 -0.11653103  0.55388708 -2.77010902
  3.06858493  2.18960145  1.18552004 -1.06648311  0.6027151   1.14432445
  1.31029901 -1.8735468 ]
Thu Apr  4 16:13:14 2024,1,0.3280172183758167,[-1.63925632  2.23743461 -2.12427964 -0.11653103  0.55388708 -2.77010903
  3.06858493  2.18960145  1.18552004 -1.06648311  0.6027151   1.14432445
  1.31029901 -1.8735468 ]
Thu Apr  4 16:13:28 2024,2,0.32625718680197,[-1.58767014  2.23743461 -2.12427963 -0.11653102  0.55388708 -2.77010903
  3.06858493  2.18960145  1.18552004 -1.06648311  0.6027151   1.14432445
  1.31029901 -1.8735468 ]
Thu Apr  4 16:13:44 2024,3,0.32625387202557177,[-1.58981836  2.23743461 -2.12427963 -0.11653102  0.55388708 -2.77010903
  3.06858493  2.18960146  1.18552004 -1.06648311  0.6027151   1.14432445
  1.31029901 -1.8735468 ]
