{"MSE_train": [260.3130301312208], "R2_train": -0.26112926578907336, "MAE_train": 13.780074934905851, "MSE_test": 122.84974561225008, "R2_test": 0.259484594553573, "MAE_test": 10.149093186247475, "hyperparameters": {"alpha": 0.001, "beta": 0.001}}