{"MSE_train": [3.4540446901827395], "R2_train": 0.9832663127084457, "MAE_train": 1.5363908706349283, "MSE_test": 3.0028754270465705, "R2_test": 0.9818992257307306, "MAE_test": 1.1917008948929249}