Time,Iteration,Cost,Parameters
Wed Mar 19 10:42:21 2025,998,0.11795773629772643,[-1.97044847  2.21505347 -2.16528603 -0.13311701  0.55179771]
Wed Mar 19 10:42:58 2025,999,0.12034159098937262,[-1.9695345   2.21596744 -2.1662     -0.13403098  0.55271168]
