Time,Iteration,Cost,Parameters
Tue Oct 22 15:06:38 2024,615,0.11489379682560406,[-3.11641548  2.2271272  -1.53839212 -0.24154999  0.5066401  -2.76522129
  2.78716746  2.26884619  1.20052282 -1.06780289  0.60770072  1.05598332
  1.2240574  -1.89499737  0.66103517]
