{"MSE_train": [0.1439141904304469], "R2_train": 0.7134329668877519, "MAE_train": 0.3214932568937157, "MSE_test": 0.1703857909549961, "R2_test": 0.6822364718266039, "MAE_test": 0.3586529717960544, "hyperparameters": {"alpha": 0.001, "beta": 0.001}}