Time,Iteration,Cost,Parameters
Thu Apr  4 13:27:04 2024,0,0.9832558896945487,[-7.72371319  2.23743495 -2.12427932 -0.11653071  0.55388708 -2.77010897
  3.06858467  2.18960177  1.18552061 -1.06648308  0.60271542  1.14432476
  1.31029899 -1.87354649  0.7296508   2.88578419 -0.54534335 -0.47522485
 -2.0265424   0.7289737 ]
Thu Apr  4 13:27:16 2024,1,0.9761303959887069,[-7.85416122  2.23743496 -2.12427932 -0.11653071  0.55388708 -2.77010897
  3.06858466  2.18960177  1.18552063 -1.06648308  0.60271542  1.14432477
  1.31029899 -1.87354648  0.7296508   2.88578419 -0.54534335 -0.47522485
 -2.0265424   0.7289737 ]
Thu Apr  4 13:27:22 2024,2,0.9755477640358495,[-7.90465905  2.23743498 -2.12427929 -0.1165307   0.55388709 -2.77010897
  3.06858469  2.18960177  1.18552065 -1.06648308  0.60271543  1.1443248
  1.31029899 -1.87354647  0.72965084  2.88578419 -0.54534334 -0.47522485
 -2.0265424   0.7289737 ]
Thu Apr  4 13:27:28 2024,3,0.9755474067555228,[-7.90344175  2.23743499 -2.12427929 -0.11653072  0.5538871  -2.77010898
  3.06858468  2.18960177  1.18552065 -1.06648309  0.60271543  1.1443248
  1.31029899 -1.87354647  0.72965085  2.88578419 -0.54534335 -0.47522485
 -2.0265424   0.7289737 ]
