{"MSE_train": [698.7266997528775], "R2_train": 0.06865160890586341, "MAE_train": 19.189745160885813, "MSE_test": 731.3215866929858, "R2_test": 0.05419690968808122, "MAE_test": 19.849537544858666}