{"MSE_train": [761.0927180151724], "R2_train": -0.014477446829489038, "MAE_train": 20.156000405367276, "MSE_test": 775.1840564428192, "R2_test": -0.002529515721704012, "MAE_test": 20.542769405807295}