Time,Iteration,Cost,Parameters
Mon Nov  4 16:56:39 2024,395,0.11174041988767983,[-2.89274325  2.24040998 -2.13178822 -0.10690954  0.56670655 -2.78061216
  3.0707971   2.18936631  1.18663503 -1.07693687  0.58573139  1.14913804
  1.32040555 -1.85409063  0.72301032  2.88608539 -0.54461674 -0.47211849
 -2.03961453  0.71682095  1.61656522  2.81719559 -1.26037783 -0.26195764
 -2.38687423 -2.26914702  3.13570632  2.54502708 -0.68329826 -2.69815121
  1.51714526 -0.03786317 -2.33800914  2.05209275  1.15358036 -0.65749552
  1.03938517 -1.93922302 -0.31914829  2.31593047 -0.2161214   0.56552217
  2.67717639  1.0689114   2.58259749  2.94163043  2.78111131 -2.93790772]
