{"MSE_train": [0.000496032295058287], "R2_train": -0.27226126193709943, "MAE_train": 0.014785075677226076, "MSE_test": 0.0004937158852902418, "R2_test": -0.2707456065334126, "MAE_test": 0.014751571841191923}