{"MSE_train": [2081.3917799265596], "R2_train": -1.7743334928474361, "MAE_train": 37.93953923499814, "MSE_test": 2230.5314525560175, "R2_test": -1.8847002184157575, "MAE_test": 40.001707131151754}