{"MSE_train": [1647.5546332247193], "R2_train": -1.1960622907872693, "MAE_train": 34.83376638581817, "MSE_test": 1748.3753251012251, "R2_test": -1.261137665829692, "MAE_test": 36.25368291346717}