{"MSE_train": [0.3180842579540407], "R2_train": 0.3666193597103684, "MAE_train": 0.47680969636691783, "MSE_test": 0.43877851961244385, "R2_test": 0.1816934399443153, "MAE_test": 0.5697729598159171, "hyperparameters": {"alpha": 0.001, "beta": 0.001}}