{"MSE_train": [3.7117861303992314], "R2_train": 0.982017641932727, "MAE_train": 1.4787509921958102, "MSE_test": 2.7667106471207754, "R2_test": 0.9833227830762289, "MAE_test": 1.3085294513230872}