{"MSE_train": [2.8880527756091587], "R2_train": 0.9860083535786585, "MAE_train": 1.2602879150034207, "MSE_test": 2.1139157388810252, "R2_test": 0.98725770930452, "MAE_test": 1.242667071893488, "BATCH_SIZE": 32, "NUM_CORES": 16, "TOLERANCE": 1e-06, "MAX_ITER": 500, "NUM_QUBITS": 5}