{"MSE_train": [5.770784879544728], "R2_train": 0.9720424840258733, "MAE_train": 1.9235133269011349, "MSE_test": 4.280702838935133, "R2_test": 0.974196719882718, "MAE_test": 1.5983138288799439}