{"MSE_train": [2.0603278912503087], "R2_train": 0.7171014708176887, "MAE_train": 1.19867902723282, "MSE_test": 2.610370799665687, "R2_test": 0.7397704166825996, "MAE_test": 1.2401067444716454}