Time,Iteration,Cost,Parameters
Mon Apr  1 17:30:53 2024,0,0.4061262085700376,[-3.43734276  2.24596939 -1.26713263 -0.116531    0.55388709 -2.77010896
  3.068585    2.18960147  1.18552    -1.06648308  0.60271513  1.14432447
  1.310299   -1.87354679  0.7296508 ]
Mon Apr  1 17:30:57 2024,1,0.35938414339670854,[-3.44409172  2.49420498 -1.15923289 -0.11653099  0.5538871  -2.77010895
  3.068585    2.18960148  1.18552001 -1.06648308  0.60271513  1.14432448
  1.31029901 -1.87354678  0.72965081]
Mon Apr  1 17:31:00 2024,2,0.28234779117978914,[-3.31435371  2.94939923 -1.14172195 -0.11653097  0.55388711 -2.77010894
  3.06858501  2.18960149  1.18552002 -1.06648307  0.60271512  1.14432449
  1.31029902 -1.87354677  0.72965081]
Mon Apr  1 17:31:07 2024,3,0.25945565323462505,[-3.19425962  3.17426282 -1.17401014 -0.11653096  0.55388711 -2.77010893
  3.06858501  2.1896015   1.18552004 -1.06648307  0.60271512  1.1443245
  1.31029902 -1.87354676  0.72965082]
Mon Apr  1 17:31:10 2024,4,0.2563191411526847,[-3.16762861  3.1205972  -1.1997559  -0.11653096  0.55388712 -2.77010892
  3.06858501  2.1896015   1.18552004 -1.06648307  0.60271513  1.1443245
  1.31029903 -1.87354676  0.72965082]
Mon Apr  1 17:31:15 2024,5,0.2562574521972476,[-3.16866921  3.10379104 -1.20223435 -0.11653095  0.55388712 -2.77010893
  3.06858501  2.1896015   1.18552004 -1.06648307  0.60271513  1.1443245
  1.31029903 -1.87354676  0.72965082]
Mon Apr  1 17:31:18 2024,6,0.256256478481285,[-3.16806043  3.10565644 -1.2022599  -0.11653096  0.55388712 -2.77010893
  3.06858501  2.1896015   1.18552004 -1.06648307  0.60271513  1.1443245
  1.31029903 -1.87354676  0.72965082]
Mon Apr  1 17:31:21 2024,7,0.25625647439375143,[-3.16811747  3.10562973 -1.20222963 -0.11653095  0.55388712 -2.77010892
  3.06858501  2.1896015   1.18552004 -1.06648307  0.60271513  1.1443245
  1.31029904 -1.87354676  0.72965082]
