{"MSE_train": [1289.7693182282912], "R2_train": -0.7191622702257467, "MAE_train": 28.31996001260475, "MSE_test": 1385.6090399911106, "R2_test": -0.7919795283410482, "MAE_test": 29.747954153899656}