Time,Iteration,Cost,Parameters
Fri Mar 22 04:40:55 2024,0,0.4019619828723463,[-4.43042718  2.23743432 -2.12427932 -0.11653103  0.55388708 -2.77010897
  3.06858467  2.18960145  1.18551998 -1.06648371  0.6027151   1.14432445
  1.31029899 -1.8735468 ]
Fri Mar 22 04:41:06 2024,1,0.4009791668299891,[-4.39657816  2.23743433 -2.12427933 -0.11653103  0.55388708 -2.77010897
  3.06858468  2.18960145  1.18551998 -1.0664837   0.6027151   1.14432445
  1.31029899 -1.8735468 ]
Fri Mar 22 04:41:11 2024,2,0.40097091407259594,[-4.39317942  2.23743433 -2.12427933 -0.11653103  0.55388707 -2.77010897
  3.06858467  2.18960145  1.18551998 -1.0664837   0.6027151   1.14432446
  1.31029899 -1.8735468 ]
