{"MSE_train": [1213.6107310517577], "R2_train": -0.6176487919803135, "MAE_train": 27.747017306885912, "MSE_test": 1200.3275029448912, "R2_test": -0.5523587465882682, "MAE_test": 27.588548489282758}