{"MSE_train": [1037.265477742811], "R2_train": -0.382594273519143, "MAE_train": 24.307662902363006, "MSE_test": 1037.397813881113, "R2_test": -0.34164514777749844, "MAE_test": 24.486743011254966}