{"MSE_train": [0.5947835808538662], "R2_train": -0.18435413213505747, "MAE_train": 0.664495598066446, "MSE_test": 0.6235568343847431, "R2_test": -0.16291164069582287, "MAE_test": 0.7152242020448271}