{"MSE_train": [0.31115617665407663], "R2_train": 0.3804148005724053, "MAE_train": 0.44917778253839635, "MSE_test": 0.29092229916205264, "R2_test": 0.4574401087795672, "MAE_test": 0.46368447925142836}