{"MSE_train": [0.31115617665407663], "R2_train": 0.3804148005724053, "MAE_train": 0.44917778253839635, "MSE_test": 0.29092229916205264, "R2_test": 0.4574401087795672, "MAE_test": 0.46368447925142836, "BATCH_SIZE": 32, "NUM_CORES": 16, "TOLERANCE": 1e-06, "MAX_ITER": 1000, "NUM_QUBITS": 5}