{"MSE_train": [206.9380924230839], "R2_train": -0.0025456060718911377, "MAE_train": 12.577389248143835, "MSE_test": 191.43234331396008, "R2_test": -0.15391854185948883, "MAE_test": 12.012845531426581}