{"MSE_train": [1389.667089261481], "R2_train": -0.8523182357249288, "MAE_train": 30.03594571216773, "MSE_test": 1375.3504933179536, "R2_test": -0.7787123619916236, "MAE_test": 29.99583565327045}