{"MSE_train": [2018.7786324088472], "R2_train": -1.6908750330196014, "MAE_train": 37.42316961168799, "MSE_test": 2028.1762636467404, "R2_test": -1.6229984356521747, "MAE_test": 38.1406179072716}