{"MSE_train": [1389.6622362433277], "R2_train": -0.85231176702887, "MAE_train": 30.036392146397716, "MSE_test": 1375.3987568983525, "R2_test": -0.7787747802824567, "MAE_test": 29.99745190224763}