Time,Iteration,Cost,Parameters
Wed Mar 19 11:00:23 2025,996,0.19565696631737903,[-1.9898393   2.13039181 -1.98538583 -0.06693628  0.60454929 -2.58770203
  3.29222204  1.8367652   1.03912811 -1.17426533  0.85049537  1.0578811
  1.5575375  -1.92524512  0.84451164  2.86989647 -0.72245505 -0.44119174
 -2.25552897  0.89290388]
Wed Mar 19 11:00:55 2025,997,0.19849388025197764,[-1.99097754  2.12925357 -1.98424759 -0.06807452  0.60568753 -2.58656379
  3.29336028  1.83562696  1.04026635 -1.17312709  0.84935713  1.05674286
  1.55867574 -1.92638336  0.8433734   2.87103471 -0.72359329 -0.4400535
 -2.25666721  0.89404212]
Wed Mar 19 11:01:26 2025,998,0.20089349673153042,[-1.990991    2.12924011 -1.98426105 -0.06808798  0.60567407 -2.58657725
  3.29337374  1.8356135   1.04025289 -1.17311364  0.84934367  1.05675632
  1.55866228 -1.92639682  0.84338686  2.87104817 -0.72360675 -0.44006696
 -2.25665375  0.89402867]
Wed Mar 19 11:01:57 2025,999,0.20099322935818847,[-1.99090018  2.12933093 -1.98435187 -0.06817879  0.60576489 -2.58648643
  3.29346456  1.83570431  1.04034371 -1.17302282  0.84925286  1.05684713
  1.5587531  -1.926306    0.84347768  2.87095735 -0.72369756 -0.43997614
 -2.25674456  0.89393785]
