{"MSE_train": [37.631904470101865], "R2_train": 0.8176860527085381, "MAE_train": 5.405977302915847, "MSE_test": 50.14674405865427, "R2_test": 0.6977247586200156, "MAE_test": 6.747076429343887}