{"MSE_train": [8.519395146809402e-05], "R2_train": 0.7814880900214998, "MAE_train": 0.006315418111391556, "MSE_test": 8.40393553775888e-05, "R2_test": 0.7836961604766055, "MAE_test": 0.006271182304260672}