{"MSE_train": [8.640875683501618e-05], "R2_train": 0.7783722650550089, "MAE_train": 0.006776124063832836, "MSE_test": 8.537309377224208e-05, "R2_test": 0.7802633314837238, "MAE_test": 0.006736744218934933}