{"MSE_train": [0.5014549736912874], "R2_train": 0.001485095943040804, "MAE_train": 0.6173006552786505, "MSE_test": 0.5857833601058844, "R2_test": -0.09246543511176974, "MAE_test": 0.6817605130358557}