{"MSE_train": [0.5011794790688242], "R2_train": 0.0020336705927089804, "MAE_train": 0.6168586524137982, "MSE_test": 0.5882291672424677, "R2_test": -0.09702677969688023, "MAE_test": 0.6843735967185923, "BATCH_SIZE": 32, "NUM_CORES": 16, "TOLERANCE": 1e-06, "MAX_ITER": 1000, "NUM_QUBITS": 5}