{"MSE_train": [76.99834879353864], "R2_train": 0.6269688419668547, "MAE_train": 6.9114542497431986, "MSE_test": 87.27385321935262, "R2_test": 0.47392945358157534, "MAE_test": 6.523825346185221}