{"MSE_train": [964.2493930159937], "R2_train": -0.28526950682800956, "MAE_train": 23.70887742988673, "MSE_test": 986.5984016767148, "R2_test": -0.2759473180905443, "MAE_test": 23.89704410596297}