{"MSE_train": [824.42416005376], "R2_train": -0.09889333743331363, "MAE_train": 22.12210216486798, "MSE_test": 855.8961826857987, "R2_test": -0.10691284012410951, "MAE_test": 22.83940156333251}