Time,Iteration,Cost,Parameters
Mon Nov  4 15:20:32 2024,235,0.11838829481584219,[-3.11192911  1.90114413 -1.60512232 -0.18851677  0.56150802 -2.77271526
  3.08730529  2.33321491  1.32000703 -1.04261219  0.61799592  1.14861406
  1.31001531 -1.97828216  0.63622595  2.90525645 -0.52762129 -0.51590137
 -1.85284919  0.75533559  1.55895124  2.84009328 -1.28007999 -0.36327809
 -2.2534418  -2.15357649  3.07768918  2.76389073 -0.65156789 -2.70968905
  1.59758934 -0.1479026  -2.42612728  2.06738938  1.04127332 -0.68109698
  1.0129155  -1.83942534 -0.37387329  2.46144989 -0.16860739  0.58662545
  2.79507598  1.17465133  2.61792181  3.00980636  2.56195914 -3.03787876]
