{"MSE_train": [0.07136556997976799], "R2_train": 0.8578943494432503, "MAE_train": 0.2200692543013612, "MSE_test": 0.0990773175149999, "R2_test": 0.8152242754571136, "MAE_test": 0.28301073777922764}