{"MSE_train": [0.5045384028110456], "R2_train": -0.004654737328564584, "MAE_train": 0.6224504190708977, "MSE_test": 0.6109647853180418, "R2_test": -0.13942791053299253, "MAE_test": 0.6991420943126048}