{"MSE_train": [1.5874811284901813], "R2_train": 0.7820268908353154, "MAE_train": 0.8885417871042846, "MSE_test": 3.291928496401307, "R2_test": 0.6718254812538886, "MAE_test": 1.1075473866484948}