{"MSE_train": [749.8367371377869], "R2_train": 0.0005259009516204172, "MAE_train": 19.99242766245257, "MSE_test": 777.3385591927436, "R2_test": -0.005315889590659095, "MAE_test": 20.619589663671796}