{"MSE_train": [3220.270788720817], "R2_train": -3.2923707066343972, "MAE_train": 49.49942832296264, "MSE_test": 3163.0569751134285, "R2_test": -3.090716199726864, "MAE_test": 48.80235811761088}