{"MSE_train": [1430.2941176430074], "R2_train": -0.9064709073366661, "MAE_train": 30.488251319057493, "MSE_test": 1407.319476812749, "R2_test": -0.8200571874879363, "MAE_test": 30.362242993718365}