{"MSE_train": [0.6027826212042444], "R2_train": -0.20028210458931595, "MAE_train": 0.6803083576418969, "MSE_test": 0.6386414381733172, "R2_test": -0.1910438980518434, "MAE_test": 0.746943030923126}