{"MSE_train": [0.6017804311781931], "R2_train": -0.19828650831405503, "MAE_train": 0.7025604329990941, "MSE_test": 0.5763091985131001, "R2_test": -0.07479645580701533, "MAE_test": 0.7124948134439035, "hyperparameters": {"alpha": 0.001, "beta": 0.001}}