{"MSE_train": [0.20065461858575584], "R2_train": 0.600449416722531, "MAE_train": 0.3796709512091257, "MSE_test": 0.2149110558329176, "R2_test": 0.5991984134230111, "MAE_test": 0.3989782717023751, "hyperparameters": {"alpha": 0.001, "beta": 0.001}}