{"MSE_train": [761.0924335884175], "R2_train": -0.01447706771072843, "MAE_train": 20.152013411162294, "MSE_test": 774.9691739007027, "R2_test": -0.002251612572001127, "MAE_test": 20.53755872755701}