{"MSE_train": [1108.1899021587672], "R2_train": -0.4771310195636844, "MAE_train": 25.543344571451495, "MSE_test": 1078.0544384569314, "R2_test": -0.3942255198944278, "MAE_test": 25.203570069736653}