{"MSE_train": [0.37796054977711585], "R2_train": 0.24739156674443097, "MAE_train": 0.5228660990918842, "MSE_test": 0.41693750405106533, "R2_test": 0.22242616844693341, "MAE_test": 0.5788229118706559}