{"MSE_train": [0.19190868842687764], "R2_train": 0.6178646226166846, "MAE_train": 0.3638786446051114, "MSE_test": 0.21276638534102185, "R2_test": 0.6031981487205051, "MAE_test": 0.39423709205274565, "BATCH_SIZE": 32, "NUM_CORES": 16, "TOLERANCE": 1e-06, "MAX_ITER": 1000, "NUM_QUBITS": 5}