Time,Iteration,Cost,Parameters
Wed Mar 19 10:27:18 2025,996,0.0881726961135404,[-2.90249244  2.22900071 -2.00287515 -0.16560086  0.63552423 -2.72946512
  2.66263041  2.22209015  1.78465284 -1.0510391   0.51590231  1.1960789
  1.66093481 -1.56677593  0.73009534]
Wed Mar 19 10:28:00 2025,997,0.08751765209113563,[-2.90344558  2.22804757 -2.00382828 -0.16464773  0.63457109 -2.72851199
  2.66358355  2.22113702  1.78369971 -1.05008597  0.51494917  1.19512577
  1.66188795 -1.56582279  0.72914221]
Wed Mar 19 10:28:40 2025,998,0.08946813911958773,[-2.90323106  2.22826209 -2.00361376 -0.16486225  0.63435657 -2.72829747
  2.66379807  2.22135153  1.78391422 -1.05030049  0.51473465  1.19534029
  1.66210247 -1.56603731  0.72892769]
Wed Mar 19 10:29:21 2025,999,0.09328903818951534,[-2.90437084  2.22940188 -2.00247398 -0.16600203  0.63549636 -2.72943725
  2.66265829  2.22249132  1.78277444 -1.05144027  0.51359486  1.19648007
  1.66324225 -1.56489753  0.7277879 ]
