{"MSE_train": [93.16435021669513], "R2_train": 0.5486499906390767, "MAE_train": 8.514821731733097, "MSE_test": 222.51711321651723, "R2_test": -0.34129175026852354, "MAE_test": 10.928301873209113}