{"MSE_train": [95.9498271970554], "R2_train": 0.5351552895196463, "MAE_train": 8.570123571587505, "MSE_test": 234.77729380458192, "R2_test": -0.4151938373568651, "MAE_test": 11.101784590252334, "MAX_ITER": 1000}