{"MSE_train": [133.8083320080374], "R2_train": 0.35174353962730165, "MAE_train": 7.883607849980564, "MSE_test": 142.2588946399387, "R2_test": 0.14248985606242737, "MAE_test": 7.3613718345275485, "BATCH_SIZE": 32, "NUM_CORES": 16, "TOLERANCE": 1e-06, "MAX_ITER": 500, "NUM_QUBITS": 5}