{"MSE_train": [4.648558159835184], "R2_train": 0.36171797128963035, "MAE_train": 1.549127241965507, "MSE_test": 12.610030284804779, "R2_test": -0.2571022197516206, "MAE_test": 2.503309788785607, "hyperparameters": {"alpha": 0.001, "beta": 0.001}}