{"MSE_train": [752.355181784984], "R2_train": -0.0028309900489040807, "MAE_train": 20.056275470246746, "MSE_test": 777.4002184347146, "R2_test": -0.005395632213690549, "MAE_test": 20.65880019277551}