{"MSE_train": [0.3479922171291181], "R2_train": 0.9522180489761866, "MAE_train": 0.49619665909574184, "MSE_test": 17.386495611259086, "R2_test": -0.7332711922946802, "MAE_test": 2.274952966909077}