{"MSE_train": [760.1803618940537], "R2_train": -0.013261347021353398, "MAE_train": 20.14503442181215, "MSE_test": 773.7550773242662, "R2_test": -0.0006814465672979608, "MAE_test": 20.525233518190486}