{"MSE_train": [1096.0846059033674], "R2_train": -0.4609956003859548, "MAE_train": 25.74458532692709, "MSE_test": 1089.562521413009, "R2_test": -0.4091086856883477, "MAE_test": 25.675260074427847}