{"MSE_train": [202.27912451191733], "R2_train": 0.020025529833916478, "MAE_train": 12.33113157186215, "MSE_test": 178.77980539071828, "R2_test": -0.0776513977684603, "MAE_test": 11.580499658905548}