{"MSE_train": [0.6235414622000255], "R2_train": 0.914383063351374, "MAE_train": 0.60355534524065, "MSE_test": 1.1057282919840095, "R2_test": 0.8897692187170837, "MAE_test": 0.630658073978078}