{"MSE_train": [945.3569585291089], "R2_train": -0.2600873598320028, "MAE_train": 23.717953716199762, "MSE_test": 991.1296757261217, "R2_test": -0.2818075211488993, "MAE_test": 24.67588656063242}