{"MSE_train": [1028.3330460632442], "R2_train": -0.3706880362503151, "MAE_train": 24.67958769719906, "MSE_test": 1076.8286938372676, "R2_test": -0.39264028971620557, "MAE_test": 25.367276852438618}