{"MSE_train": [793.3810069866536], "R2_train": -0.05751522683046395, "MAE_train": 21.199655546683527, "MSE_test": 799.8493394302759, "R2_test": -0.03442861633275718, "MAE_test": 21.464489738788586}