{"MSE_train": [671.7166476590183], "R2_train": 0.10465390933302832, "MAE_train": 19.9620446210433, "MSE_test": 689.1844474596467, "R2_test": 0.10869200080662977, "MAE_test": 20.267254689604243}