{"MSE_train": [58.35083788382419], "R2_train": 0.7173097739229204, "MAE_train": 5.0134758934205745, "MSE_test": 77.63284330026832, "R2_test": 0.5320436672786677, "MAE_test": 5.137892208253257, "hyperparameters": {"alpha": 0.001, "beta": 0.001}}