{"MSE_train": [0.7549655214171505], "R2_train": -0.5033140854800855, "MAE_train": 0.7543688848473469, "MSE_test": 0.7601795222830399, "R2_test": -0.4177081650524952, "MAE_test": 0.7984880735574814, "hyperparameters": {"alpha": 0.001, "beta": 0.001}}