{"MSE_train": [819.1809439246118], "R2_train": -0.09190453779567531, "MAE_train": 21.59514450692993, "MSE_test": 828.8895261608152, "R2_test": -0.0719856895174571, "MAE_test": 21.91731526743129}