{"MSE_train": [942.6466520271869], "R2_train": -0.2564747318891607, "MAE_train": 23.807188447257, "MSE_test": 992.0893937197727, "R2_test": -0.28304870459095754, "MAE_test": 24.556758654306538}