{"MSE_train": [3.463902928871022], "R2_train": 0.5243800523356307, "MAE_train": 1.523472967976859, "MSE_test": 5.94477412055385, "R2_test": 0.40736155472397995, "MAE_test": 1.9124055250348828}