{"MSE_train": [755.184125820849], "R2_train": -0.006601752604893374, "MAE_train": 20.134302125278616, "MSE_test": 779.9489227847791, "R2_test": -0.008691818863237, "MAE_test": 20.704947894047226}