{"MSE_train": [755.2123976032916], "R2_train": -0.006639436693823608, "MAE_train": 20.134544212726297, "MSE_test": 779.9623703972027, "R2_test": -0.00870921038239758, "MAE_test": 20.704645350784098}