{"MSE_train": [741.1143487181985], "R2_train": 0.012152166877847259, "MAE_train": 20.008190510156062, "MSE_test": 778.2579035682431, "R2_test": -0.006504858666958713, "MAE_test": 20.777571014594944}