{"MSE_train": [748.1849776068118], "R2_train": 0.0027275680443366035, "MAE_train": 20.55566148447982, "MSE_test": 803.1819938986288, "R2_test": -0.03873866946459947, "MAE_test": 21.40345144079346}