{"MSE_train": [761.54041606361], "R2_train": -0.015074193536400049, "MAE_train": 20.152328409933517, "MSE_test": 775.4931384577657, "R2_test": -0.0029292451023423816, "MAE_test": 20.533634619732762}