{"MSE_train": [0.1611921453809852], "R2_train": 0.6790284910427116, "MAE_train": 0.34134046507909, "MSE_test": 0.18572898575731572, "R2_test": 0.6536219512934652, "MAE_test": 0.3776111419686797, "hyperparameters": {"alpha": 0.001, "beta": 0.001}}