Time,Iteration,Cost,Parameters
Thu Apr  4 22:03:33 2024,0,0.09701748073750949,[-2.93260823  2.23743464 -2.12427964 -0.11653103  0.55388708]
Thu Apr  4 22:03:35 2024,1,0.09570021323859007,[-2.99715436  2.23743464 -2.12427964 -0.11653103  0.55388707]
Thu Apr  4 22:03:38 2024,2,0.09483842286654187,[-3.10553922  2.23743464 -2.12427964 -0.11653103  0.55388707]
Thu Apr  4 22:03:40 2024,3,0.09483829680343486,[-3.10686346  2.23743464 -2.12427964 -0.11653103  0.55388707]
