{"MSE_train": [128.41259708445708], "R2_train": 0.3778840644375162, "MAE_train": 8.963785395968253, "MSE_test": 140.5290304476929, "R2_test": 0.15291715550292717, "MAE_test": 9.270317050980436}