{"MSE_train": [149.02943609766447], "R2_train": 0.27800239875788735, "MAE_train": 10.243742808747296, "MSE_test": 154.19391352403312, "R2_test": 0.07054778321628996, "MAE_test": 10.186558491825506, "MAX_ITER": 1000}