{"MSE_train": [0.4407022597818454], "R2_train": 0.9394882622183275, "MAE_train": 0.4970087386512948, "MSE_test": 6.481757629983714, "R2_test": 0.3538293151949653, "MAE_test": 1.524391701673889}