{"MSE_train": [0.6017804311636727], "R2_train": -0.19828650828514127, "MAE_train": 0.7025604332091675, "MSE_test": 0.5763091961507046, "R2_test": -0.0747964514012307, "MAE_test": 0.7124948117028345, "hyperparameters": {"alpha": 0.001, "beta": 0.001}}