{"MSE_train": [0.16190069541812546], "R2_train": 0.677617601113459, "MAE_train": 0.34330457363902245, "MSE_test": 0.18101480885591126, "R2_test": 0.6624137259844634, "MAE_test": 0.3806080209207157}