{"MSE_train": [679.2791627660059], "R2_train": 0.0799720814344167, "MAE_train": 19.373182462759246, "MSE_test": 715.6750211732927, "R2_test": 0.07443228943150182, "MAE_test": 20.16878698768769}