Time,Iteration,Cost,Parameters
Fri Apr  5 00:55:11 2024,0,0.08118794179286522,[-4.61868084  2.23743454 -2.12427945 -0.11653103  0.55388708 -2.77010916
  3.06858498  2.18960136  1.18551998 -1.06648318  0.6027151   1.14432436
  1.31029899 -1.87354671  0.7296508   2.8857841  -0.54534335 -0.47522485
 -2.0265424   0.7289737 ]
Fri Apr  5 00:55:37 2024,1,0.07691654848621843,[-4.70465276  2.23743454 -2.12427944 -0.11653103  0.55388708 -2.77010917
  3.06858498  2.18960135  1.18551998 -1.06648318  0.6027151   1.14432435
  1.31029899 -1.8735467   0.7296508   2.88578409 -0.54534335 -0.47522485
 -2.0265424   0.7289737 ]
Fri Apr  5 00:55:45 2024,2,0.07691649291045957,[-4.70496488  2.23743454 -2.12427943 -0.11653103  0.55388708 -2.77010917
  3.06858498  2.18960135  1.18551998 -1.06648318  0.6027151   1.14432435
  1.31029899 -1.8735467   0.72965081  2.88578409 -0.54534335 -0.47522485
 -2.0265424   0.7289737 ]
