{"MSE_train": [761.2222903908485], "R2_train": -0.014650156736894626, "MAE_train": 20.158217864159006, "MSE_test": 775.28937388304, "R2_test": -0.002665720590037113, "MAE_test": 20.544392841053085}