Time,Iteration,Cost,Parameters
Mon Nov  4 15:08:56 2024,90,0.1057653108067502,[-2.90803692  2.2311452  -2.12426009 -0.11834165  0.55739222 -2.76904993
  3.07949331  2.19627749  1.18053512 -1.07075829  0.591147    1.15098558
  1.31953155 -1.87384226  0.72580453  2.89223698 -0.54306036 -0.46555757
 -2.02929423  0.72762989  1.6050968   2.82807254 -1.26427938 -0.24259112
 -2.39028536 -2.27873857  3.12610119  2.54848278 -0.67073986 -2.68197266
  1.52661015 -0.05375113 -2.34641151  2.05023455  1.14766331 -0.64835564
  1.0411924  -1.91601491 -0.32599427  2.32670965 -0.20689038  0.56144189
  2.6866681   1.07991019  2.58239506  2.94154542  2.77800652 -2.945683  ]
