{"MSE_train": [959.8879738801335], "R2_train": -0.27945607405592954, "MAE_train": 24.59869860650485, "MSE_test": 965.5012996396168, "R2_test": -0.24866287214174743, "MAE_test": 24.86962482445256}