{"MSE_train": [951.4155496429449], "R2_train": -0.268162990959544, "MAE_train": 24.450111683050817, "MSE_test": 957.0798150490323, "R2_test": -0.2377715402082723, "MAE_test": 24.722196358148068}