Time,Iteration,Cost,Parameters
Mon Nov  4 14:36:45 2024,340,0.1374601606551245,[-2.75696376  2.24815166 -2.1321517  -0.14132853  0.5418035  -2.77027606
  3.05955499  2.20298846  1.18724886 -1.07236018  0.6010603   1.15401934
  1.31301181 -1.87841937  0.72415153  2.89818821]
