{"MSE_train": [0.0005055938192301085], "R2_train": -0.29678538451959, "MAE_train": 0.015281167067067546, "MSE_test": 0.0005002469387791113, "R2_test": -0.2875554920855794, "MAE_test": 0.01530078427305609}