{"MSE_train": [765.3410125301898], "R2_train": -0.020140093273162796, "MAE_train": 20.425514104651704, "MSE_test": 801.1076270222085, "R2_test": -0.03605593366429205, "MAE_test": 21.24329680626584}