{"MSE_train": [1385.9451144504656], "R2_train": -0.8473571325451619, "MAE_train": 29.36462249083177, "MSE_test": 1377.3776730232207, "R2_test": -0.7813340715989239, "MAE_test": 29.28259542140353}