{"MSE_train": [930.9446505112425], "R2_train": -0.240876873258153, "MAE_train": 23.469697607804502, "MSE_test": 937.7710833793038, "R2_test": -0.2127999566866996, "MAE_test": 24.069296384431233}