Time,Iteration,Cost,Parameters
Wed Mar 27 23:11:02 2024,0,0.1686799783761531,[-2.57314906  2.23743467 -2.1242796  -0.11653099  0.55388708 -2.77010897
  3.06858502  2.18960149  1.18552002 -1.06648308  0.60271514  1.14432449
  1.31029899 -1.87354676  0.7296508   2.88578419 -0.54534331 -0.47522485
 -2.0265424   0.7289737 ]
Wed Mar 27 23:11:15 2024,1,0.1685284809124898,[-2.53772738  2.23743468 -2.12427959 -0.11653098  0.55388708 -2.77010897
  3.06858503  2.18960149  1.18552003 -1.06648309  0.60271515  1.14432449
  1.31029899 -1.87354676  0.7296508   2.88578419 -0.54534331 -0.47522485
 -2.0265424   0.7289737 ]
Wed Mar 27 23:11:21 2024,2,0.16852528143353196,[-2.53130005  2.23743468 -2.12427959 -0.11653098  0.55388708 -2.77010897
  3.06858503  2.1896015   1.18552003 -1.06648308  0.60271515  1.1443245
  1.31029899 -1.87354675  0.7296508   2.88578419 -0.54534331 -0.47522485
 -2.0265424   0.7289737 ]
Wed Mar 27 23:11:27 2024,3,0.16852524202011965,[-2.53194463  2.23743468 -2.12427959 -0.11653098  0.55388708 -2.77010897
  3.06858503  2.1896015   1.18552003 -1.06648308  0.60271515  1.1443245
  1.31029899 -1.87354675  0.7296508   2.88578419 -0.54534331 -0.47522485
 -2.0265424   0.7289737 ]
