{"MSE_train": [8.729321723726462], "R2_train": -0.19860158515972537, "MAE_train": 2.618426035406462, "MSE_test": 11.708685753212436, "R2_test": -0.16724659007949394, "MAE_test": 3.0025823455526686}