{"MSE_train": [0.48238305445552443], "R2_train": 0.03946177701112774, "MAE_train": 0.6078388229700582, "MSE_test": 0.5357536848306934, "R2_test": 0.000838155755223613, "MAE_test": 0.6611308451961273}