Time,Iteration,Cost,Parameters
Fri Apr  5 04:24:24 2024,0,0.0941878162998138,[-4.69140476  2.23743464 -2.12427939 -0.11653103  0.55388708 -2.77010922
  3.06858498  2.18960145  1.18552011 -1.06648321  0.60271522  1.14432445
  1.31029899 -1.8735468 ]
Fri Apr  5 04:25:07 2024,1,0.09386745594758497,[-4.66860922  2.23743464 -2.1242794  -0.11653103  0.55388708 -2.77010921
  3.06858498  2.18960145  1.18552011 -1.06648321  0.60271522  1.14432445
  1.31029899 -1.8735468 ]
Fri Apr  5 04:25:30 2024,2,0.09386722167367284,[-4.6679756   2.23743464 -2.12427939 -0.11653103  0.55388708 -2.77010921
  3.06858498  2.18960145  1.18552011 -1.06648321  0.60271522  1.14432445
  1.31029899 -1.8735468 ]
