{"MSE_train": [761.9970227108895], "R2_train": -0.015682814713259496, "MAE_train": 20.166267240357993, "MSE_test": 776.2894963038425, "R2_test": -0.00395915824249693, "MAE_test": 20.55555185454127, "BATCH_SIZE": 25, "NUM_CORES": 16, "TOLERANCE": 1e-06, "MAX_ITER": 1000}