{"MSE_train": [1806.8347942727019], "R2_train": -1.408370367432572, "MAE_train": 33.840717303298064, "MSE_test": 1751.2091792016752, "R2_test": -1.2648026307568436, "MAE_test": 33.40320150326963}