{"MSE_train": [1054.6601683898243], "R2_train": -0.405780044369757, "MAE_train": 24.871693317561736, "MSE_test": 1029.5856870125738, "R2_test": -0.3315418855894028, "MAE_test": 24.49112710757049}