{"MSE_train": [906.9227754524258], "R2_train": -0.2088575806005144, "MAE_train": 22.23373637287105, "MSE_test": 889.5458212556144, "R2_test": -0.15043122208672433, "MAE_test": 21.481786422903966}