{"MSE_train": [89.74714785628863], "R2_train": 0.5652051892077374, "MAE_train": 8.481523444833792, "MSE_test": 207.79773573772187, "R2_test": -0.25256608195470753, "MAE_test": 10.734442261312603, "hyperparameters": {"alpha": 0.001, "beta": 0.001}}