{"MSE_train": [5.300948236210035], "R2_train": 0.2721399027485202, "MAE_train": 1.5546260739172664, "MSE_test": 14.149148460365225, "R2_test": -0.41053792381084, "MAE_test": 2.5902186472688618, "hyperparameters": {"alpha": 0.001, "beta": 0.001}}