{"MSE_train": [2.3794489504945195], "R2_train": 0.673283747107458, "MAE_train": 0.919234664570544, "MSE_test": 2.0191137267598362, "R2_test": 0.798713223480569, "MAE_test": 1.0040553621481354}