{"MSE_train": [0.13014806433633805], "R2_train": 0.7408445647325415, "MAE_train": 0.29940538570280373, "MSE_test": 0.1707272223013929, "R2_test": 0.6815997143326137, "MAE_test": 0.35890187155908826, "hyperparameters": {"alpha": 0.001, "beta": 0.001}}