{"MSE_train": [2.837520605100456], "R2_train": 0.6103870606632984, "MAE_train": 1.4468846851321975, "MSE_test": 16.307406879215556, "R2_test": -0.6256961262779466, "MAE_test": 2.75116084461109}