{"MSE_train": [6.03276125455899], "R2_train": 0.17165646639521637, "MAE_train": 2.0004828827505627, "MSE_test": 9.99840963319032, "R2_test": 0.003251962129278585, "MAE_test": 2.7572144935628518}