{"MSE_train": [0.11610552877280378], "R2_train": 0.7988120706150936, "MAE_train": 0.2876535658265761, "MSE_test": 0.24093492041919404, "R2_test": 0.5506648180962381, "MAE_test": 0.41715287651323507}