{"MSE_train": [0.3138858312129047], "R2_train": 0.3749794157364482, "MAE_train": 0.47969133862418456, "MSE_test": 0.3464044351762708, "R2_test": 0.3539678697409794, "MAE_test": 0.5260275000267232}