{"MSE_train": [1015.8533132695576], "R2_train": -0.3540535222653829, "MAE_train": 24.290129340161972, "MSE_test": 1077.0372218916314, "R2_test": -0.39290997473825673, "MAE_test": 25.266766848628254}