{"MSE_train": [0.0005017393257295513], "R2_train": -0.28689908716757784, "MAE_train": 0.01783198074637004, "MSE_test": 0.0004989487512818382, "R2_test": -0.2842141654080985, "MAE_test": 0.01781807428842125}