{"MSE_train": [758.2314826811931], "R2_train": -0.010663642482545255, "MAE_train": 20.173400540633132, "MSE_test": 780.1707112571495, "R2_test": -0.008978653309779094, "MAE_test": 20.749506955862756}