{"MSE_train": [0.8955293218918949], "R2_train": -0.7832097034490249, "MAE_train": 0.822808767814719, "MSE_test": 1.2534243863003713, "R2_test": -1.3375925483984785, "MAE_test": 1.017401941296727}