{"MSE_train": [4.391806225648303], "R2_train": 0.396971944627876, "MAE_train": 1.3645818777400547, "MSE_test": 3.5927032129942207, "R2_test": 0.6418410517692319, "MAE_test": 1.5701882507973342, "hyperparameters": {"alpha": 0.001, "beta": 0.001}}