Time,Iteration,Cost,Parameters
Mon Apr  1 18:10:04 2024,0,0.1686364099479361,[-2.43056608  2.2374347  -2.12427955 -0.11653098  0.55388712 -2.77010897
  3.06858498  2.18960149  1.18552005 -1.06648304  0.60271512  1.14432451
  1.31029903 -1.87354676  0.7296508   2.88578419 -0.54534335 -0.47522485
 -2.0265424   0.7289737 ]
Mon Apr  1 18:10:17 2024,1,0.16829981333364658,[-2.38882372  2.2374347  -2.12427955 -0.11653098  0.55388712 -2.77010897
  3.06858498  2.1896015   1.18552005 -1.06648304  0.60271512  1.14432452
  1.31029903 -1.87354676  0.7296508   2.88578419 -0.54534335 -0.47522485
 -2.0265424   0.7289737 ]
Mon Apr  1 18:10:23 2024,2,0.16829713956801642,[-2.38452895  2.2374347  -2.12427954 -0.11653098  0.55388712 -2.77010897
  3.06858498  2.1896015   1.18552005 -1.06648304  0.60271512  1.14432452
  1.31029903 -1.87354676  0.7296508   2.88578419 -0.54534335 -0.47522485
 -2.0265424   0.7289737 ]
Mon Apr  1 18:10:29 2024,3,0.16829712267592223,[-2.3848456   2.2374347  -2.12427954 -0.11653098  0.55388713 -2.77010897
  3.06858498  2.1896015   1.18552005 -1.06648304  0.60271512  1.14432452
  1.31029903 -1.87354676  0.7296508   2.88578419 -0.54534335 -0.47522485
 -2.0265424   0.7289737 ]
