{"MSE_train": [767.9811552858862], "R2_train": -0.02365919839487396, "MAE_train": 20.250812511941923, "MSE_test": 799.7599815376523, "R2_test": -0.0343130516174186, "MAE_test": 21.105030175495823}