Time,Iteration,Cost,Parameters
Wed Mar 19 11:00:27 2025,999,0.11533879722998096,[-2.87750217  2.40675219 -2.11077941 -0.12663441  0.53477019 -2.73722098
  3.12571317  2.20429936  1.16639114 -1.08608013  0.66754743  1.14778633
  1.21043115 -1.84372685  0.68175012  2.91937085 -0.51459049 -0.44816274
 -2.03399953  0.76541278  1.56539227  2.84542729 -1.2730988  -0.27927283]
