{"MSE_train": [808.7896888580958], "R2_train": -0.07805380232060144, "MAE_train": 21.446039203954424, "MSE_test": 835.8160364583057, "R2_test": -0.08094360210153351, "MAE_test": 22.017453293974416}