Time,Iteration,Cost,Parameters
Thu Apr  4 20:29:09 2024,0,0.44383582630061275,[ 0.08121582  2.23743464 -2.12427964 -0.11653103  0.55388708 -2.77010939
  3.06858477  2.18960145  1.18551998 -1.0664833   0.6027151   1.14432445
  1.31029899 -1.87354659]
Thu Apr  4 20:31:05 2024,1,0.22411987156872182,[ 1.14976384  2.23743463 -2.12427963 -0.11653103  0.55388708 -2.77010954
  3.0685847   2.18960145  1.18551998 -1.06648337  0.6027151   1.14432445
  1.31029899 -1.87354652]
Thu Apr  4 20:31:51 2024,2,0.22223048665947326,[ 1.20349138  2.23743463 -2.12427963 -0.11653103  0.55388708 -2.77010954
  3.0685847   2.18960145  1.18551998 -1.06648337  0.6027151   1.14432445
  1.31029899 -1.87354652]
Thu Apr  4 20:32:13 2024,3,0.222104167369912,[ 1.2219394   2.23743463 -2.12427963 -0.11653103  0.55388708 -2.77010955
  3.0685847   2.18960145  1.18551998 -1.06648337  0.6027151   1.14432445
  1.31029899 -1.87354652]
Thu Apr  4 20:32:36 2024,4,0.222103959861425,[ 1.22121707  2.23743463 -2.12427964 -0.11653103  0.55388707 -2.77010955
  3.0685847   2.18960145  1.18551998 -1.06648337  0.6027151   1.14432445
  1.31029898 -1.87354652]
