{"MSE_train": [1833.6157380935956], "R2_train": -1.4440672843364109, "MAE_train": 34.04027467477576, "MSE_test": 1949.0754067318808, "R2_test": -1.5206989325639353, "MAE_test": 34.46167439725887, "BATCH_SIZE": 25, "NUM_CORES": 16, "TOLERANCE": 1e-06, "MAX_ITER": 1000}