{"MSE_train": [0.0005957115580736423], "R2_train": -0.5279261979025569, "MAE_train": 0.017433290006396648, "MSE_test": 0.0005999058068345938, "R2_test": -0.5440614553465117, "MAE_test": 0.017467981189379252}