{"MSE_train": [2414.8135322160015], "R2_train": -2.218758777669652, "MAE_train": 41.0723074783062, "MSE_test": 2519.7279874630026, "R2_test": -2.2587121187883255, "MAE_test": 42.21563682852806}