{"MSE_train": [1851.7885508109423], "R2_train": -1.4682902314371038, "MAE_train": 36.41143749293841, "MSE_test": 1916.332620256855, "R2_test": -1.4783533636692172, "MAE_test": 37.38179850817613}