{"MSE_train": [6.101613268637543], "R2_train": 0.1622025665587965, "MAE_train": 2.0280519268740065, "MSE_test": 9.547753193938473, "R2_test": 0.048178199206720174, "MAE_test": 2.734127336906313, "hyperparameters": {"alpha": 0.001, "beta": 0.001}}