{"MSE_train": [0.00029170550244637315], "R2_train": 0.2518115970396472, "MAE_train": 0.011253313566563457, "MSE_test": 0.0002900496076366503, "R2_test": 0.2534587693804178, "MAE_test": 0.011324774034467609}