{"MSE_train": [8.871297315251133e-05], "R2_train": 0.7724622362341477, "MAE_train": 0.0076302633579986515, "MSE_test": 8.803000202047944e-05, "R2_test": 0.7734248752298296, "MAE_test": 0.007602369558926006}