{"MSE_train": [7.271666035809182e-05], "R2_train": 0.8134907928521745, "MAE_train": 0.005332232570019678, "MSE_test": 7.138340069879017e-05, "R2_test": 0.8162705606199488, "MAE_test": 0.00528737586100677}