{"MSE_train": [0.2182466155453862], "R2_train": 0.5654196093063028, "MAE_train": 0.3781544089340101, "MSE_test": 0.22320758175356387, "R2_test": 0.5837256833711082, "MAE_test": 0.39412483395135817}