{"MSE_train": [0.4602662086272731], "R2_train": 0.08350162375484482, "MAE_train": 0.569982197429064, "MSE_test": 0.4344822764984245, "R2_test": 0.1897057827702615, "MAE_test": 0.58699202432245, "hyperparameters": {"alpha": 0.001, "beta": 0.001}}