{"MSE_train": [121.0563713556257], "R2_train": 0.41352250922725, "MAE_train": 7.292064763882112, "MSE_test": 174.71910528807334, "R2_test": -0.05317425320523528, "MAE_test": 8.570192544502838}