{"MSE_train": [3296.953226203287], "R2_train": -3.394582436628019, "MAE_train": 47.397032831892986, "MSE_test": 3396.444742537898, "R2_test": -3.392551774783847, "MAE_test": 47.51944763514327, "BATCH_SIZE": 25, "NUM_CORES": 16, "TOLERANCE": 1e-06, "MAX_ITER": 1000}