{"MSE_train": [3.818567803197921], "R2_train": 0.4756818952482065, "MAE_train": 1.4462245711628554, "MSE_test": 10.328943648302594, "R2_test": -0.02969919141408406, "MAE_test": 2.399121921758826}