{"MSE_train": [761.1013041063807], "R2_train": -0.014488891421824635, "MAE_train": 20.165410700543987, "MSE_test": 774.7006995161686, "R2_test": -0.0019044002003407723, "MAE_test": 20.54476724937544}