Time,Iteration,Cost,Parameters
Mon Nov  4 13:59:18 2024,450,0.10070707583782401,[-2.89133671  2.23153141 -2.13047427 -0.12218712  0.55218127 -2.77210086
  3.06625237  2.18282652  1.18295991 -1.06561038  0.59706435  1.14755404
  1.32747226 -1.86857539  0.72670619  2.88320503 -0.53220955 -0.47869151
 -2.01943272  0.71701497  1.60327345  2.84238967 -1.25614343 -0.25174904
 -2.39685677 -2.2727419   3.14615611  2.54742628 -0.66300194 -2.68367643
  1.52242031 -0.04155499 -2.33096288  2.03243946  1.15047615 -0.64773066
  1.054858   -1.91338958 -0.3132631   2.32535398 -0.20460561  0.57008101
  2.69206295  1.08449286  2.5865279   2.94246617  2.77737924 -2.94933601]
