{"MSE_train": [0.36779686161993297], "R2_train": 0.2676298625787089, "MAE_train": 0.5248935324381504, "MSE_test": 0.3868630328745253, "R2_test": 0.27851400309231555, "MAE_test": 0.5540017053083074, "hyperparameters": {"alpha": 0.001, "beta": 0.001}}