{"MSE_train": [109.89096489062104], "R2_train": 0.46761515626205197, "MAE_train": 7.631193470103698, "MSE_test": 111.5271291353511, "R2_test": 0.32773521965107555, "MAE_test": 8.005080903233244}