{"MSE_train": [109.14061193417956], "R2_train": 0.4712503645056143, "MAE_train": 7.632067414948262, "MSE_test": 112.54411624996973, "R2_test": 0.3216050105752456, "MAE_test": 8.099808837506538}