{"MSE_train": [754.1465897497663], "R2_train": -0.005218797651480811, "MAE_train": 20.086038474766177, "MSE_test": 774.4646625513335, "R2_test": -0.0015991384730364988, "MAE_test": 20.57524317985848}