{"MSE_train": [761.2140817089038], "R2_train": -0.014639215201778244, "MAE_train": 20.179942978416104, "MSE_test": 775.1005197899251, "R2_test": -0.002421479495372081, "MAE_test": 20.554640767573375}