{"MSE_train": [754.0968164274751], "R2_train": -0.005152453680867142, "MAE_train": 20.08513691373775, "MSE_test": 774.4641869715168, "R2_test": -0.0015985234154907157, "MAE_test": 20.575301890105834}