Time,Iteration,Cost,Parameters
Wed Mar 19 09:57:56 2025,996,0.10826315422468173,[-3.18970374  2.50414503 -2.02777805 -0.21153211  0.47580168 -2.79516858
  3.08210069  2.17723334  1.16984253 -1.01878347 -0.05090217  1.12049621
  1.3057837  -1.87198735  0.76564628  2.87585964 -0.52885012 -0.47628947
 -1.98042555  0.8223982 ]
Wed Mar 19 09:59:00 2025,997,0.10557445082109443,[-3.18984906  2.50399972 -2.02792336 -0.21167742  0.47594699 -2.79502326
  3.08224601  2.17708802  1.16998784 -1.01892878 -0.05075686  1.12064152
  1.30563838 -1.87213266  0.7657916   2.87600495 -0.52899544 -0.47643478
 -1.98028024  0.82225289]
Wed Mar 19 10:00:05 2025,998,0.10734374083586753,[-3.1899824   2.50386638 -2.02779001 -0.21154408  0.47581365 -2.79515661
  3.08237935  2.17722137  1.1698545  -1.01906213 -0.05062351  1.12050817
  1.30577173 -1.87226601  0.76592494  2.87587161 -0.52912878 -0.47656813
 -1.98014689  0.82211954]
Wed Mar 19 10:01:10 2025,999,0.10378952477124914,[-3.18962019  2.50422858 -2.02742781 -0.21118187  0.47545144 -2.79551881
  3.08274156  2.17758358  1.16949229 -1.01869992 -0.05026131  1.12014597
  1.30613393 -1.87262821  0.76628715  2.87623381 -0.52949099 -0.47693033
 -1.97978469  0.82175733]
