{"MSE_train": [818.7925529511759], "R2_train": -0.09138684281085085, "MAE_train": 21.270740216373902, "MSE_test": 859.4368932537546, "R2_test": -0.11149196790866744, "MAE_test": 22.11950626804803}