{"MSE_train": [0.0002194449569231958], "R2_train": 0.4371509262556571, "MAE_train": 0.008382497371981266, "MSE_test": 0.00021732646360311298, "R2_test": 0.4406364935072956, "MAE_test": 0.008359005966324422}