Time,Iteration,Cost,Parameters
Mon Nov  4 14:32:18 2024,205,0.051944352987840406,[-2.78799129  2.2161958  -2.23294335 -0.06944802  0.54208634 -2.73409654
  2.9736076   2.40178435  1.26883976 -0.67726204  0.60403869  1.50910838
  1.00116389 -1.98613703  0.96988476  2.88681253 -0.59897341 -0.28726859
 -1.75873665  0.62968672  1.66155138  3.09841875 -1.22369093  0.08183938
 -2.36987458 -2.37223645  3.16865578  2.50125151 -0.64360967 -2.72787403
  1.37197526 -0.04370034 -2.24676431  1.91288008  1.10288065 -0.787427
  0.82992867 -1.85194018 -0.57695528  2.2400362  -0.21239318  0.59439445
  2.65466446  0.904526    2.59754485]
