{"MSE_train": [836.9572570080758], "R2_train": -0.11559898169731131, "MAE_train": 22.00243648389865, "MSE_test": 849.5436119329398, "R2_test": -0.09869719168872249, "MAE_test": 22.378016495636974}