{"MSE_train": [0.14365252632687758], "R2_train": 0.7139540017183517, "MAE_train": 0.3217629423134078, "MSE_test": 0.17057288770998175, "R2_test": 0.6818875429362263, "MAE_test": 0.36081526875288644, "hyperparameters": {"alpha": 0.001, "beta": 0.001}}