{"MSE_train": [588.6098364273126], "R2_train": 0.21542883028135928, "MAE_train": 18.410278130804365, "MSE_test": 591.6559646573048, "R2_test": 0.23482357152233446, "MAE_test": 18.417735166959254}