{"MSE_train": [2.1433113420859393], "R2_train": 0.9896163758769982, "MAE_train": 1.0537597239194203, "MSE_test": 1.5459621736014415, "R2_test": 0.9906812277055692, "MAE_test": 1.1553710149255978}