{"MSE_train": [1162.447645084026], "R2_train": -0.5494523743876967, "MAE_train": 26.016048912062715, "MSE_test": 1250.2806876247432, "R2_test": -0.6169621677108013, "MAE_test": 27.038000195060494, "BATCH_SIZE": 25, "NUM_CORES": 16, "TOLERANCE": 1e-06, "MAX_ITER": 1000}