{"MSE_train": [0.0003811946250176144], "R2_train": 0.022283106361933203, "MAE_train": 0.012587631193615422, "MSE_test": 0.00037910433211003414, "R2_test": 0.02424617315400912, "MAE_test": 0.012565530931571717}