{"MSE_train": [0.14365252632064035], "R2_train": 0.7139540017307715, "MAE_train": 0.32176294229154506, "MSE_test": 0.17057288776279986, "R2_test": 0.6818875428377223, "MAE_test": 0.36081526880423664, "hyperparameters": {"alpha": 0.001, "beta": 0.001}}