{"MSE_train": [10.99993348823623], "R2_train": 0.946709014002276, "MAE_train": 2.393975877214661, "MSE_test": 11.470436952209726, "R2_test": 0.9308583405852305, "MAE_test": 2.3380465727623507, "hyperparameters": {"alpha": 0.001, "beta": 0.001}}