{"MSE_train": [10.999933579939112], "R2_train": 0.9467090135580063, "MAE_train": 2.3939758761749914, "MSE_test": 11.47043450909876, "R2_test": 0.9308583553118488, "MAE_test": 2.338046330040941, "hyperparameters": {"alpha": 0.001, "beta": 0.001}}