{"MSE_train": [750.9575190621048], "R2_train": -0.0009680142549259863, "MAE_train": 20.60369080179201, "MSE_test": 781.0024003748977, "R2_test": -0.010054259653223818, "MAE_test": 21.169077268891392}