{"MSE_train": [0.0004634935842072454], "R2_train": -0.18880350779170008, "MAE_train": 0.01449665233745938, "MSE_test": 0.00046209139872190416, "R2_test": -0.18934924363946748, "MAE_test": 0.01444857282503606}