{"MSE_train": [230.52692038942877], "R2_train": -0.11682556078266892, "MAE_train": 13.60620502668058, "MSE_test": 188.9529435321791, "R2_test": -0.13897318136631887, "MAE_test": 11.968902620071754, "MAX_ITER": 1000}