{"MSE_train": [748.1477162505142], "R2_train": 0.0027772345366146034, "MAE_train": 19.807103607588473, "MSE_test": 762.3694824325527, "R2_test": 0.014043307945032502, "MAE_test": 20.07451383812292}