{"MSE_train": [920.6168724480516], "R2_train": -0.22711074769556605, "MAE_train": 23.203887616390055, "MSE_test": 906.5823508866175, "R2_test": -0.17246421368219567, "MAE_test": 23.170888119282104}