Time,Iteration,Cost,Parameters
Mon Nov  4 15:34:48 2024,590,0.1091068088502826,[-1.63800346  2.20205009 -2.06366796 -0.04250579  0.40196399 -2.77814075
  3.15196459  2.23206281  1.29516219 -0.99760952  0.49549842  1.24925937
  1.32462628 -1.92706308  0.7183628   2.87041458]
