{"MSE_train": [0.5021252603888884], "R2_train": 0.00015039733068311634, "MAE_train": 0.6189130057137607, "MSE_test": 0.5721260099057361, "R2_test": -0.0669949556734637, "MAE_test": 0.6781905878543156}