{"MSE_train": [1757.636219475328], "R2_train": -1.3427924905633124, "MAE_train": 34.05543649028277, "MSE_test": 1686.4117741125867, "R2_test": -1.181001486236299, "MAE_test": 33.280341043710315, "BATCH_SIZE": 25, "NUM_CORES": 16, "TOLERANCE": 1e-06, "MAX_ITER": 1000}