{"MSE_train": [2.080673571738224], "R2_train": 0.7143078557287081, "MAE_train": 1.1994217376864758, "MSE_test": 3.3380048706972985, "R2_test": 0.6672320971701569, "MAE_test": 1.5511230336389308}