{"MSE_train": [1093.8271118230878], "R2_train": -0.4579865362120559, "MAE_train": 26.07447994318294, "MSE_test": 1125.226206129015, "R2_test": -0.4552317918978037, "MAE_test": 26.84565501280707}