{"MSE_train": [4.537035715441251], "R2_train": 0.9780195846600959, "MAE_train": 1.6384556178006697, "MSE_test": 3.452440541106106, "R2_test": 0.9791893308827337, "MAE_test": 1.4539152950085055}