{"MSE_train": [2.8493435218475285], "R2_train": 0.9861958869216918, "MAE_train": 1.2554127003923494, "MSE_test": 2.1088436174484317, "R2_test": 0.9872882831086447, "MAE_test": 1.2363434282302117}