Time,Iteration,Cost,Parameters
Mon Nov  4 16:47:12 2024,370,0.10513385728094467,[-2.90620161  2.2333303  -2.12526123 -0.11385561  0.54169597 -2.77441973
  3.06732594  2.19256202  1.17502212 -1.06073829  0.61100527  1.12912352
  1.31628292 -1.87089249  0.73564034  2.87856755 -0.5487207  -0.47289988
 -2.01316818  0.72881515  1.60501628  2.83042097 -1.27066154 -0.25097172
 -2.41034475 -2.27991169  3.1298493   2.54968739 -0.69282521 -2.68583972
  1.5345054  -0.0660189  -2.34664265  2.05645059  1.15829541 -0.64575111
  1.03734637 -1.93333744 -0.32110484  2.32058126 -0.20574124  0.56472998
  2.6785161   1.06496742  2.58569975  2.94864767  2.76556584 -2.94093356]
