{"MSE_train": [794.5638753823074], "R2_train": -0.059091898478417226, "MAE_train": 20.903940484585032, "MSE_test": 798.9032164317063, "R2_test": -0.033205015016804396, "MAE_test": 21.344881083136926}