{"MSE_train": [206.6747800674183], "R2_train": -0.0012699460805094542, "MAE_train": 12.565064639626538, "MSE_test": 196.41892121458963, "R2_test": -0.18397670549240308, "MAE_test": 12.105757347886195}