{"MSE_train": [206.6664032252423], "R2_train": -0.0012293630915682918, "MAE_train": 12.5656124264887, "MSE_test": 196.11914856584622, "R2_test": -0.18216973175045803, "MAE_test": 12.101359909413874}