{"MSE_train": [760.1209066689037], "R2_train": -0.013182097826632155, "MAE_train": 20.134529225933917, "MSE_test": 773.5141225286588, "R2_test": -0.0003698247111165731, "MAE_test": 20.501909946746235}