{"MSE_train": [761.744755396737], "R2_train": -0.015346561987773732, "MAE_train": 20.160435948112625, "MSE_test": 775.4842286552101, "R2_test": -0.0029177222388792057, "MAE_test": 20.550935708105815}