{"MSE_train": [761.6019757206675], "R2_train": -0.01515624777531377, "MAE_train": 20.159063483763294, "MSE_test": 775.396013083214, "R2_test": -0.0028036348631943486, "MAE_test": 20.54977330330833}