{"MSE_train": [108.36461088816164], "R2_train": 0.47500982913526735, "MAE_train": 7.276212907317548, "MSE_test": 155.70242721806432, "R2_test": 0.06145474338792256, "MAE_test": 8.907467140162154, "hyperparameters": {"alpha": 0.001, "beta": 0.001}}