{"MSE_train": [760.6663340004421], "R2_train": -0.013909110073146769, "MAE_train": 20.15112290255106, "MSE_test": 774.266685993629, "R2_test": -0.0013430994834957577, "MAE_test": 20.530603266882824}