Time,Iteration,Cost,Parameters
Mon Nov  4 14:59:34 2024,315,0.10649868884659253,[-2.90542232  2.25324223 -2.10882833 -0.11070425  0.54399712 -2.76459742
  3.06918928  2.19624234  1.17763238 -1.07233009  0.60182837  1.13213911
  1.30329337 -1.89311012  0.74012058  2.87649593 -0.54876977 -0.47283115
 -2.03371623  0.71170399  1.59662043  2.82969845 -1.2576442  -0.24904459
 -2.39350213 -2.26052099  3.12434157  2.56970644 -0.68105535 -2.69913574
  1.51857162 -0.03911295 -2.34703099  2.05062163  1.15729548 -0.64698528
  1.0435377  -1.9164357  -0.32029395  2.30748645 -0.20615798  0.55349773
  2.69885802  1.0934582   2.57567658  2.94534672  2.77325838 -2.94484806]
