{"MSE_train": [0.17244488159001103], "R2_train": 0.6566216441558943, "MAE_train": 0.3487590256343019, "MSE_test": 0.2043114499534143, "R2_test": 0.6189663068760987, "MAE_test": 0.3915608434767015}