{"MSE_train": [0.20281273864014118], "R2_train": 0.5961520916343276, "MAE_train": 0.37614398365834917, "MSE_test": 0.2267538097573874, "R2_test": 0.5771120924379306, "MAE_test": 0.4037602939370498}