{"MSE_train": [0.17244488159001103], "R2_train": 0.6566216441558943, "MAE_train": 0.3487590256343019, "MSE_test": 0.2043114499534143, "R2_test": 0.6189663068760987, "MAE_test": 0.3915608434767015, "BATCH_SIZE": 32, "NUM_CORES": 16, "TOLERANCE": 1e-06, "MAX_ITER": 1000, "NUM_QUBITS": 5}