{"MSE_train": [0.8537568462918091], "R2_train": 0.8827727581027351, "MAE_train": 0.7241369262546431, "MSE_test": 16.688650257181003, "R2_test": -0.6637025295840104, "MAE_test": 2.3745791632493}