{"MSE_train": [184.44743377479486], "R2_train": 0.10641408685601061, "MAE_train": 12.608594986184375, "MSE_test": 187.4363762344479, "R2_test": -0.12983159591354254, "MAE_test": 11.89986658914676, "hyperparameters": {"alpha": 0.001, "beta": 0.001}}