Time,Iteration,Cost,Parameters
Thu Apr  4 13:29:07 2024,0,0.30199489331084206,[-2.98651346  2.19308655 -1.95468861 -0.11653103  0.55388707 -2.77010898
  3.06858498  2.18960145  1.18551998 -1.06648309  0.6027151   1.14432445
  1.31029899 -1.8735468   0.7296508 ]
Thu Apr  4 13:29:14 2024,1,0.3006882051307513,[-3.01956001  2.20202958 -1.90300594 -0.11653103  0.55388707 -2.77010898
  3.06858498  2.18960145  1.18551999 -1.06648309  0.60271511  1.14432445
  1.31029899 -1.8735468   0.7296508 ]
Thu Apr  4 13:29:23 2024,2,0.2989234114347902,[-3.03616767  2.29686148 -1.91926059 -0.11653101  0.55388707 -2.77010896
  3.06858498  2.18960143  1.18551999 -1.0664831   0.6027151   1.14432445
  1.31029897 -1.87354682  0.72965082]
Thu Apr  4 13:29:28 2024,3,0.2959260277007921,[-3.09097447  2.49591949 -1.92139665 -0.11653098  0.55388707 -2.77010892
  3.06858499  2.18960141  1.18552    -1.06648313  0.60271508  1.14432445
  1.31029894 -1.87354684  0.72965085]
Thu Apr  4 13:29:38 2024,4,0.294600189687175,[-3.14779238  2.66715988 -1.91378843 -0.11653095  0.55388708 -2.77010888
  3.068585    2.18960138  1.18552    -1.06648315  0.60271506  1.14432446
  1.31029891 -1.87354687  0.72965088]
Thu Apr  4 13:29:43 2024,5,0.29455232246493845,[-3.15356949  2.66851825 -1.90910515 -0.11653095  0.55388708 -2.77010888
  3.06858499  2.18960138  1.18552    -1.06648315  0.60271506  1.14432446
  1.3102989  -1.87354688  0.72965088]
Thu Apr  4 13:29:48 2024,6,0.2945493161094921,[-3.15275281  2.66101658 -1.90791543 -0.11653095  0.55388708 -2.77010889
  3.06858499  2.18960139  1.18552    -1.06648315  0.60271506  1.14432445
  1.3102989  -1.87354688  0.72965088]
Thu Apr  4 13:29:53 2024,7,0.2945492636966111,[-3.15305717  2.66218341 -1.90794668 -0.11653095  0.55388708 -2.77010889
  3.06858499  2.18960138  1.18552    -1.06648315  0.60271506  1.14432445
  1.3102989  -1.87354688  0.72965087]
Thu Apr  4 13:29:58 2024,8,0.2945492635970672,[-3.15304206  2.66215513 -1.90795267 -0.11653095  0.55388708 -2.77010888
  3.068585    2.18960139  1.18552    -1.06648315  0.60271507  1.14432446
  1.31029891 -1.87354688  0.72965088]
