Time,Iteration,Cost,Parameters
Fri Mar 15 03:37:54 2024,0,0.30199489331084206,[-2.98651346  2.19308655 -1.95468861 -0.11653103  0.55388707 -2.77010898
  3.06858498  2.18960145  1.18551998 -1.06648309  0.6027151   1.14432445
  1.31029899 -1.8735468   0.7296508 ]
Fri Mar 15 03:37:56 2024,1,0.3006882051307513,[-3.01956001  2.20202958 -1.90300594 -0.11653103  0.55388707 -2.77010898
  3.06858498  2.18960145  1.18551999 -1.06648309  0.60271511  1.14432445
  1.31029899 -1.8735468   0.7296508 ]
Fri Mar 15 03:37:59 2024,2,0.29892341143479007,[-3.03616767  2.29686148 -1.91926059 -0.11653101  0.55388707 -2.77010896
  3.06858498  2.18960143  1.18551999 -1.0664831   0.6027151   1.14432445
  1.31029897 -1.87354682  0.72965082]
Fri Mar 15 03:38:01 2024,3,0.2959260259688715,[-3.09097452  2.49591956 -1.92139663 -0.11653099  0.55388706 -2.77010893
  3.06858498  2.18960139  1.18551998 -1.06648313  0.60271507  1.14432444
  1.31029893 -1.87354686  0.72965084]
Fri Mar 15 03:38:04 2024,4,0.2946001894250579,[-3.14779237  2.6671598  -1.91378842 -0.11653096  0.55388706 -2.77010891
  3.06858498  2.18960137  1.18551999 -1.06648315  0.60271505  1.14432444
  1.3102989  -1.87354689  0.72965087]
Fri Mar 15 03:38:05 2024,5,0.29455232247259033,[-3.15356952  2.66851832 -1.90910514 -0.11653096  0.55388707 -2.7701089
  3.06858499  2.18960137  1.18551999 -1.06648315  0.60271505  1.14432444
  1.3102989  -1.87354688  0.72965087]
Fri Mar 15 03:38:07 2024,6,0.29454931611394863,[-3.1527528   2.66101653 -1.90791543 -0.11653095  0.55388707 -2.7701089
  3.06858499  2.18960137  1.18551999 -1.06648315  0.60271506  1.14432445
  1.3102989  -1.87354688  0.72965087]
Fri Mar 15 03:38:09 2024,7,0.2945492636966418,[-3.15305718  2.66218341 -1.90794669 -0.11653095  0.55388706 -2.77010891
  3.06858499  2.18960136  1.18551999 -1.06648315  0.60271505  1.14432444
  1.31029889 -1.87354689  0.72965087]
Fri Mar 15 03:38:11 2024,8,0.29454926359706524,[-3.15304206  2.66215507 -1.90795268 -0.11653095  0.55388706 -2.77010891
  3.06858499  2.18960136  1.18551999 -1.06648315  0.60271505  1.14432445
  1.3102989  -1.87354689  0.72965087]
