{"MSE_train": [0.16104765220925268], "R2_train": 0.6793162109638988, "MAE_train": 0.341017087598684, "MSE_test": 0.18593973967299443, "R2_test": 0.6532289026275697, "MAE_test": 0.37728677266423666}