{"MSE_train": [838.1627711706292], "R2_train": -0.11720583839268661, "MAE_train": 21.997378676629374, "MSE_test": 875.5182002023394, "R2_test": -0.13228958975517124, "MAE_test": 22.862589672933208}