{"MSE_train": [0.3246707679207018], "R2_train": 0.35350406778491683, "MAE_train": 0.49221026491834385, "MSE_test": 0.3318292193222879, "R2_test": 0.38115013645284224, "MAE_test": 0.5149829450123423, "BATCH_SIZE": 32, "NUM_CORES": 16, "TOLERANCE": 1e-06, "MAX_ITER": 1000, "NUM_QUBITS": 5}