{"MSE_train": [0.0005956828435379561], "R2_train": -0.5278525486829959, "MAE_train": 0.01746778126383112, "MSE_test": 0.0005998267172800924, "R2_test": -0.5438578915015968, "MAE_test": 0.017500792805392185}