{"MSE_train": [1150.5433885412378], "R2_train": -0.5335849255236151, "MAE_train": 25.7790304302172, "MSE_test": 1246.532670571794, "R2_test": -0.6121149347346067, "MAE_test": 26.862350976595184, "BATCH_SIZE": 25, "NUM_CORES": 16, "TOLERANCE": 1e-06, "MAX_ITER": 1000}