{"MSE_train": [163.36686653920984], "R2_train": 0.20854236013848582, "MAE_train": 11.01906391740815, "MSE_test": 161.7546996069079, "R2_test": 0.024972771695098483, "MAE_test": 10.776712120574945, "hyperparameters": {"alpha": 0.001, "beta": 0.001}}