{"MSE_train": [0.9768008091748077], "R2_train": 0.8658778957499087, "MAE_train": 0.8358812941225515, "MSE_test": 16.834738275067686, "R2_test": -0.6782661402508114, "MAE_test": 2.4325370685667562, "BATCH_SIZE": 32, "NUM_CORES": 16, "TOLERANCE": 1e-06, "MAX_ITER": 1000, "NUM_QUBITS": 5}