{"MSE_train": [760.8227162573542], "R2_train": -0.014117555468781795, "MAE_train": 20.14964458608678, "MSE_test": 774.260312336072, "R2_test": -0.0013348565639323962, "MAE_test": 20.53089880145287}