{"MSE_train": [2.2095709904531713], "R2_train": 0.6966092698265747, "MAE_train": 1.1912243061650651, "MSE_test": 4.246000543428038, "R2_test": 0.5767134108597735, "MAE_test": 1.6579949668138354}