Time,Iteration,Cost,Parameters
Mon Apr  1 16:44:39 2024,0,0.356614595658343,[-3.8207718   2.23743464 -2.12427964 -0.11653103  0.55388708]
Mon Apr  1 16:44:42 2024,1,0.35661443817563176,[-3.82292352  2.23743464 -2.12427964 -0.11653103  0.55388708]
