{"MSE_train": [903.2537390165168], "R2_train": -0.20396704016080003, "MAE_train": 22.85137931784769, "MSE_test": 945.6740344336911, "R2_test": -0.22302067991684993, "MAE_test": 23.637574903541655}