{"MSE_train": [1173.7003991716524], "R2_train": -0.5644514211088192, "MAE_train": 26.49880176622875, "MSE_test": 1251.5298699045436, "R2_test": -0.6185777093303788, "MAE_test": 27.67948517127313}