{"MSE_train": [1179.8863985840567], "R2_train": -0.5726968775971566, "MAE_train": 26.584363917367153, "MSE_test": 1258.3867012732221, "R2_test": -0.6274455075962142, "MAE_test": 27.773780097539117}