Time,Iteration,Cost,Parameters
Tue Apr  2 09:56:39 2024,0,0.20577283546075198,[-2.36037789  2.23743464 -2.12427958 -0.116531    0.55388708 -2.77010903
  3.0685849   2.18960145  1.18551998 -1.06648311  0.60271504  1.14432448
  1.31029899 -1.8735468   0.72965075  2.88578419 -0.54534335 -0.47522479
 -2.02654246  0.72897375  1.60512661  2.83077104 -1.26456707 -0.25136107
 -2.39279218 -2.27309774  3.13337149  2.54856955 -0.6755079  -2.69002207]
Tue Apr  2 09:58:44 2024,1,0.20577282605989,[-2.36014683  2.23743464 -2.12427958 -0.116531    0.55388708 -2.77010903
  3.0685849   2.18960145  1.18551999 -1.06648311  0.60271505  1.14432448
  1.31029899 -1.8735468   0.72965075  2.88578419 -0.54534335 -0.47522479
 -2.02654246  0.72897375  1.60512661  2.83077104 -1.26456707 -0.25136107
 -2.39279218 -2.27309774  3.13337149  2.54856955 -0.6755079  -2.69002207]
