{"MSE_train": [0.0004886552253380593], "R2_train": -0.2533399938560521, "MAE_train": 0.017581292956031367, "MSE_test": 0.00048595073128117566, "R2_test": -0.25075934391746446, "MAE_test": 0.01757398052794}