{"MSE_train": [8.750567491065459], "R2_train": -0.20151878894902353, "MAE_train": 2.632440954043742, "MSE_test": 10.021149271572867, "R2_test": 0.0009850326103626461, "MAE_test": 2.795018486275056}