{"MSE_train": [256.3537191753004], "R2_train": -0.24194773301542183, "MAE_train": 14.396656386710248, "MSE_test": 224.07254103387086, "R2_test": -0.3506675797020311, "MAE_test": 12.79502700130196, "hyperparameters": {"alpha": 0.001, "beta": 0.001}}