{"MSE_train": [33.558464898706305], "R2_train": 0.8374205003207866, "MAE_train": 3.069273349480048, "MSE_test": 61.13337916316307, "R2_test": 0.6314993667125209, "MAE_test": 4.191104307727153}