{"MSE_train": [0.5265828934803662], "R2_train": -0.04855050791715665, "MAE_train": 0.6218161703496052, "MSE_test": 0.6530100862258392, "R2_test": -0.2178409230541054, "MAE_test": 0.7431115665946162}