{"MSE_train": [0.8955293218918949], "R2_train": -0.7832097034490249, "MAE_train": 0.8228087678147192, "MSE_test": 1.2534243863003705, "R2_test": -1.3375925483984767, "MAE_test": 1.0174019412967268, "BATCH_SIZE": 32, "NUM_CORES": 16, "TOLERANCE": 1e-06, "MAX_ITER": 1000, "NUM_QUBITS": 5}