{"MSE_train": [1822.4615799102473], "R2_train": -1.4291996582935744, "MAE_train": 36.56752526372271, "MSE_test": 1987.3309721858407, "R2_test": -1.5701740645528601, "MAE_test": 38.09938787071782}