{"MSE_train": [0.0003927607831535811], "R2_train": -0.007382653493682501, "MAE_train": 0.011427150431996767, "MSE_test": 0.00038833733678443036, "R2_test": 0.0004818980422329755, "MAE_test": 0.011262934979445131}