{"MSE_train": [736.347866385819], "R2_train": 0.018505517412484518, "MAE_train": 20.579027472038053, "MSE_test": 775.5561908063174, "R2_test": -0.003010789401316716, "MAE_test": 21.05717830078523}