Time,Iteration,Cost,Parameters
Thu Apr  4 15:46:09 2024,0,0.0947412910952846,[-1.75994168  2.23743465 -2.12427961 -0.11653103  0.55388708 -2.77010897
  3.06858498  2.18960145  1.18551998 -1.06648308]
Thu Apr  4 15:46:40 2024,1,0.07230976865183486,[-1.59192618  2.23743465 -2.12427961 -0.11653103  0.55388708 -2.77010897
  3.06858498  2.18960145  1.18551998 -1.06648308]
Thu Apr  4 15:46:54 2024,2,0.07223006570840682,[-1.58113222  2.23743465 -2.12427961 -0.11653103  0.55388708 -2.77010897
  3.06858498  2.18960145  1.18551999 -1.06648308]
Thu Apr  4 15:47:09 2024,3,0.07223003187553158,[-1.58135011  2.23743465 -2.1242796  -0.11653103  0.55388708 -2.77010897
  3.06858499  2.18960145  1.18551999 -1.06648308]
