{"MSE_train": [72.0727614094662], "R2_train": 0.6508316597371517, "MAE_train": 5.641116256833634, "MSE_test": 51.41745485297763, "R2_test": 0.6900651504183549, "MAE_test": 5.372469422989449, "hyperparameters": {"alpha": 0.001, "beta": 0.001}}