{"MSE_train": [92.36265737569406], "R2_train": 0.5525339233928477, "MAE_train": 8.558244110854195, "MSE_test": 210.5884068173885, "R2_test": -0.2693877279070691, "MAE_test": 10.792499572815553, "hyperparameters": {"alpha": 0.001, "beta": 0.001}}