{"MSE_train": [810.4753034571812], "R2_train": -0.08030059558815261, "MAE_train": 21.49150520127455, "MSE_test": 803.1997120853679, "R2_test": -0.0387615840292419, "MAE_test": 21.490838684652047}