{"MSE_train": [5.955405707957044], "R2_train": 0.1822779652598966, "MAE_train": 2.003177380540131, "MSE_test": 11.172158665292063, "R2_test": -0.11375985151120371, "MAE_test": 2.8390131334582196}