{"MSE_train": [734.9209193604889], "R2_train": 0.020407526905878437, "MAE_train": 19.688921991863076, "MSE_test": 780.7057565894115, "R2_test": -0.009670616377625674, "MAE_test": 20.43976759641706}