{"MSE_train": [0.0005522609201786743], "R2_train": -0.41648070543975635, "MAE_train": 0.01994688657074386, "MSE_test": 0.0005485948519097871, "R2_test": -0.41199527623339494, "MAE_test": 0.01993850349587951}