{"MSE_train": [27.61278559350655], "R2_train": 0.8662253210898586, "MAE_train": 3.7131612582253437, "MSE_test": 30.748370196877953, "R2_test": 0.8146545464161921, "MAE_test": 3.5691275251553165, "hyperparameters": {"alpha": 0.001, "beta": 0.001}}