Time,Iteration,Cost,Parameters
Thu Apr  4 12:49:56 2024,0,0.6846720255350703,[-3.32672932  2.56421406 -1.69595054 -0.11653102  0.55388706 -2.77010897
  3.06858498  2.18960145  1.18552    -1.06648308  0.60271512  1.14432445
  1.31029899 -1.87354679  0.7296508 ]
Thu Apr  4 12:50:03 2024,1,0.4972449121103918,[-2.95483585  4.36804204 -2.3691818  -0.11653103  0.55388707 -2.770109
  3.06858495  2.18960148  1.18552005 -1.06648308  0.60271514  1.14432448
  1.31029899 -1.87354681  0.72965081]
Thu Apr  4 12:50:07 2024,2,0.17937746619176798,[-3.03855823  4.23142745 -1.99857001 -0.11653104  0.55388707 -2.770109
  3.06858496  2.18960147  1.18552005 -1.06648309  0.60271513  1.14432448
  1.31029899 -1.87354681  0.72965081]
Thu Apr  4 12:50:11 2024,3,0.08719182072978504,[-3.26862578  4.45694654 -1.43643017 -0.11653104  0.55388707 -2.77010901
  3.06858495  2.18960148  1.18552004 -1.06648308  0.60271514  1.14432448
  1.31029899 -1.87354681  0.72965082]
Thu Apr  4 12:50:15 2024,4,0.06494928030583526,[-3.25746127  5.02927325 -1.50717231 -0.11653104  0.55388707 -2.77010902
  3.06858495  2.18960149  1.18552005 -1.06648309  0.60271514  1.14432449
  1.31029899 -1.87354682  0.72965082]
Thu Apr  4 12:50:19 2024,5,0.04519890246999668,[-3.22128518  4.71913837 -1.5451875  -0.11653104  0.55388707 -2.77010901
  3.06858495  2.18960148  1.18552005 -1.06648308  0.60271514  1.14432448
  1.31029899 -1.87354681  0.72965082]
Thu Apr  4 12:50:23 2024,6,0.04495975723861537,[-3.22136633  4.69269895 -1.56478509 -0.11653104  0.55388707 -2.77010901
  3.06858495  2.18960148  1.18552005 -1.06648309  0.60271514  1.14432448
  1.31029898 -1.87354681  0.72965082]
Thu Apr  4 12:50:26 2024,7,0.04495654218412978,[-3.22131605  4.69073646 -1.5672739  -0.11653104  0.55388707 -2.77010901
  3.06858495  2.18960148  1.18552005 -1.06648309  0.60271514  1.14432448
  1.31029898 -1.87354681  0.72965082]
Thu Apr  4 12:50:30 2024,8,0.044956538412960434,[-3.22131528  4.69083852 -1.56728904 -0.11653104  0.55388707 -2.77010901
  3.06858495  2.18960148  1.18552005 -1.06648309  0.60271514  1.14432448
  1.31029899 -1.87354681  0.72965082]
