{"MSE_train": [5.835499714397454], "R2_train": 0.19874196080264817, "MAE_train": 1.9390104503895422, "MSE_test": 9.230622679181026, "R2_test": 0.07979314897674239, "MAE_test": 2.650725841810964}