{"MSE_train": [818.5625544747359], "R2_train": -0.0910802727154727, "MAE_train": 21.52031050928323, "MSE_test": 820.3981548686534, "R2_test": -0.06100397455751816, "MAE_test": 21.68910372924846}