Time,Iteration,Cost,Parameters
Mon Nov  4 16:06:52 2024,380,0.12171688935686484,[-3.22004534  2.24744177 -1.67243782 -0.10368752  0.52916362 -2.78506019
  3.12790912  2.17906696  1.17478851 -1.02419877  0.58414052  1.06265324
  1.33466379 -1.86105376  0.77006927  2.82287663 -0.51876592 -0.44088925
 -2.02625497  0.73524609  1.55557057  2.81582659 -1.28219892 -0.24684686
 -2.38622472 -2.27378517  3.08691915  2.69380722 -0.68739441 -2.67988892
  1.4854927   0.0535972  -2.36422898  2.05334146  1.11304261 -0.63693822
  1.08363103 -1.89326485 -0.3213205   2.29361794 -0.16171685  0.57428447
  2.66346252  1.12717575  2.49068735  2.87980214  2.75462468 -2.93918486]
