{"MSE_train": [1.4928424099206163], "R2_train": 0.7950214993152216, "MAE_train": 0.6931247264282961, "MSE_test": 6.576180639474666, "R2_test": 0.3444162232240652, "MAE_test": 1.4978358489735752}