{"MSE_train": [3325.1059276739184], "R2_train": -3.432107799876481, "MAE_train": 48.85045121756631, "MSE_test": 3441.7578556210233, "R2_test": -3.451154287229121, "MAE_test": 49.130153243083264, "BATCH_SIZE": 25, "NUM_CORES": 16, "TOLERANCE": 1e-06, "MAX_ITER": 1000}