{"MSE_train": [90.5804432966594], "R2_train": 0.5611681524663557, "MAE_train": 8.413097733019578, "MSE_test": 139.60058302946018, "R2_test": 0.1585136637652913, "MAE_test": 9.467664189873734, "hyperparameters": {"alpha": 0.001, "beta": 0.001}}