{"MSE_train": [33.54225546470358], "R2_train": 0.8374990295883857, "MAE_train": 3.073241968986294, "MSE_test": 63.420855270957134, "R2_test": 0.6177108864110752, "MAE_test": 4.157207807040697, "MAX_ITER": 1000}