{"MSE_train": [33.6432112848468], "R2_train": 0.8370099325221722, "MAE_train": 3.072135776240011, "MSE_test": 60.556534378465415, "R2_test": 0.6349764797296557, "MAE_test": 4.170903864679256}