{"MSE_train": [743.1486196605537], "R2_train": 0.009440641799612681, "MAE_train": 20.230187981529124, "MSE_test": 768.0684360057028, "R2_test": 0.006672969096697234, "MAE_test": 20.666554652168394}