{"MSE_train": [756.2157437212584], "R2_train": -0.00797681909671355, "MAE_train": 20.020638124094365, "MSE_test": 777.1196437206414, "R2_test": -0.005032770735973635, "MAE_test": 20.530255546009965}