{"MSE_train": [798.7296908670972], "R2_train": -0.06464460678443484, "MAE_train": 21.381159661336103, "MSE_test": 822.7011645089951, "R2_test": -0.06398240931794019, "MAE_test": 21.742764111188226}