{"MSE_train": [94.69770634070395], "R2_train": 0.5412213948369778, "MAE_train": 6.789519690335834, "MSE_test": 97.02252167634393, "R2_test": 0.41516629425215257, "MAE_test": 6.46112671134969}