{"MSE_train": [0.1109682368035289], "R2_train": 0.7790361166235836, "MAE_train": 0.27626336688581843, "MSE_test": 0.15384662900204138, "R2_test": 0.7130814291774796, "MAE_test": 0.3395734892036046, "hyperparameters": {"alpha": 0.001, "beta": 0.001}}