Time,Iteration,Cost,Parameters
Thu Apr  4 23:32:13 2024,0,0.2916127740002451,[-2.51625179  1.03477929 -1.80552957 -0.11653103  0.55388713 -2.77010903
  3.06858498  2.18960151  1.18552004 -1.06648308  0.60271516  1.14432451
  1.31029899 -1.87354675  0.7296508 ]
Thu Apr  4 23:32:21 2024,1,0.284876143671936,[-2.3623622   0.3771498  -1.74787059 -0.11653103  0.55388716 -2.77010905
  3.06858498  2.18960153  1.18552006 -1.06648308  0.60271518  1.14432453
  1.31029899 -1.87354672  0.7296508 ]
Thu Apr  4 23:32:30 2024,2,0.22061168238821366,[-2.42052249  0.35160627 -1.79391164 -0.11653103  0.55388716 -2.77010906
  3.06858498  2.18960153  1.18552007 -1.06648309  0.60271518  1.14432453
  1.31029898 -1.87354672  0.7296508 ]
Thu Apr  4 23:32:35 2024,3,0.1136481863297543,[-2.55766161  0.22051595 -1.88309005 -0.11653102  0.55388717 -2.77010906
  3.06858499  2.18960154  1.18552008 -1.06648308  0.60271518  1.14432455
  1.31029899 -1.87354671  0.72965081]
Thu Apr  4 23:32:40 2024,4,0.07559393473075585,[-2.79760948 -0.03002369 -2.0106596  -0.116531    0.5538872  -2.77010906
  3.068585    2.18960156  1.1855201  -1.06648307  0.60271518  1.14432457
  1.310299   -1.87354669  0.72965082]
Thu Apr  4 23:32:45 2024,5,0.06562866208716552,[-2.72040501  0.09808479 -1.97728185 -0.116531    0.55388719 -2.77010906
  3.06858499  2.18960155  1.18552009 -1.06648307  0.60271518  1.14432456
  1.310299   -1.8735467   0.72965082]
Thu Apr  4 23:32:49 2024,6,0.0654630268114347,[-2.72380485  0.11161477 -1.98076051 -0.116531    0.55388719 -2.77010906
  3.06858499  2.18960155  1.18552009 -1.06648307  0.60271518  1.14432456
  1.310299   -1.8735467   0.72965082]
Thu Apr  4 23:32:54 2024,7,0.06543164576871623,[-2.72499073  0.12295455 -1.98261299 -0.116531    0.55388719 -2.77010906
  3.068585    2.18960155  1.18552009 -1.06648307  0.60271517  1.14432455
  1.310299   -1.8735467   0.72965082]
Thu Apr  4 23:32:58 2024,8,0.0654316314745948,[-2.72495703  0.12273258 -1.98257035 -0.116531    0.55388719 -2.77010906
  3.06858499  2.18960155  1.18552009 -1.06648307  0.60271517  1.14432455
  1.310299   -1.8735467   0.72965082]
