{"MSE_train": [0.06009102894244778], "R2_train": 0.8803446148764469, "MAE_train": 0.2021076727204024, "MSE_test": 0.0895686069097343, "R2_test": 0.8329576874592157, "MAE_test": 0.280260816032727, "BATCH_SIZE": 32, "NUM_CORES": 16, "TOLERANCE": 1e-06, "MAX_ITER": 1000, "NUM_QUBITS": 5}