{"MSE_train": [0.2689490040775328], "R2_train": 0.46445921749293373, "MAE_train": 0.4321683544457661, "MSE_test": 0.33777892494553663, "R2_test": 0.37005414400042025, "MAE_test": 0.5016128616550483}