{"MSE_train": [739.7947421831578], "R2_train": 0.013911099839364338, "MAE_train": 19.830565402054937, "MSE_test": 780.7193216525283, "R2_test": -0.009688159793339812, "MAE_test": 20.44225558592251}