{"MSE_train": [10.294186402352011], "R2_train": -0.4134692855061335, "MAE_train": 2.934342271545571, "MSE_test": 14.534377159857163, "R2_test": -0.44894162644325153, "MAE_test": 3.2232569961989554}