{"MSE_train": [88.61394710539074], "R2_train": 0.5706951665256269, "MAE_train": 6.528449276459594, "MSE_test": 98.49111574015618, "R2_test": 0.40631388252610257, "MAE_test": 6.277633065947847}