{"MSE_train": [88.67747441693572], "R2_train": 0.5703873980219685, "MAE_train": 6.518054895520071, "MSE_test": 97.29368947828175, "R2_test": 0.41353174520367664, "MAE_test": 6.246225961983525}