{"MSE_train": [3.009490820043645], "R2_train": 0.5867742555961055, "MAE_train": 1.356190379502622, "MSE_test": 4.44647479733071, "R2_test": 0.5567280005243375, "MAE_test": 1.6728262956706879, "hyperparameters": {"alpha": 0.001, "beta": 0.001}}