{"MSE_train": [2.117157257602576], "R2_train": 0.7092983710180434, "MAE_train": 1.0552837994337019, "MSE_test": 2.9978130354066423, "R2_test": 0.7011460451644446, "MAE_test": 1.3294412016933563, "hyperparameters": {"alpha": 0.001, "beta": 0.001}}