{"MSE_train": [57.55469338375747], "R2_train": 0.721166826826976, "MAE_train": 4.966694138578392, "MSE_test": 74.5520118968089, "R2_test": 0.5506143456669292, "MAE_test": 5.141680206675739, "hyperparameters": {"alpha": 0.001, "beta": 0.001}}