Time,Iteration,Cost,Parameters
Thu Apr  4 14:05:39 2024,0,0.29841405982759067,[-2.76410387  1.10223522 -1.45767629 -0.11653103  0.55388708 -2.77010897
  3.06858496  2.18960148  1.18551996 -1.06648311  0.60271508  1.14432445
  1.31029896 -1.8735468   0.72965078]
Thu Apr  4 14:05:46 2024,1,0.15721747646310077,[-2.89257812  0.62298478 -1.60737334 -0.11653103  0.55388708 -2.77010897
  3.06858496  2.18960148  1.18551995 -1.06648312  0.60271507  1.14432445
  1.31029895 -1.8735468   0.72965078]
Thu Apr  4 14:05:59 2024,2,0.10241920199978656,[-3.06853993  0.14729659 -1.7005845  -0.11653102  0.55388708 -2.77010897
  3.06858495  2.18960149  1.18551995 -1.06648312  0.60271507  1.14432445
  1.31029895 -1.8735468   0.72965077]
Thu Apr  4 14:06:07 2024,3,0.09525154072825916,[-3.04594647 -0.19956745 -1.61725724 -0.11653103  0.55388707 -2.77010897
  3.06858495  2.1896015   1.18551995 -1.06648312  0.60271506  1.14432445
  1.31029895 -1.8735468   0.72965076]
Thu Apr  4 14:06:13 2024,4,0.0941917845731311,[-3.06120326 -0.14590626 -1.6406655  -0.11653103  0.55388707 -2.77010897
  3.06858495  2.18960149  1.18551995 -1.06648312  0.60271506  1.14432445
  1.31029895 -1.8735468   0.72965076]
Thu Apr  4 14:06:20 2024,5,0.09418213150561067,[-3.05988021 -0.13346778 -1.64185562 -0.11653103  0.55388707 -2.77010897
  3.06858495  2.1896015   1.18551995 -1.06648312  0.60271506  1.14432445
  1.31029895 -1.87354681  0.72965076]
Thu Apr  4 14:06:27 2024,6,0.09418210775694837,[-3.05994455 -0.13405484 -1.64180109 -0.11653103  0.55388707 -2.77010897
  3.06858495  2.1896015   1.18551995 -1.06648312  0.60271506  1.14432445
  1.31029895 -1.87354681  0.72965076]
