Time,Iteration,Cost,Parameters
Tue Mar 18 15:58:11 2025,999,0.10856767793082366,[-2.91383459e+00  2.19571881e+00 -2.10973353e+00 -1.05500761e-03
  4.00588293e-01 -2.81032715e+00  2.96645449e+00  2.35310971e+00
  1.40565401e+00 -9.90274803e-01  7.39878451e-01  1.24540307e+00
  1.24818545e+00 -1.84333798e+00  9.09408081e-01]
