{"MSE_train": [764.7778459775184], "R2_train": -0.019389436023434126, "MAE_train": 20.014172487404974, "MSE_test": 787.0220606809364, "R2_test": -0.017839361889607774, "MAE_test": 20.612613674799512}