{"MSE_train": [58.35076849071984], "R2_train": 0.7173101101092215, "MAE_train": 5.014251936463305, "MSE_test": 77.60112286327266, "R2_test": 0.5322348721700226, "MAE_test": 5.135237899254204}