{"MSE_train": [0.1858261674319608], "R2_train": 0.6299763538514074, "MAE_train": 0.3616153365862478, "MSE_test": 0.21987390616004668, "R2_test": 0.5899428715089463, "MAE_test": 0.4230187430318028, "hyperparameters": {"alpha": 0.001, "beta": 0.001}}