{"MSE_train": [992.6537601296963], "R2_train": -0.32313032082116355, "MAE_train": 23.717150608049838, "MSE_test": 993.3478541925526, "R2_test": -0.28467624550571813, "MAE_test": 23.878284397793788}