{"MSE_train": [777.8542599016023], "R2_train": -0.036819279585707854, "MAE_train": 20.493733698794312, "MSE_test": 795.9806200680486, "R2_test": -0.029425281555111482, "MAE_test": 20.97146211603599}