Time,Iteration,Cost,Parameters
Mon Nov  4 15:22:00 2024,560,0.13899564794325436,[-2.59395394  2.23337754 -2.12896623 -0.12067729  0.53394551 -2.76049416
  3.07028632  2.15656373  1.18591595 -1.07185339  0.62691898  1.16313673
  1.33596918 -1.87011112  0.73904139  2.87751087]
