{"MSE_train": [0.4349892716796502], "R2_train": 0.13383395585899838, "MAE_train": 0.5667683322857165, "MSE_test": 0.46038315627858106, "R2_test": 0.14140154979633135, "MAE_test": 0.5966741541474975}