{"MSE_train": [0.460196657328901], "R2_train": 0.08364011676351879, "MAE_train": 0.5709582540533807, "MSE_test": 0.43844709461149056, "R2_test": 0.182311535954772, "MAE_test": 0.5898096689877048}