{"MSE_train": [1049.7354955329488], "R2_train": -0.3992158381593198, "MAE_train": 25.44744752878845, "MSE_test": 1037.4737208054732, "R2_test": -0.3417433166336381, "MAE_test": 25.33568054500271}