{"MSE_train": [0.5018599585906692], "R2_train": 0.0006786756677088501, "MAE_train": 0.6185497530856138, "MSE_test": 0.5733852492293867, "R2_test": -0.06934339287620883, "MAE_test": 0.6788977844651513, "hyperparameters": {"alpha": 0.001, "beta": 0.001}}