Time,Iteration,Cost,Parameters
Fri Apr  5 10:25:38 2024,0,0.29636229359132427,[-1.57267778  2.23743459 -2.12427959 -0.11653098  0.55388708 -2.77010902
  3.06858493  2.1896014   1.18552003 -1.06648313  0.60271515  1.14432445
  1.31029899 -1.8735468   0.72965075  2.88578414 -0.5453434  -0.4752248
 -2.02654245  0.72897365  1.60512659  2.83077097 -1.26456715 -0.25136109
 -2.39279218 -2.27309779  3.13337155  2.54856958 -0.67550787 -2.69002207]
Fri Apr  5 10:27:15 2024,1,0.2963371769007426,[-1.58019186  2.23743459 -2.12427959 -0.11653098  0.55388708 -2.77010902
  3.06858493  2.1896014   1.18552003 -1.06648313  0.60271515  1.14432445
  1.31029899 -1.8735468   0.72965075  2.88578414 -0.5453434  -0.4752248
 -2.02654245  0.72897365  1.60512659  2.83077097 -1.26456715 -0.25136109
 -2.39279218 -2.27309779  3.13337155  2.54856958 -0.67550787 -2.69002207]
