{"MSE_train": [1.5970299341892964], "R2_train": 0.7807157679314323, "MAE_train": 0.7244527370154942, "MSE_test": 15.335934042037739, "R2_test": -0.5288493596594519, "MAE_test": 2.0088199581035235}