{"MSE_train": [0.0025281301684976455], "R2_train": 0.9858992684410006, "MAE_train": 0.02839340132814444, "MSE_test": 0.06879858389679387, "R2_test": 0.7403826597438425, "MAE_test": 0.1932907173876616}