{"MSE_train": [0.17929070969967803], "R2_train": 0.0, "MAE_train": 0.30293373152020403, "MSE_test": 0.3604543167248463, "R2_test": -0.36020519161174436, "MAE_test": 0.5021124294555757}