{"MSE_train": [0.0004870664457562843], "R2_train": 0.9972833704179533, "MAE_train": 0.00942787210548548, "MSE_test": 0.22592426179761418, "R2_test": 0.14745547618799515, "MAE_test": 0.31359349871927705}