{"MSE_train": [0.1792953028700722], "R2_train": -2.5618563292528762e-05, "MAE_train": 0.30293373152020403, "MSE_test": 0.361783203127099, "R2_test": -0.36521985810216173, "MAE_test": 0.5025410631170715}