{"MSE_train": [0.024021310990616097], "R2_train": 0.8660203251420381, "MAE_train": 0.11088354299897621, "MSE_test": 0.12560452684652765, "R2_test": 0.5260205757585619, "MAE_test": 0.2684722637797927}