{"MSE_train": [0.1261453947684349], "R2_train": 0.29641979230415516, "MAE_train": 0.25450032060484556, "MSE_test": 0.25289641415407177, "R2_test": 0.0456737525078702, "MAE_test": 0.42022414165436917}