{"MSE_train": [0.0004781138710169044], "R2_train": 0.99733330370649, "MAE_train": 0.00945233490911455, "MSE_test": 0.22786088191075587, "R2_test": 0.14014747456379517, "MAE_test": 0.314809793376136}