{"MSE_train": [0.001294200307780543], "R2_train": 0.9927815539915682, "MAE_train": 0.019856326237592096, "MSE_test": 0.07086253861207555, "R2_test": 0.7325941501083186, "MAE_test": 0.19816101682818216}