{"MSE_train": [0.0], "R2_train": 1.0, "MAE_train": 0.0, "MSE_test": 0.06803373099820686, "R2_test": 0.7432688975698456, "MAE_test": 0.20583007838400894}