{"MSE_train": [0.0019842772040220844], "R2_train": 0.9889326267526865, "MAE_train": 0.028326004073175825, "MSE_test": 0.07244288784275121, "R2_test": 0.7266305671287712, "MAE_test": 0.19675672783029405}