{"MSE_train": [0.06154920581155511], "R2_train": 0.6567072219489036, "MAE_train": 0.17964136556030996, "MSE_test": 0.13270597087212305, "R2_test": 0.4992226693849545, "MAE_test": 0.29787757743716836}