{"MSE_train": [0.16023770248578345], "R2_train": 0.10626879243107146, "MAE_train": 0.28646715062682615, "MSE_test": 0.3213017314024295, "R2_test": -0.21245956241672515, "MAE_test": 0.47418077644319484}