{"MSE_train": [0.0007152036616937519], "R2_train": 0.9973760921933774, "MAE_train": 0.020507237922633165, "MSE_test": 0.002362832703155048, "R2_test": 0.9910836487160317, "MAE_test": 0.03729153787796672}