{"MSE_train": [0.000692629873037368], "R2_train": 0.9974589099185276, "MAE_train": 0.020810691491436318, "MSE_test": 0.002342530165057764, "R2_test": 0.9911602620798935, "MAE_test": 0.038206160064587005}