{"MSE_train": [0.0021043542044974148], "R2_train": 0.9922796376461449, "MAE_train": 0.037080206696462406, "MSE_test": 0.0018445101372492826, "R2_test": 0.9930395832474322, "MAE_test": 0.03764416305607356}