{"MSE_train": [0.0010927150728036535], "R2_train": 0.9959910948957482, "MAE_train": 0.02536173923384101, "MSE_test": 0.00532305581138141, "R2_test": 0.9799129936473834, "MAE_test": 0.06304000117676425}