{"MSE_train": [0.0006224359537773573], "R2_train": 0.9977164342889812, "MAE_train": 0.018901446603848366, "MSE_test": 0.0023869006103173947, "R2_test": 0.9909928264099739, "MAE_test": 0.03815976337686847}