{"MSE_train": [0.0022722778016276706], "R2_train": 0.9916635669224817, "MAE_train": 0.03603995244694373, "MSE_test": 0.0016141301650197531, "R2_test": 0.9939089417756287, "MAE_test": 0.03521524493627236}