{"MSE_train": [0.00227227780162767], "R2_train": 0.9916635669224817, "MAE_train": 0.03603995244694375, "MSE_test": 0.0016141301650197475, "R2_test": 0.9939089417756288, "MAE_test": 0.03521524493627227}