{"MSE_train": [0.0], "R2_train": 1.0, "MAE_train": 0.0, "MSE_test": 0.002575312190569273, "R2_test": 0.9902818391982047, "MAE_test": 0.0392705576416676}