{"MSE_train": [0.0006559948056448002], "R2_train": 0.9975933150460123, "MAE_train": 0.019392625495739703, "MSE_test": 0.0024604670990709446, "R2_test": 0.990715216972971, "MAE_test": 0.03855419356501423}