{"MSE_train": [0.0016136607024925679], "R2_train": 0.9946706012172829, "MAE_train": 0.03113536718320712, "MSE_test": 0.0019232900159031035, "R2_test": 0.9927423006377715, "MAE_test": 0.038795230191245554}