{"MSE_train": [0.0004432902842987232], "R2_train": 0.9985359557322784, "MAE_train": 0.016299738958588748, "MSE_test": 0.0018008420168829802, "R2_test": 0.9932043686343015, "MAE_test": 0.030368770618576894}