{"MSE_train": [0.0017723659373898412], "R2_train": 0.9941464492165767, "MAE_train": 0.03172236923554059, "MSE_test": 0.001712771737878343, "R2_test": 0.9935367093642372, "MAE_test": 0.03703114724104632}