{"MSE_train": [0.0015887558644095225], "R2_train": 0.9947528538330642, "MAE_train": 0.031090888497871304, "MSE_test": 0.002086220574481477, "R2_test": 0.992127468240523, "MAE_test": 0.040057330196653126}