{"MSE_train": [2.5227109071454482e-05], "R2_train": 0.9999166830274981, "MAE_train": 0.00323899491765226, "MSE_test": 0.0031572675358991246, "R2_test": 0.9880857809315252, "MAE_test": 0.044568573119810974}