{"MSE_train": [0.0015783129718778684], "R2_train": 0.9947873433255953, "MAE_train": 0.031283293841639054, "MSE_test": 0.001908470232114038, "R2_test": 0.9927982243593448, "MAE_test": 0.03835854518436047}