{"MSE_train": [0.0016136607024924774], "R2_train": 0.9946706012172831, "MAE_train": 0.031135367183206947, "MSE_test": 0.001923290015903288, "R2_test": 0.9927423006377708, "MAE_test": 0.03879523019124702}