{"MSE_train": [0.0005295172063991725], "R2_train": 0.998251176129621, "MAE_train": 0.017661367011650317, "MSE_test": 0.0019507530830849141, "R2_test": 0.992638666405013, "MAE_test": 0.03190653676119222}