{"MSE_train": [0.001575278825088706], "R2_train": 0.9947973641299562, "MAE_train": 0.03122980677706086, "MSE_test": 0.001966514731786171, "R2_test": 0.9925791884756414, "MAE_test": 0.03878572583583286}