{"MSE_train": [0.0004365772156186264], "R2_train": 0.9985581268243776, "MAE_train": 0.01626311612230041, "MSE_test": 0.0017929568718087832, "R2_test": 0.9932341239036071, "MAE_test": 0.03155659244331002}