{"MSE_train": [0.0015473460605118733], "R2_train": 0.995306884892835, "MAE_train": 0.029438810724144903, "MSE_test": 0.003141478696841605, "R2_test": 0.9881453614660315, "MAE_test": 0.042711594854469806}