{"MSE_train": [0.0016376941134564435], "R2_train": 0.9950328584012842, "MAE_train": 0.032246498485992904, "MSE_test": 0.0018454663694608543, "R2_test": 0.9930359748234012, "MAE_test": 0.03805721455593629}