{"MSE_train": [0.00044680328345046694], "R2_train": 0.9986448414527267, "MAE_train": 0.016377952456684528, "MSE_test": 0.0019176327679914847, "R2_test": 0.9927636487465957, "MAE_test": 0.030415249930261283}