{"MSE_train": [0.0004779315069222822], "R2_train": 0.9985504292591244, "MAE_train": 0.01654399235821341, "MSE_test": 0.002006165758527571, "R2_test": 0.9924295619351232, "MAE_test": 0.03211819900009879}