{"MSE_train": [0.001665072103731453], "R2_train": 0.9949498207001245, "MAE_train": 0.032024598593491854, "MSE_test": 0.0017375752588091199, "R2_test": 0.9934431111567116, "MAE_test": 0.03685276492572328}