{"MSE_train": [0.0016374934288156998], "R2_train": 0.9950334670796809, "MAE_train": 0.03223988840363161, "MSE_test": 0.0017225395538652336, "R2_test": 0.9934998496752291, "MAE_test": 0.03673845647922795}