{"MSE_train": [0.0004648712669831073], "R2_train": 0.9985900410892935, "MAE_train": 0.01680181928935337, "MSE_test": 0.0019768864811223457, "R2_test": 0.9925400497924892, "MAE_test": 0.03184041844290388}