{"MSE_train": [0.0015235153025608566], "R2_train": 0.9953793307977521, "MAE_train": 0.030918193987682873, "MSE_test": 0.0016535173216698056, "R2_test": 0.9937603109714674, "MAE_test": 0.03590601211473884}