{"MSE_train": [0.0008889544778169365], "R2_train": 0.9973038901736367, "MAE_train": 0.02141954865136796, "MSE_test": 0.0017387497925252984, "R2_test": 0.993438678953283, "MAE_test": 0.03170727085595928}