{"MSE_train": [0.00010824330569341569], "R2_train": 0.999671708903661, "MAE_train": 0.007406383132675253, "MSE_test": 0.002709477194399333, "R2_test": 0.9897755560819407, "MAE_test": 0.04161891304477214}