{"MSE_train": [0.000876499445977558], "R2_train": 0.9973416650367685, "MAE_train": 0.021177043293062157, "MSE_test": 0.001753294468032862, "R2_test": 0.9933837933763381, "MAE_test": 0.03255466234700726}