{"MSE_train": [0.0015497122330893904], "R2_train": 0.9952998781333232, "MAE_train": 0.030814361795355544, "MSE_test": 0.0015348164295234368, "R2_test": 0.9942082389397422, "MAE_test": 0.034428064821358635}