{"MSE_train": [0.0015250059962629153], "R2_train": 0.9953748096731743, "MAE_train": 0.030900820287305363, "MSE_test": 0.0016423619396443354, "R2_test": 0.9938024067595921, "MAE_test": 0.03576174090680402}