{"MSE_train": [0.0008919035213432451], "R2_train": 0.9972949460202205, "MAE_train": 0.021608730054160537, "MSE_test": 0.0015149918086416188, "R2_test": 0.9942830488421183, "MAE_test": 0.030095389025536858}