{"MSE_train": [0.00010824330569341588], "R2_train": 0.999671708903661, "MAE_train": 0.00740638313267526, "MSE_test": 0.0027094771943993313, "R2_test": 0.9897755560819407, "MAE_test": 0.041618913044772124}