{"MSE_train": [0.0009238098395489881], "R2_train": 0.9971981773552504, "MAE_train": 0.02219301994091306, "MSE_test": 0.0016491723452108202, "R2_test": 0.9937767071117347, "MAE_test": 0.03193022575151759}