{"MSE_train": [4.130348339790592], "R2_train": 0.43287208055593784, "MAE_train": 1.3214689628024523, "MSE_test": 6.030030164788483, "R2_test": 0.39886232355371476, "MAE_test": 1.8439840612722551, "hyperparameters": {"alpha": 0.001, "beta": 0.001}}