{"MSE_train": [0.2184494058065541], "R2_train": 0.5650158061558759, "MAE_train": 0.39352818463861505, "MSE_test": 0.2898259435119058, "R2_test": 0.4594847736402392, "MAE_test": 0.47353447741715005}