{"MSE_train": [0.1539069580970704], "R2_train": 0.6935350139879073, "MAE_train": 0.3326047725980198, "MSE_test": 0.1909666278568764, "R2_test": 0.6438539323551635, "MAE_test": 0.3871290500424297}