{"MSE_train": [0.1539069580970704], "R2_train": 0.6935350139879073, "MAE_train": 0.3326047725980198, "MSE_test": 0.1909666278568764, "R2_test": 0.6438539323551635, "MAE_test": 0.3871290500424297, "BATCH_SIZE": 32, "NUM_CORES": 16, "TOLERANCE": 1e-06, "MAX_ITER": 1000, "NUM_QUBITS": 5}