Time,Iteration,Cost,Parameters
Thu Apr  4 23:53:02 2024,0,0.29636229304489414,[-1.57267786  2.23743464 -2.12427954 -0.11653103  0.55388708 -2.77010902
  3.06858498  2.18960145  1.18552008 -1.06648313  0.6027151   1.1443244
  1.31029894 -1.87354675  0.72965075  2.88578419 -0.54534335 -0.47522485
 -2.0265424   0.7289737 ]
Thu Apr  4 23:53:18 2024,1,0.2963371769007382,[-1.58019186  2.23743464 -2.12427954 -0.11653103  0.55388708 -2.77010902
  3.06858498  2.18960145  1.18552008 -1.06648313  0.6027151   1.1443244
  1.31029894 -1.87354675  0.72965075  2.88578419 -0.54534335 -0.47522485
 -2.0265424   0.7289737 ]
