{"MSE_train": 62.29330585962043, "R2_train": 0.6982098397351982, "MAE_train": 6.068720274039254, "MSE_test": 84.07083480642811, "R2_test": 0.4932366525251167, "MAE_test": 6.646181363602781}