{"MSE_train": [101.30764768555159], "R2_train": 0.5091984474227264, "MAE_train": 8.256294164625706, "MSE_test": 201.35877645229283, "R2_test": -0.21375323360781562, "MAE_test": 10.649848282478724, "hyperparameters": {"alpha": 0.001, "beta": 0.001}}