Time,Iteration,Cost,Parameters
Mon Apr  1 19:31:33 2024,0,0.15501992517888352,[-3.59277842  2.23743462 -2.12427962 -0.11653103  0.55388707 -2.77010899
  3.06858497  2.18960149  1.18551997 -1.0664831   0.60271513  1.14432446
  1.31029899 -1.87354679  0.72965079  2.88578418 -0.54534335 -0.47522485
 -2.0265424   0.7289737 ]
Mon Apr  1 19:31:52 2024,1,0.15098006078824272,[-3.66298662  2.23743462 -2.12427962 -0.11653103  0.55388707 -2.77010899
  3.06858497  2.18960149  1.18551997 -1.0664831   0.60271513  1.14432446
  1.31029899 -1.87354679  0.72965079  2.88578418 -0.54534335 -0.47522485
 -2.0265424   0.7289737 ]
Mon Apr  1 19:32:01 2024,2,0.14972412452596115,[-3.73894439  2.23743462 -2.12427962 -0.11653102  0.55388707 -2.77010899
  3.06858497  2.1896015   1.18551997 -1.0664831   0.60271513  1.14432447
  1.31029898 -1.87354678  0.72965079  2.88578418 -0.54534334 -0.47522485
 -2.0265424   0.7289737 ]
Mon Apr  1 19:32:10 2024,3,0.14968535163374513,[-3.72722833  2.23743462 -2.12427962 -0.11653102  0.55388707 -2.77010899
  3.06858497  2.18960149  1.18551997 -1.0664831   0.60271513  1.14432447
  1.31029898 -1.87354679  0.72965079  2.88578418 -0.54534334 -0.47522485
 -2.0265424   0.7289737 ]
Mon Apr  1 19:32:20 2024,4,0.14968518371271372,[-3.72794539  2.23743462 -2.12427962 -0.11653102  0.55388707 -2.77010899
  3.06858497  2.18960149  1.18551997 -1.0664831   0.60271513  1.14432447
  1.31029898 -1.87354678  0.72965079  2.88578418 -0.54534334 -0.47522485
 -2.0265424   0.7289737 ]
