{"MSE_train": [2.3551537293018603], "R2_train": 0.9885900706086145, "MAE_train": 1.1431974394138749, "MSE_test": 1.7927474810621145, "R2_test": 0.9891936517964641, "MAE_test": 1.161475682629594, "hyperparameters": {"alpha": 0.001, "beta": 0.001}}