{"MSE_train": [0.07269195029717009], "R2_train": 0.8552532139777376, "MAE_train": 0.22290804063268438, "MSE_test": 0.07484234449374887, "R2_test": 0.8604216507150884, "MAE_test": 0.23762562626815353, "hyperparameters": {"alpha": 0.001, "beta": 0.001}}