{"MSE_train": [7.872439680936381], "R2_train": -0.08094523025742806, "MAE_train": 2.334670175636332, "MSE_test": 16.949225781230663, "R2_test": -0.689679475102571, "MAE_test": 3.0883298935985066, "hyperparameters": {"alpha": 0.001, "beta": 0.001}}