Time,Iteration,Cost,Parameters
Thu Mar 28 07:05:57 2024,0,0.4010254566381948,[-2.04561434  2.23743464 -2.12427964 -0.11653103  0.55388708 -2.77010897
  3.0685849   2.18960145  1.18551998 -1.06648316]
Thu Mar 28 07:06:18 2024,1,0.40102372387512414,[-2.04353442  2.23743464 -2.12427964 -0.11653103  0.55388708 -2.77010897
  3.0685849   2.18960145  1.18551999 -1.06648316]
