{"MSE_train": [135.81936823238854], "R2_train": 0.3420007440560898, "MAE_train": 10.744794510050792, "MSE_test": 137.88459699081528, "R2_test": 0.1688573082784699, "MAE_test": 10.617140453758406, "hyperparameters": {"alpha": 0.001, "beta": 0.001}}