Time,Iteration,Cost,Parameters
Thu Apr  4 17:24:57 2024,0,0.2150946344684368,[ 1.34838651  2.23743484 -2.12427964 -0.11653103  0.55388708 -2.77010897
  3.06858498  2.18960166  1.18552019 -1.0664835 ]
Thu Apr  4 17:25:23 2024,1,0.2149306282104135,[ 1.32939433  2.23743484 -2.12427964 -0.11653103  0.55388708 -2.77010897
  3.06858498  2.18960166  1.18552019 -1.0664835 ]
Thu Apr  4 17:25:36 2024,2,0.2149304080862579,[ 1.3286743   2.23743484 -2.12427963 -0.11653102  0.55388708 -2.77010897
  3.06858498  2.18960166  1.18552019 -1.0664835 ]
