{"MSE_train": [744.8647796858435], "R2_train": 0.007153133852687232, "MAE_train": 19.945127193762062, "MSE_test": 773.5330600909115, "R2_test": -0.0003943162689037383, "MAE_test": 20.61442104192808}