Time,Iteration,Cost,Parameters
Wed Mar 19 10:31:17 2025,999,0.11092292935804446,[-3.06082568  2.55672539 -2.03568601 -0.1374298   0.55389326 -2.67986203
  3.15185764  2.10243479  1.06646056 -0.99656361  0.85097234  1.25756235
  1.56479872 -1.8841254   0.67367289  2.91493582 -0.3861892  -0.57588039
 -2.09231329  0.65980149  1.82262739  2.93004008 -1.24511839 -0.30708713]
