{"MSE_train": [761.0827963531738], "R2_train": -0.014464222025080353, "MAE_train": 20.150935430797293, "MSE_test": 774.9380077806259, "R2_test": -0.0022113060731665524, "MAE_test": 20.536199072330408}