{"MSE_train": [106.70010442167582], "R2_train": 0.4830738043305246, "MAE_train": 9.130908478998904, "MSE_test": 152.14938285062084, "R2_test": 0.08287183364898831, "MAE_test": 9.94000025720158}