{"MSE_train": [93.95849429936888], "R2_train": 0.544802629085918, "MAE_train": 8.414552013390644, "MSE_test": 154.95467827232036, "R2_test": 0.06596203488429575, "MAE_test": 9.363519716049376, "BATCH_SIZE": 32, "NUM_CORES": 16, "TOLERANCE": 1e-06, "MAX_ITER": 500, "NUM_QUBITS": 5}