{"MSE_train": [126.1241991084895], "R2_train": 0.3889705846082906, "MAE_train": 10.089587743878784, "MSE_test": 165.35866520545326, "R2_test": 0.0032487377288803465, "MAE_test": 10.57951555693094}