{"MSE_train": [206.9435215806073], "R2_train": -0.0025719085179802814, "MAE_train": 12.577692705914867, "MSE_test": 191.59499603307808, "R2_test": -0.15489898218229414, "MAE_test": 12.011879206944199}