{"MSE_train": [675.6327049743504], "R2_train": 0.09943410925760987, "MAE_train": 19.456654632474777, "MSE_test": 682.5063039949948, "R2_test": 0.11732870569999365, "MAE_test": 19.646310621965696}