{"MSE_train": [584.1404071285265], "R2_train": 0.21658045591799013, "MAE_train": 18.387452552517544, "MSE_test": 596.7230805109102, "R2_test": 0.22827037533544214, "MAE_test": 18.472846625301088}