{"MSE_train": [683.6958960983801], "R2_train": 0.08868650209860829, "MAE_train": 19.60053553252437, "MSE_test": 699.707433177599, "R2_test": 0.09508284090701125, "MAE_test": 19.894724911818297}