{"MSE_train": [147.1255411732506], "R2_train": 0.28722613068922875, "MAE_train": 10.388370095241317, "MSE_test": 143.43841863894485, "R2_test": 0.13537990489399165, "MAE_test": 9.998059199848635}