{"MSE_train": [53.154899749370635], "R2_train": 0.7424823503447986, "MAE_train": 4.625780945732108, "MSE_test": 65.75492113885076, "R2_test": 0.6036415717056358, "MAE_test": 5.026239662305142, "BATCH_SIZE": 32, "NUM_CORES": 16, "TOLERANCE": 1e-06, "MAX_ITER": 500, "NUM_QUBITS": 5}