{"MSE_train": [238.98678832146243], "R2_train": -0.157810781647026, "MAE_train": 13.47626234606308, "MSE_test": 196.42956473661883, "R2_test": -0.1840408626625425, "MAE_test": 12.717988297257893, "MAX_ITER": 1000}