{"MSE_train": [768.1222960875924], "R2_train": -0.023847328115168542, "MAE_train": 21.284324188147743, "MSE_test": 806.6526552742299, "R2_test": -0.043227204076730086, "MAE_test": 22.257248059258508}