{"MSE_train": [136.83561018836744], "R2_train": 0.3370773928463494, "MAE_train": 10.231646337827872, "MSE_test": 170.11706805864935, "R2_test": -0.025434029179190354, "MAE_test": 10.766497940170787}