{"MSE_train": [46.198339940696286], "R2_train": 0.7761845478856164, "MAE_train": 5.831988994610241, "MSE_test": 84.83194996505242, "R2_test": 0.4886487919848186, "MAE_test": 7.54269189809902, "BATCH_SIZE": 32, "NUM_CORES": 16, "TOLERANCE": 1e-06, "MAX_ITER": 500, "NUM_QUBITS": 5}