{"MSE_train": [169.5754997420392], "R2_train": 0.17846361598691218, "MAE_train": 11.268871846349441, "MSE_test": 193.4264077658102, "R2_test": -0.16593839129986798, "MAE_test": 11.386735019082769, "MAX_ITER": 1000}