{"MSE_train": [0.28524950933219706], "R2_train": 0.43200107410145683, "MAE_train": 0.46211637197422084, "MSE_test": 0.34320228179322065, "R2_test": 0.3599397735661002, "MAE_test": 0.5247127135957508, "BATCH_SIZE": 32, "NUM_CORES": 16, "TOLERANCE": 1e-06, "MAX_ITER": 1000, "NUM_QUBITS": 5}