{"MSE_train": [725.045615396276], "R2_train": 0.033570539657342024, "MAE_train": 19.724159356110267, "MSE_test": 738.9643654480119, "R2_test": 0.044312661914456264, "MAE_test": 20.156303875492714}