{"MSE_train": [1.0469039260487993], "R2_train": 0.8562522100816373, "MAE_train": 0.7872656251154325, "MSE_test": 1.997545477418513, "R2_test": 0.8008633764548886, "MAE_test": 0.8877115620839259}