{"MSE_train": [3.736446665914658], "R2_train": 0.4869577455877927, "MAE_train": 1.3235909358210503, "MSE_test": 6.288999676694811, "R2_test": 0.3730454824428945, "MAE_test": 1.880291384871472, "hyperparameters": {"alpha": 0.001, "beta": 0.001}}