{"MSE_train": [0.08712327203544272], "R2_train": 0.8265170550065083, "MAE_train": 0.24202902682281507, "MSE_test": 0.10367359165499254, "R2_test": 0.8066523852837013, "MAE_test": 0.280360683804296, "BATCH_SIZE": 32, "NUM_CORES": 16, "TOLERANCE": 1e-06, "MAX_ITER": 1000, "NUM_QUBITS": 5}