{"MSE_train": [1.3150150628977892], "R2_train": 0.8194385327082032, "MAE_train": 1.0471803661447048, "MSE_test": 10.793137587097329, "R2_test": -0.0759749907321301, "MAE_test": 2.266941675487915}