{"MSE_train": [7.967880009483705], "R2_train": -0.09404990582163131, "MAE_train": 2.0251563844942213, "MSE_test": 19.923744455884716, "R2_test": -0.9862111997809901, "MAE_test": 3.226397227294791}