{"MSE_train": [201.5842666647698], "R2_train": 0.023391882897991545, "MAE_train": 13.502012981568388, "MSE_test": 204.113128214209, "R2_test": -0.2303559534714379, "MAE_test": 13.475995348030207}