{"MSE_train": [1447.6755875157291], "R2_train": -0.9296390559225667, "MAE_train": 28.792796536770496, "MSE_test": 1426.6318149685208, "R2_test": -0.8450334352033562, "MAE_test": 28.967440491041067, "BATCH_SIZE": 25, "NUM_CORES": 16, "TOLERANCE": 1e-06, "MAX_ITER": 1000}