{"MSE_train": [2.419476065428375], "R2_train": 0.6677877229113639, "MAE_train": 1.0551802871394953, "MSE_test": 7.660595433557449, "R2_test": 0.23631019857671298, "MAE_test": 1.864152694039424}