{"MSE_train": [0.4513467087777401], "R2_train": 0.10126244776449056, "MAE_train": 0.5734909662050018, "MSE_test": 0.4295603984667243, "R2_test": 0.198884912789415, "MAE_test": 0.5755259413922986, "hyperparameters": {"alpha": 0.001, "beta": 0.001}}