{"MSE_train": [0.8611989355629689], "R2_train": 0.8817509032233272, "MAE_train": 0.7583737497994782, "MSE_test": 16.533521161835694, "R2_test": -0.6482376079539933, "MAE_test": 2.394203677177915}