{"MSE_train": [0.00045288379725724845], "R2_train": -0.16159072130911678, "MAE_train": 0.015513804023775907, "MSE_test": 0.0004505128575042287, "R2_test": -0.15954793316760063, "MAE_test": 0.015501295326158515}