{"MSE_train": [0.0005503772923388467], "R2_train": -0.411649433854431, "MAE_train": 0.01696227526768541, "MSE_test": 0.0005505832002691913, "R2_test": -0.41711296642172146, "MAE_test": 0.016985177485284823}