{"MSE_train": [0.12166830613751119], "R2_train": 0.7577297595926098, "MAE_train": 0.29264877530977007, "MSE_test": 0.1406881439853926, "R2_test": 0.7376215425335957, "MAE_test": 0.33296906588350084, "hyperparameters": {"alpha": 0.001, "beta": 0.001}}