{"MSE_train": [750.4649070046114], "R2_train": -0.00031140066431567526, "MAE_train": 20.44189876883479, "MSE_test": 787.6897231345168, "R2_test": -0.018702835939016227, "MAE_test": 21.160533381712767}