{"MSE_train": [9.450792442064241], "R2_train": 0.9542140824545843, "MAE_train": 2.246548665414579, "MSE_test": 11.95557672506979, "R2_test": 0.9279340083140709, "MAE_test": 2.7161077524961366}