{"MSE_train": [18.420820086896907], "R2_train": 0.9107573089994365, "MAE_train": 3.461947243360296, "MSE_test": 17.724638655450956, "R2_test": 0.8931591765622356, "MAE_test": 3.266206060338412}