{"MSE_train": [57.18580316734854], "R2_train": 0.7229539761200485, "MAE_train": 6.369890871526462, "MSE_test": 62.78680882980818, "R2_test": 0.6215328003686443, "MAE_test": 6.42485006063728, "MAX_ITER": 1000}