{"MSE_train": [2.8561123257949026], "R2_train": 0.9861630943382851, "MAE_train": 1.257139337650003, "MSE_test": 2.1139899292531523, "R2_test": 0.9872572620987629, "MAE_test": 1.2371054834222464, "BATCH_SIZE": 32, "NUM_CORES": 16, "TOLERANCE": 1e-06, "MAX_ITER": 500, "NUM_QUBITS": 5}