{"MSE_train": [1268.7705476412282], "R2_train": -0.691172540896478, "MAE_train": 28.42011290301104, "MSE_test": 1297.7193498082238, "R2_test": -0.6783136088685677, "MAE_test": 28.91320069797987}