{"MSE_train": [772.4704716346234], "R2_train": -0.029643108212529246, "MAE_train": 20.38223528289155, "MSE_test": 793.8505637087188, "R2_test": -0.026670523697760684, "MAE_test": 20.95981695794261}