{"MSE_train": [830.8671476942211], "R2_train": -0.1074813392584979, "MAE_train": 21.9457144866389, "MSE_test": 852.0064786960679, "R2_test": -0.10188236636150405, "MAE_test": 22.485394377851293}