Time,Iteration,Cost,Parameters
Mon Nov  4 15:50:52 2024,260,0.12321013416073791,[-2.82933905  2.25210065 -2.12834237 -0.10791711  0.56595428 -2.76075169
  3.08246539  2.19571712  1.18589068 -1.06638301  0.60563632  1.14971175
  1.31379232 -1.88248485  0.72327916  2.90147094]
