Time,Iteration,Cost,Parameters
Mon Apr  1 17:00:13 2024,0,0.3971992534648615,[ 0.01417982  2.23743464 -2.12427942 -0.11653081  0.55388708]
Mon Apr  1 17:00:22 2024,1,0.33991703638219806,[-1.41372449  2.23743464 -2.12427952 -0.11653091  0.55388708]
Mon Apr  1 17:00:28 2024,2,0.3399064714894462,[-1.4275176   2.23743464 -2.12427952 -0.11653091  0.55388708]
