{"MSE_train": [227.63053606345338], "R2_train": -0.10279355079600383, "MAE_train": 13.231385731446718, "MSE_test": 214.86093232453808, "R2_test": -0.29514171659006716, "MAE_test": 12.615998632261142, "hyperparameters": {"alpha": 0.001, "beta": 0.001}}