{"MSE_train": [776.4560475272947], "R2_train": -0.034955571149090536, "MAE_train": 20.718327690838592, "MSE_test": 796.1294284464641, "R2_test": -0.029617732354774162, "MAE_test": 21.099941537712347}