Time,Iteration,Cost,Parameters
Tue Oct 22 15:05:31 2024,635,0.11183429493321326,[-2.86828826  2.2098004  -2.14810097 -0.06235139  0.54215772 -2.57468606
  2.98080972  2.24107307  1.34857284 -0.79999473  0.62140927  1.45501763
  1.61988369 -1.54782342  0.98496037]
