{"MSE_train": [0.06017811639014441], "R2_train": 0.8801712032661456, "MAE_train": 0.19998142867307286, "MSE_test": 0.0386488398188244, "R2_test": 0.9279212683651425, "MAE_test": 0.17313127576478154}