{"MSE_train": [0.27579077724969353], "R2_train": 0.4508356364318248, "MAE_train": 0.44729975269299926, "MSE_test": 0.24660962715137424, "R2_test": 0.5400816889370514, "MAE_test": 0.45500794296415065, "hyperparameters": {"alpha": 0.001, "beta": 0.001}}