{"MSE_train": [749.8291992655326], "R2_train": 0.0005359483495498418, "MAE_train": 19.990407257754498, "MSE_test": 776.9278822846375, "R2_test": -0.0047847696348501945, "MAE_test": 20.610488686863423}