{"MSE_train": [189.7898752485159], "R2_train": 0.08053175092423404, "MAE_train": 11.946831548247907, "MSE_test": 174.8172854354316, "R2_test": -0.05376606486317104, "MAE_test": 11.223469160026934}