{"MSE_train": [0.08426743832306724], "R2_train": 0.8322036922419997, "MAE_train": 0.238012767974732, "MSE_test": 0.068506529556653, "R2_test": 0.8722377235048496, "MAE_test": 0.23667596092612153}