{"MSE_train": [678.4443160681612], "R2_train": 0.09568645016639543, "MAE_train": 19.631891319954104, "MSE_test": 693.816265733409, "R2_test": 0.10270176598134928, "MAE_test": 19.91420758856501}