{"MSE_train": [590.9951583883102], "R2_train": 0.21224938147626538, "MAE_train": 18.457216181790685, "MSE_test": 593.7120610175816, "R2_test": 0.2321644646028702, "MAE_test": 18.451398258209892}