{"MSE_train": [882.3984761781433], "R2_train": -0.17616859550821418, "MAE_train": 22.82319445481892, "MSE_test": 924.2204939372838, "R2_test": -0.19527525947686475, "MAE_test": 23.480965272434272, "BATCH_SIZE": 25, "NUM_CORES": 16}