{"MSE_train": [1.6847774494827852], "R2_train": 0.7686673735368555, "MAE_train": 0.9779582022322643, "MSE_test": 3.2535080613697644, "R2_test": 0.6756556397127604, "MAE_test": 1.2510186476566947}