{"MSE_train": [0.0005841897341222159], "R2_train": -0.4983741497268701, "MAE_train": 0.02070994845102204, "MSE_test": 0.0005797523222366246, "R2_test": -0.49218961412723905, "MAE_test": 0.02072166653593564}