{"MSE_train": [734.2361883591456], "R2_train": 0.021320220118630884, "MAE_train": 19.880313848960633, "MSE_test": 744.319457987329, "R2_test": 0.0373870314329392, "MAE_test": 20.1973863826308}