{"MSE_train": [2.080673571738224], "R2_train": 0.7143078557287081, "MAE_train": 1.1994217376864758, "MSE_test": 3.3380048706972985, "R2_test": 0.6672320971701569, "MAE_test": 1.5511230336389308, "BATCH_SIZE": 32, "NUM_CORES": 16, "TOLERANCE": 1e-06, "MAX_ITER": 1000, "NUM_QUBITS": 5}