{"MSE_train": [2018.8219881077769], "R2_train": -1.6909328227970022, "MAE_train": 37.42565376946697, "MSE_test": 2027.8604043335909, "R2_test": -1.6225899413318698, "MAE_test": 38.13397895688642}