{"MSE_train": [155.6082962234777], "R2_train": 0.2461300294185056, "MAE_train": 7.484191030320469, "MSE_test": 239.01360319138695, "R2_test": -0.44072952200588267, "MAE_test": 9.085075760944097}