{"MSE_train": [44.181015916789036], "R2_train": 0.785957805735392, "MAE_train": 5.295116559562046, "MSE_test": 70.6985891492651, "R2_test": 0.5738420609058392, "MAE_test": 6.099158267123949}