{"MSE_train": [61.317155197814564], "R2_train": 0.7029389620799468, "MAE_train": 6.356801582288021, "MSE_test": 81.61840648071423, "R2_test": 0.5080194341002315, "MAE_test": 6.918869752181844}