{"MSE_train": [0.5501787003868258], "R2_train": -0.09553531434138174, "MAE_train": 0.6405705834880823, "MSE_test": 0.6681822992385533, "R2_test": -0.246136568542477, "MAE_test": 0.7145129843199708}