{"MSE_train": [0.1963667316503722], "R2_train": 0.6089876090558821, "MAE_train": 0.37264978933219034, "MSE_test": 0.1785191833071824, "R2_test": 0.6670679801621089, "MAE_test": 0.3805428441601938, "BATCH_SIZE": 32, "NUM_CORES": 16, "TOLERANCE": 1e-06, "MAX_ITER": 1000, "NUM_QUBITS": 5}