{"MSE_train": [0.0008406229130028803], "R2_train": -1.1560934212652678, "MAE_train": 0.02147440956855751, "MSE_test": 0.0008414573802637941, "R2_test": -1.1657765142126886, "MAE_test": 0.02148615498070895}