Time,Iteration,Cost,Parameters
Fri Apr  5 05:24:30 2024,0,0.06879112690756811,[-4.67903296  2.23743432 -2.12427964 -0.11653119  0.55388708 -2.77010929
  3.06858482  2.18960145  1.18551998 -1.0664834   0.60271494  1.14432429
  1.31029883 -1.8735468 ]
Fri Apr  5 05:25:12 2024,1,0.06801257337376099,[-4.70979329  2.23743431 -2.12427964 -0.11653119  0.55388708 -2.7701093
  3.06858482  2.18960145  1.18551998 -1.06648341  0.60271494  1.14432429
  1.31029882 -1.8735468 ]
Fri Apr  5 05:25:34 2024,2,0.06800696159175681,[-4.71263759  2.23743431 -2.12427963 -0.11653119  0.55388708 -2.77010929
  3.06858482  2.18960145  1.18551998 -1.06648341  0.60271494  1.14432429
  1.31029883 -1.8735468 ]
