{"ridge": {"MSE_train": [660.3798774541463], "R2_train": 0.12879203582618648, "MAE_train": 18.852564795610846, "MSE_test": 921.9670438564946, "R2_test": -0.22649771059552015, "MAE_test": 22.841769630317533}, "lasso": {"MSE_train": [659.8813022525019], "R2_train": 0.12944978252811, "MAE_train": 18.871479028173074, "MSE_test": 943.5061172863518, "R2_test": -0.2551512556718891, "MAE_test": 23.16195343462076}, "elastic": {"MSE_train": [659.7808558345258], "R2_train": 0.1295822967404613, "MAE_train": 18.875220834265853, "MSE_test": 945.7849465896696, "R2_test": -0.258182794534348, "MAE_test": 23.20046607342643}, "knn": {"MSE_train": [5.7673527054130735], "R2_train": 0.9923914041285969, "MAE_train": 0.5891022099831609, "MSE_test": 920.409336528805, "R2_test": -0.2244254841705955, "MAE_test": 21.76153366409303}, "rfr": {"MSE_train": [48.69817725170389], "R2_train": 0.9357547961243287, "MAE_train": 4.826731446675007, "MSE_test": 813.7961065809225, "R2_test": -0.08259733172025174, "MAE_test": 20.549277993819956}, "grad": {"MSE_train": [9.322810527769652], "R2_train": 0.9877008566469526, "MAE_train": 1.9193268844964233, "MSE_test": 1009.3681291086556, "R2_test": -0.34276784376312697, "MAE_test": 23.553059518363504}, "svr": {"MSE_train": [148.37900121387514], "R2_train": 0.8042505957752175, "MAE_train": 8.723680128535023, "MSE_test": 1232.0019608515659, "R2_test": -0.6389388259618027, "MAE_test": 26.13667651554307}, "krr": {"MSE_train": [59.28306250552327], "R2_train": 0.9217906572281769, "MAE_train": 5.29570392481066, "MSE_test": 815.2056154555744, "R2_test": -0.08447240894708341, "MAE_test": 20.914874457544705}, "gpr": {"MSE_train": [42.73805684518908], "R2_train": 0.9436177013140028, "MAE_train": 4.421619454863528, "MSE_test": 1222.9241608204493, "R2_test": -0.6268625798209033, "MAE_test": 26.4831521030777}}