{"MSE_train": 0.000616136346937021, "R2_train": -0.5816997820238983, "MAE_train": 0.02168894843334951, "MSE_test": 0.0006549128934819404, "R2_test": -0.6667202126577003, "MAE_test": 0.021889690199190095}