{"MSE_train": [868.1575824122623], "R2_train": -0.15718659081126085, "MAE_train": 22.33576114396268, "MSE_test": 882.4501908393656, "R2_test": -0.1412545899490807, "MAE_test": 22.64638318965775}