{"MSE_train": [0.5014498134039674], "R2_train": 0.0014953712899185012, "MAE_train": 0.6173092600968573, "MSE_test": 0.5845610201881462, "R2_test": -0.09018581400774073, "MAE_test": 0.6814895265365247}