{"MSE_train": [0.000488656094104627], "R2_train": -0.25334222213445434, "MAE_train": 0.017592252632910938, "MSE_test": 0.00048594881834135745, "R2_test": -0.25075442031678263, "MAE_test": 0.017584929561818164}