{"MSE_train": [22.74602927179974], "R2_train": 0.8898031221076353, "MAE_train": 3.2816624732448254, "MSE_test": 36.75986866709072, "R2_test": 0.7784183523172579, "MAE_test": 3.82683177252859}