{"MSE_train": [12.527429281723968], "R2_train": 0.9393088095347315, "MAE_train": 2.4183810989735837, "MSE_test": 17.967029841859272, "R2_test": 0.8916980875971324, "MAE_test": 2.8575475852343653}