{"MSE_train": [5.991957765655017e-05], "R2_train": 0.8463137214178713, "MAE_train": 0.005351400463820923, "MSE_test": 5.9270724931127903e-05, "R2_test": 0.8474466478671152, "MAE_test": 0.005358718774545624}