{"MSE_train": [0.08662936715364959], "R2_train": 0.9881051357622065, "MAE_train": 0.22249638619280043, "MSE_test": 4.82107887189926, "R2_test": 0.5193834737442881, "MAE_test": 1.1726244288705527}