{"MSE_train": [1.4710282980764566], "R2_train": 0.798016741083456, "MAE_train": 0.9862818329915959, "MSE_test": 2.5170718113048096, "R2_test": 0.7490714542471462, "MAE_test": 1.2782570427599136}