{"MSE_train": [1.306205241970592], "R2_train": 0.8206481874399806, "MAE_train": 0.7451821367999923, "MSE_test": 4.661645536043528, "R2_test": 0.5352774879440922, "MAE_test": 1.3369409775501633}