{"MSE_train": [0.07122373585410582], "R2_train": 0.8581767745777245, "MAE_train": 0.22077476898221954, "MSE_test": 0.0772417863658704, "R2_test": 0.8559467757231138, "MAE_test": 0.23632015779380705}