{"MSE_train": [0.07122373585410582], "R2_train": 0.8581767745777245, "MAE_train": 0.22077476898221954, "MSE_test": 0.0772417863658704, "R2_test": 0.8559467757231138, "MAE_test": 0.23632015779380705, "BATCH_SIZE": 32, "NUM_CORES": 16, "TOLERANCE": 1e-06, "MAX_ITER": 1000, "NUM_QUBITS": 5}