{"MSE_train": [676.2680192947129], "R2_train": 0.09858728464031974, "MAE_train": 19.980401801044533, "MSE_test": 685.9932903624601, "R2_test": 0.1128190583133527, "MAE_test": 20.036029203436765}