{"MSE_train": [198.84275739829656], "R2_train": 0.03667357519990422, "MAE_train": 12.500722802252785, "MSE_test": 163.06473925580593, "R2_test": 0.017076096476766778, "MAE_test": 10.867316322259274}