{"MSE_train": [152.02938789280512], "R2_train": 0.2634686391420079, "MAE_train": 7.749963174653078, "MSE_test": 85.12508593224882, "R2_test": 0.486881822924219, "MAE_test": 5.83749830113311}