{"MSE_train": [0.12464208324417352], "R2_train": 0.7518082692931163, "MAE_train": 0.29871986225047553, "MSE_test": 0.15061993059425322, "R2_test": 0.7190991086134431, "MAE_test": 0.3400337085845847}