{"MSE_train": [769.8122671577762], "R2_train": -0.0260999282201424, "MAE_train": 20.548988379830146, "MSE_test": 781.5531868154417, "R2_test": -0.010766580371013745, "MAE_test": 20.565664753888342}