{"MSE_train": [85.9349284546328], "R2_train": 0.5836741127672441, "MAE_train": 6.504269345711758, "MSE_test": 79.05192068443507, "R2_test": 0.5234897328829637, "MAE_test": 5.846393145746797}