Time,Iteration,Cost,Parameters
Thu Mar 28 01:13:05 2024,0,0.19989290852057248,[-2.59250355  2.23743456 -2.12427949 -0.11653103  0.55388715 -2.77010912
  3.06858491  2.18960152  1.1855202  -1.06648316  0.60271517  1.14432452
  1.31029906 -1.87354673]
Thu Mar 28 01:13:40 2024,1,0.19979796481428888,[-2.57556787  2.23743456 -2.12427949 -0.11653103  0.55388715 -2.77010912
  3.06858491  2.18960153  1.18552021 -1.06648316  0.60271518  1.14432453
  1.31029906 -1.87354673]
Thu Mar 28 01:13:57 2024,2,0.1997398333252559,[-2.54497421  2.23743455 -2.12427948 -0.11653103  0.55388715 -2.77010914
  3.0685849   2.18960153  1.18552023 -1.06648317  0.6027152   1.14432453
  1.31029906 -1.87354672]
Thu Mar 28 01:14:15 2024,3,0.1997383695933188,[-2.54935279  2.23743455 -2.12427949 -0.11653103  0.55388715 -2.77010914
  3.06858491  2.18960153  1.18552023 -1.06648317  0.6027152   1.14432453
  1.31029906 -1.87354672]
Thu Mar 28 01:14:33 2024,4,0.19973836001117534,[-2.54902851  2.23743455 -2.12427949 -0.11653103  0.55388715 -2.77010914
  3.0685849   2.18960153  1.18552023 -1.06648317  0.60271519  1.14432453
  1.31029906 -1.87354672]
