{"MSE_train": [2.061511036433985], "R2_train": 0.7169390160775027, "MAE_train": 1.2014396415831605, "MSE_test": 2.5291675047611752, "R2_test": 0.7478656266043883, "MAE_test": 1.2204815813267071}