{"MSE_train": [3.625912104827518], "R2_train": 0.5021349729059106, "MAE_train": 1.5679384194809032, "MSE_test": 7.850642254041067, "R2_test": 0.217364305942769, "MAE_test": 2.1467153508968333}