{"MSE_train": [0.0005125892229810866], "R2_train": -0.31472772676755434, "MAE_train": 0.01822244225841921, "MSE_test": 0.0005090958471898612, "R2_test": -0.3103311649383307, "MAE_test": 0.018204599891715606}