{"MSE_train": [0.000539117930992612], "R2_train": -0.38277056968030876, "MAE_train": 0.019655341269572895, "MSE_test": 0.0005359134399273046, "R2_test": -0.379355353068058, "MAE_test": 0.01966219830703867}