{"MSE_train": [0.22270913132108], "R2_train": 0.9694203597622659, "MAE_train": 0.38251895009502523, "MSE_test": 14.694402587365138, "R2_test": -0.464894666649617, "MAE_test": 1.9601107301701355}