{"MSE_train": [1.0481356986514279], "R2_train": 0.8560830784307722, "MAE_train": 0.8618309278941861, "MSE_test": 6.6399862409218455, "R2_test": 0.33805540081521723, "MAE_test": 1.7073582573967574}