{"MSE_train": [2.4860735678088153], "R2_train": 0.6586433845025834, "MAE_train": 1.13601556374465, "MSE_test": 9.835095415616104, "R2_test": 0.01953286398222165, "MAE_test": 2.1870164322720957}