{"MSE_train": [2476.0780489887834], "R2_train": -2.300419617519726, "MAE_train": 41.6394711755413, "MSE_test": 2539.1813286469383, "R2_test": -2.2838707228052786, "MAE_test": 42.69062124680683, "BATCH_SIZE": 25, "NUM_CORES": 16, "TOLERANCE": 1e-06, "MAX_ITER": 1000}