{"MSE_train": [0.0432001802074506], "R2_train": 0.9139782711146427, "MAE_train": 0.17833992844688656, "MSE_test": 0.03456360470233521, "R2_test": 0.9355400886714458, "MAE_test": 0.1628460777343717}