{"MSE_train": [1093.2437522939474], "R2_train": -0.4572089632939371, "MAE_train": 26.20257431728377, "MSE_test": 1085.957685253037, "R2_test": -0.4044466256012287, "MAE_test": 26.581927151037224}