{"MSE_train": [1214.0877016358668], "R2_train": -0.6182845567024378, "MAE_train": 27.43425300021835, "MSE_test": 1254.6075292449527, "R2_test": -0.6225579825344683, "MAE_test": 27.800339847972754}