Time,Iteration,Cost,Parameters
Wed Mar 19 10:54:41 2025,996,0.1600152214079826,[-3.55649947  2.1095392  -2.12193417 -0.15042929  0.44067238 -2.98560037
  3.01930527  2.0478058   1.15680236 -1.06060833  1.58245164  1.44027167
  1.15024697 -1.86242454  0.66903743  2.79441046 -0.75146028 -0.75081505
 -1.93925011  0.92727614]
Wed Mar 19 10:55:39 2025,997,0.15915025134924482,[-3.55555114  2.11048753 -2.12098583 -0.15137762  0.43972405 -2.98465204
  3.01835694  2.04685747  1.15585402 -1.05966     1.58339998  1.44122001
  1.14929864 -1.8614762   0.66998576  2.7953588  -0.75051195 -0.75176338
 -1.94019844  0.92822448]
Wed Mar 19 10:56:38 2025,998,0.1555402389927336,[-3.55555086  2.11048725 -2.12098556 -0.1513779   0.43972432 -2.98465231
  3.01835722  2.04685719  1.15585375 -1.05965972  1.58340025  1.44121973
  1.14929836 -1.86147648  0.66998549  2.79535852 -0.75051167 -0.75176366
 -1.94019872  0.92822475]
Wed Mar 19 10:57:36 2025,999,0.15450708748078584,[-3.55488708  2.11115103 -2.12164933 -0.15071412  0.43906055 -2.98398854
  3.01769344  2.04752097  1.15518997 -1.05899594  1.58273647  1.44188351
  1.14996214 -1.8608127   0.67064926  2.79469474 -0.75117545 -0.75109988
 -1.9408625   0.92756098]
