{"MSE_train": [0.21894765380901654], "R2_train": 0.5956815613281725, "MAE_train": 0.4021428774571433, "MSE_test": 0.28408486802037053, "R2_test": 0.4374422359582302, "MAE_test": 0.4581963794414783}