{"MSE_train": [0.27231633682451917], "R2_train": 0.47210581911636995, "MAE_train": 0.4439953846778154, "MSE_test": 0.2778539104131418, "R2_test": 0.5219320549195484, "MAE_test": 0.46892965627086614}