{"MSE_train": [0.03625813403871428], "R2_train": 0.9297124139082773, "MAE_train": 0.15646373777366065, "MSE_test": 0.05544416741724234, "R2_test": 0.904604260762623, "MAE_test": 0.19488407405890953}