{"MSE_train": [0.0427794640696283], "R2_train": 0.9210015461735112, "MAE_train": 0.17451316896912267, "MSE_test": 0.04311138754381426, "R2_test": 0.9146288714693269, "MAE_test": 0.17686838059200466}