{"MSE_train": [0.019756433190841853], "R2_train": 0.9635168951003553, "MAE_train": 0.1151503323128364, "MSE_test": 0.05462188412596034, "R2_test": 0.8918352631177613, "MAE_test": 0.19017365864648747}