{"MSE_train": [0.030860112400675706], "R2_train": 0.940176656502877, "MAE_train": 0.13361997527766628, "MSE_test": 0.07772070607539341, "R2_test": 0.8662758491020766, "MAE_test": 0.23352106920924182}