{"MSE_train": [0.039021561861580734], "R2_train": 0.9279410548962881, "MAE_train": 0.16530567441553906, "MSE_test": 0.05719096241803277, "R2_test": 0.8867478575487575, "MAE_test": 0.18671460155920255}