{"MSE_train": [0.01637786558404359], "R2_train": 0.9682509685686532, "MAE_train": 0.10188100262031874, "MSE_test": 0.07784662285730266, "R2_test": 0.8660592000828526, "MAE_test": 0.22662324895644786}