{"MSE_train": [0.041384020917621556], "R2_train": 0.9235784333274004, "MAE_train": 0.17231799799941996, "MSE_test": 0.0390609236521746, "R2_test": 0.9226497841145205, "MAE_test": 0.1674225962606882}