{"MSE_train": [0.04640318841761219], "R2_train": 0.9100458921203491, "MAE_train": 0.1807437398682582, "MSE_test": 0.059263107285713344, "R2_test": 0.8980334958142692, "MAE_test": 0.20619489234449112}