{"MSE_train": [0.2184146090879672], "R2_train": 0.5966659053282453, "MAE_train": 0.40074813731894104, "MSE_test": 0.2864850283906347, "R2_test": 0.4326893293333668, "MAE_test": 0.4573127552545427}