{"MSE_train": [0.23651472953990166], "R2_train": 0.5415084130709493, "MAE_train": 0.4070370650779873, "MSE_test": 0.22283865323619442, "R2_test": 0.616589822764344, "MAE_test": 0.4288707815658784}