{"MSE_train": [0.017996189125120535], "R2_train": 0.965113795125137, "MAE_train": 0.10676152990499954, "MSE_test": 0.07132802993855869, "R2_test": 0.8772749152651449, "MAE_test": 0.20959715189101674}