{"MSE_train": [0.025311238065528503], "R2_train": 0.9532591462960724, "MAE_train": 0.12835096805415808, "MSE_test": 0.053780595243865525, "R2_test": 0.893501221588983, "MAE_test": 0.17992458974115463}