{"MSE_train": [0.21879378313704095], "R2_train": 0.5959657057287552, "MAE_train": 0.4018757512750392, "MSE_test": 0.2844951311988209, "R2_test": 0.4366298141705228, "MAE_test": 0.4580271442205179}