{"MSE_train": [0.24448468670245618], "R2_train": 0.5260583888195012, "MAE_train": 0.4167544960637045, "MSE_test": 0.23710531197963816, "R2_test": 0.5920429944742512, "MAE_test": 0.4428491704960111}