{"MSE_train": [0.03926254300838724], "R2_train": 0.9274960484331854, "MAE_train": 0.165621065482646, "MSE_test": 0.044505424028962855, "R2_test": 0.9118683370785208, "MAE_test": 0.17050744488588343}