{"MSE_train": [0.038402333310809514], "R2_train": 0.9255558130535758, "MAE_train": 0.15820175576555856, "MSE_test": 0.054887336665641696, "R2_test": 0.9055623287371911, "MAE_test": 0.19781338162544004}