{"MSE_train": [748.3992743175205], "R2_train": 0.002441927182457615, "MAE_train": 20.008250490190857, "MSE_test": 773.9216626400931, "R2_test": -0.0008968879126332041, "MAE_test": 20.62491976063801}