{"MSE_train": [3.381020340327916], "R2_train": 0.5357604556652378, "MAE_train": 1.2565991990558825, "MSE_test": 6.76990614194488, "R2_test": 0.3251036003613538, "MAE_test": 1.8817559788990454}