{"MSE_train": [0.8409261901209767], "R2_train": -0.6744820135427851, "MAE_train": 0.8156069525463497, "MSE_test": 0.9847675204274997, "R2_test": -0.8365569098673344, "MAE_test": 0.8900032171727787}