{"MSE_train": [756.6404671263912], "R2_train": -0.008542942389512254, "MAE_train": 20.680006103046434, "MSE_test": 783.8536422562887, "R2_test": -0.013741711838029413, "MAE_test": 21.24008668355926}