{"MSE_train": [85.93496617223249], "R2_train": 0.5836739300381322, "MAE_train": 6.503502408049951, "MSE_test": 79.03249581051963, "R2_test": 0.523606822408152, "MAE_test": 5.847272914166448, "hyperparameters": {"alpha": 0.001, "beta": 0.001}}