{"MSE_train": [770.5423241209198], "R2_train": -0.027073037417588708, "MAE_train": 20.761550925908278, "MSE_test": 799.8335468633755, "R2_test": -0.03440819213244639, "MAE_test": 21.55959539213583}