{"MSE_train": [206.93879275441674], "R2_train": -0.002548998942156322, "MAE_train": 12.577271517886466, "MSE_test": 191.3722881203717, "R2_test": -0.15355654032820687, "MAE_test": 12.013220429158228, "hyperparameters": {"alpha": 0.001, "beta": 0.001}}