Time,Iteration,Cost,Parameters
Fri Mar 15 10:39:20 2024,0,0.3397185719747586,[-1.40907062  2.23743452 -2.12427964 -0.11653109  0.55388696 -2.77010909
  3.06858487  2.18960145  1.18551998 -1.0664832   0.6027151   1.14432445
  1.31029893 -1.8735468 ]
Fri Mar 15 10:39:32 2024,1,0.32642380681778393,[-1.57958099  2.23743453 -2.12427964 -0.11653108  0.55388697 -2.77010908
  3.06858488  2.18960145  1.18551998 -1.06648319  0.6027151   1.14432445
  1.31029893 -1.8735468 ]
Fri Mar 15 10:39:38 2024,2,0.3263971920007707,[-1.58767058  2.23743453 -2.12427964 -0.11653108  0.55388698 -2.77010907
  3.06858489  2.18960145  1.18551998 -1.06648318  0.60271511  1.14432445
  1.31029894 -1.8735468 ]
Fri Mar 15 10:39:44 2024,3,0.3263971834449847,[-1.58752813  2.23743454 -2.12427964 -0.11653108  0.55388697 -2.77010907
  3.06858489  2.18960145  1.18551998 -1.06648319  0.60271511  1.14432445
  1.31029894 -1.8735468 ]
