{"MSE_train": [3.5647778994956583], "R2_train": 0.5105291595033734, "MAE_train": 1.256564872031305, "MSE_test": 2.065771153087276, "R2_test": 0.7940619139373397, "MAE_test": 1.208707402464798}