{"MSE_train": [0.2451905988590531], "R2_train": 0.9663334850335581, "MAE_train": 0.3814558488747705, "MSE_test": 0.5491555554345042, "R2_test": 0.9452543211924302, "MAE_test": 0.5252612393227428, "BATCH_SIZE": 32, "NUM_CORES": 16, "TOLERANCE": 1e-06, "MAX_ITER": 1000, "NUM_QUBITS": 5}