{"MSE_train": [3306.7505321593276], "R2_train": -3.407641484095995, "MAE_train": 47.4863926972474, "MSE_test": 3472.8411359993465, "R2_test": -3.4913536511940073, "MAE_test": 48.081309255366286, "BATCH_SIZE": 25, "NUM_CORES": 16, "TOLERANCE": 1e-06, "MAX_ITER": 1000}