{"MSE_train": [971.3722519902825], "R2_train": -0.2947637243068042, "MAE_train": 23.905582868097827, "MSE_test": 1012.367334879489, "R2_test": -0.30927374671059393, "MAE_test": 24.423365982598156}