{"MSE_train": [0.40011266044427163], "R2_train": 0.2032814994044837, "MAE_train": 0.5448422438265071, "MSE_test": 0.45544724052748126, "R2_test": 0.15060685967014809, "MAE_test": 0.6001647786553852, "hyperparameters": {"alpha": 0.001, "beta": 0.001}}