{"MSE_train": [1.0377334829690685], "R2_train": 0.857511380949645, "MAE_train": 0.7822498472211953, "MSE_test": 2.075275671219963, "R2_test": 0.7931144022682624, "MAE_test": 0.8570189196051317, "hyperparameters": {"alpha": 0.001, "beta": 0.001}}