{"MSE_train": [931.0652173459259], "R2_train": -0.24103757947925697, "MAE_train": 23.462299123703986, "MSE_test": 936.8361487778634, "R2_test": -0.21159082509346927, "MAE_test": 24.049196590518687}