{"MSE_train": [897.9479661868007], "R2_train": -0.1968948573027316, "MAE_train": 23.005839494138364, "MSE_test": 955.6956944017104, "R2_test": -0.2359814855874025, "MAE_test": 24.304612984796428}