ratio,R2_train,R2_test
0.1,0.8844478507796708,-0.048122593121000756
0.3,0.8266909121092274,0.7879291580138226
0.5,0.802982257578309, 0.6539366444936359
0.7,0.8426734825421969,0.7710626430820796
0.8,0.7082359336479993,0.6419672123318942
