{"MSE_train": [0.0009701600860314489], "R2_train": -1.4883401900078663, "MAE_train": 0.02693110509023772, "MSE_test": 0.0009677531356551158, "R2_test": -1.490841558844569, "MAE_test": 0.026903088873438164}