{"MSE_train": [830.0468572004794], "R2_train": -0.10638795577702176, "MAE_train": 21.868867592330936, "MSE_test": 865.26768829029, "R2_test": -0.11903281459619408, "MAE_test": 22.712030711003532}