{"MSE_train": [0.2002310077228485], "R2_train": 0.6012929256761261, "MAE_train": 0.3776773959308458, "MSE_test": 0.18823243365233336, "R2_test": 0.6489531087141613, "MAE_test": 0.37303861045907105}