{"MSE_train": [5.3686308347160665], "R2_train": 0.2628465724733213, "MAE_train": 2.079756632953047, "MSE_test": 7.275346134746639, "R2_test": 0.2747159547687825, "MAE_test": 2.3377568025117137}