{"MSE_train": [3.455309715614766], "R2_train": 0.5255599652036109, "MAE_train": 1.5209485039397463, "MSE_test": 5.950852828225261, "R2_test": 0.40675556435485605, "MAE_test": 1.9169836144716463}