{"MSE_train": [0.5466152095046124], "R2_train": 0.9249456169310533, "MAE_train": 0.5110361276019362, "MSE_test": 0.9456955507131337, "R2_test": 0.9057229880372871, "MAE_test": 0.5520025543364253}