{"MSE_train": [2.36924393992999], "R2_train": 0.9885218082670201, "MAE_train": 1.1378144288491423, "MSE_test": 1.7527885580910945, "R2_test": 0.9894345167481791, "MAE_test": 1.177123249985424, "hyperparameters": {"alpha": 0.001, "beta": 0.001}}