{"MSE_train": [1.065321969634424], "R2_train": 0.8537232740501851, "MAE_train": 0.8499189343194699, "MSE_test": 13.089138093491993, "R2_test": -0.3048647925764294, "MAE_test": 2.1992302012475076, "hyperparameters": {"alpha": 0.001, "beta": 0.001}}