{"MSE_train": [0.00048368173555683725], "R2_train": -0.24058360995055406, "MAE_train": 0.017235053791015992, "MSE_test": 0.00048017848739886513, "R2_test": -0.23590251274831275, "MAE_test": 0.017206036783136397}