{"MSE_train": [693.1576389404876], "R2_train": 0.07607473418411481, "MAE_train": 19.293560486762942, "MSE_test": 718.9155624804412, "R2_test": 0.07024136434689743, "MAE_test": 19.80192483123528}