{"MSE_train": [0.00014681353025147788], "R2_train": 0.6234415195784031, "MAE_train": 0.008847329281109309, "MSE_test": 0.0001440213915494029, "R2_test": 0.6293120071462903, "MAE_test": 0.008796865335613295}