{"MSE_train": [0.5025029517118698], "R2_train": -0.0006016750086412781, "MAE_train": 0.6180736346630029, "MSE_test": 0.5844139931013597, "R2_test": -0.08991161364412759, "MAE_test": 0.6794094128944345}