{"MSE_train": [0.0002803887486834969], "R2_train": 0.2808376656380568, "MAE_train": 0.015325635420184872, "MSE_test": 0.0002750754222742765, "R2_test": 0.2919999239747596, "MAE_test": 0.015199580424529856}