Time,Iteration,Cost,Parameters
Mon Apr  1 21:06:28 2024,0,0.1624023592831359,[-2.64597385  2.23743464 -2.12427961 -0.11653105  0.5538871  -2.770109
  3.06858496  2.18960145  1.18552001 -1.06648311]
Mon Apr  1 21:07:02 2024,1,0.1623919580987424,[-2.63536745  2.23743464 -2.12427961 -0.11653105  0.55388711 -2.770109
  3.06858496  2.18960145  1.18552001 -1.06648311]
Mon Apr  1 21:07:19 2024,2,0.16239195681918958,[-2.63524622  2.23743464 -2.12427961 -0.11653105  0.5538871  -2.770109
  3.06858496  2.18960145  1.18552001 -1.06648311]
