{"MSE_train": [896.899369033835], "R2_train": -0.19549715878675133, "MAE_train": 23.181809959446376, "MSE_test": 871.6313298049029, "R2_test": -0.12726278061890461, "MAE_test": 22.788075267548855}