{"MSE_train": [761.3175719963006], "R2_train": -0.01477715971240734, "MAE_train": 20.160028252746862, "MSE_test": 775.5632771732212, "R2_test": -0.0030199540531452573, "MAE_test": 20.55320863030422}