{"MSE_train": [0.12294359859999812], "R2_train": 0.7551903520732247, "MAE_train": 0.28286816656958125, "MSE_test": 0.08169091004487539, "R2_test": 0.8476493160018754, "MAE_test": 0.2419639811574575}