{"MSE_train": [2.0945727803547296], "R2_train": 0.7123993897553521, "MAE_train": 1.2128617407255222, "MSE_test": 3.139424698853635, "R2_test": 0.6870286852183348, "MAE_test": 1.5232064177759264, "hyperparameters": {"alpha": 0.001, "beta": 0.001}}