{"MSE_train": [0.10772439704318855], "R2_train": 0.7854953652441117, "MAE_train": 0.2743724697062878, "MSE_test": 0.0943390855320491, "R2_test": 0.824060912032074, "MAE_test": 0.2778640350357549}