{"MSE_train": [136.08751990364516], "R2_train": 0.3407016392048209, "MAE_train": 10.830997299391019, "MSE_test": 138.1062485719354, "R2_test": 0.1675212337946117, "MAE_test": 10.723709200247042, "MAX_ITER": 1000}