{"MSE_train": [135.58840920457288], "R2_train": 0.34311966303233055, "MAE_train": 10.803122953774409, "MSE_test": 137.5287573753787, "R2_test": 0.17100224326214197, "MAE_test": 10.664428385664149}