{"MSE_train": [0.1608019506040615], "R2_train": 0.6798054607023711, "MAE_train": 0.34010759804368706, "MSE_test": 0.18890039117273083, "R2_test": 0.6477073913502791, "MAE_test": 0.3787343295256804, "hyperparameters": {"alpha": 0.001, "beta": 0.001}}