Time,Iteration,Cost,Parameters
Fri Apr  5 03:21:08 2024,0,0.09491336594745517,[-4.69915308  2.23743445 -2.12427964 -0.11653084  0.5538869  -2.77010916
  3.06858498  2.18960145  1.18552017 -1.06648327]
Fri Apr  5 03:21:43 2024,1,0.09489371190782842,[-4.70498018  2.23743445 -2.12427964 -0.11653084  0.5538869  -2.77010916
  3.06858498  2.18960145  1.18552017 -1.06648327]
Fri Apr  5 03:21:59 2024,2,0.09489371065808738,[-4.70502702  2.23743445 -2.12427963 -0.11653084  0.5538869  -2.77010916
  3.06858498  2.18960145  1.18552017 -1.06648327]
