{"MSE_train": [33.52920535641187], "R2_train": 0.837562252983235, "MAE_train": 3.0631718012108182, "MSE_test": 62.66469699494407, "R2_test": 0.6222688677854187, "MAE_test": 4.145240879638298}