{"MSE_train": [0.0005125869408924154], "R2_train": -0.3147218734933992, "MAE_train": 0.018215673586987224, "MSE_test": 0.0005090930378064467, "R2_test": -0.310323934035422, "MAE_test": 0.01819775606271611}