{"MSE_train": [749.8290286919646], "R2_train": 0.0005361757108603982, "MAE_train": 19.99079921081417, "MSE_test": 777.0180804273398, "R2_test": -0.004901421028246089, "MAE_test": 20.61243589581843}