{"MSE_train": [1175.232235952332], "R2_train": -0.5664932404948673, "MAE_train": 26.923436159177385, "MSE_test": 1204.6036627364874, "R2_test": -0.5578890156506762, "MAE_test": 27.541085837773213}