{"MSE_train": [3.483751246875086], "R2_train": 0.5216547288597226, "MAE_train": 1.327730626490466, "MSE_test": 5.210112165101795, "R2_test": 0.4806004886604611, "MAE_test": 1.7689889285886433, "hyperparameters": {"alpha": 0.001, "beta": 0.001}}