{"MSE_train": [1806.9085618401873], "R2_train": -1.4084686938673814, "MAE_train": 33.84447672352804, "MSE_test": 1750.9033143473005, "R2_test": -1.264407062063468, "MAE_test": 33.40719134606456}