{"MSE_train": [1833.615738093598], "R2_train": -1.4440672843364144, "MAE_train": 34.04027467477579, "MSE_test": 1949.0754067318803, "R2_test": -1.5206989325639353, "MAE_test": 34.461674397258875, "BATCH_SIZE": 25, "NUM_CORES": 16, "TOLERANCE": 1e-06, "MAX_ITER": 1000}