{"MSE_train": [776.1674083965796], "R2_train": -0.03457083761866531, "MAE_train": 20.49495834808478, "MSE_test": 785.6939048683872, "R2_test": -0.01612168543265402, "MAE_test": 20.784523930041146}