{"MSE_train": [3.9348234769201023], "R2_train": 0.45971911609796867, "MAE_train": 1.4042595499645603, "MSE_test": 6.016516359452479, "R2_test": 0.40020952370323815, "MAE_test": 1.878097776270203}