{"MSE_train": [1017.203117336495], "R2_train": -0.35585270619019793, "MAE_train": 24.995577304649807, "MSE_test": 1054.526027294737, "R2_test": -0.3637967121137615, "MAE_test": 25.58911608050666}