{"MSE_train": [1389.6655617282229], "R2_train": -0.8523161996418043, "MAE_train": 30.03766626878056, "MSE_test": 1375.51651156524, "R2_test": -0.7789270699589375, "MAE_test": 30.000876595127032}