{"MSE_train": [2330.768465688941], "R2_train": -2.1067332353266135, "MAE_train": 39.45007787819362, "MSE_test": 2307.844388138903, "R2_test": -1.9846874398049668, "MAE_test": 38.965713887838476}