{"MSE_train": [787.2291432615046], "R2_train": -0.049315270560474245, "MAE_train": 20.834392347398254, "MSE_test": 808.0540359509856, "R2_test": -0.0450395807368702, "MAE_test": 21.306328391700035}