{"MSE_train": [1.3302931646606337], "R2_train": 0.8173407343258383, "MAE_train": 0.9577547769553358, "MSE_test": 2.219558521358855, "R2_test": 0.7787307499625059, "MAE_test": 1.2219145493702868}