{"MSE_train": [1.3926191422553256], "R2_train": 0.8087829084252783, "MAE_train": 0.9815282190029375, "MSE_test": 2.2732961359667923, "R2_test": 0.7733736117889999, "MAE_test": 1.2471453463817501, "BATCH_SIZE": 32, "NUM_CORES": 16, "TOLERANCE": 1e-06, "MAX_ITER": 1000, "NUM_QUBITS": 5}