Time,Iteration,Cost,Parameters
Mon Apr  1 18:57:25 2024,0,0.23319527589901004,[-3.2766823   2.04471539 -1.36890084 -0.11653103  0.55388708 -2.77010897
  3.06858498  2.18960145  1.18551998 -1.06648309  0.6027151   1.14432445
  1.31029899 -1.87354679  0.7296508 ]
Mon Apr  1 18:57:32 2024,1,0.18079928078985752,[-3.46487579  2.07091738 -0.94576589 -0.11653102  0.55388708 -2.77010898
  3.06858499  2.18960145  1.18551998 -1.06648309  0.60271511  1.14432445
  1.31029899 -1.87354678  0.7296508 ]
Mon Apr  1 18:57:39 2024,2,0.18018266167596966,[-3.45711642  2.06031108 -0.97650306 -0.11653102  0.55388708 -2.77010898
  3.06858499  2.18960145  1.18551998 -1.06648309  0.6027151   1.14432445
  1.31029898 -1.87354678  0.7296508 ]
Mon Apr  1 18:57:45 2024,3,0.18000071871524223,[-3.45265452  2.0468816  -1.00350644 -0.11653102  0.55388707 -2.77010898
  3.06858498  2.18960145  1.18551998 -1.06648309  0.6027151   1.14432445
  1.31029898 -1.87354678  0.72965081]
Mon Apr  1 18:57:58 2024,4,0.17989887122899137,[-3.46769493  2.02854181 -0.99438745 -0.11653103  0.55388705 -2.77010899
  3.06858497  2.18960144  1.18551999 -1.06648308  0.60271511  1.14432444
  1.31029898 -1.87354679  0.72965081]
Mon Apr  1 18:58:05 2024,5,0.17974336735899277,[-3.49860463  1.98312849 -0.98583514 -0.11653105  0.553887   -2.770109
  3.06858496  2.18960142  1.18552001 -1.06648306  0.60271512  1.14432442
  1.31029898 -1.87354681  0.7296508 ]
Mon Apr  1 18:58:12 2024,6,0.1796888289927849,[-3.53146203  1.93448275 -0.97757558 -0.11653108  0.55388694 -2.77010903
  3.06858494  2.18960139  1.18552002 -1.06648304  0.60271514  1.1443244
  1.31029898 -1.87354683  0.7296508 ]
Mon Apr  1 18:58:18 2024,7,0.1796857218620609,[-3.53145788  1.93600009 -0.9752667  -0.11653108  0.55388694 -2.77010902
  3.06858494  2.18960139  1.18552002 -1.06648305  0.60271514  1.1443244
  1.31029897 -1.87354683  0.7296508 ]
Mon Apr  1 18:58:24 2024,8,0.17968488727426388,[-3.53416574  1.9332548  -0.97267247 -0.11653108  0.55388694 -2.77010902
  3.06858494  2.1896014   1.18552002 -1.06648304  0.60271514  1.1443244
  1.31029897 -1.87354684  0.7296508 ]
Mon Apr  1 18:58:30 2024,9,0.1796848671570363,[-3.53483357  1.93241154 -0.97228658 -0.11653109  0.55388694 -2.77010903
  3.06858494  2.18960139  1.18552002 -1.06648305  0.60271514  1.14432439
  1.31029897 -1.87354684  0.7296508 ]
