{"MSE_train": [7.428127611481834], "R2_train": 0.9338199320219734, "MAE_train": 1.836878851146324, "MSE_test": 105.73096770518745, "R2_test": 0.3626734021446547, "MAE_test": 6.544347843850943}