Time,Iteration,Cost,Parameters
Fri Apr  5 06:33:07 2024,0,0.15191368628200047,[ 1.5406743   2.23743464 -2.12427817 -0.11653103  0.55388708 -2.77010897
  3.06858498  2.18960145  1.18552145 -1.06648308  0.60271584  1.14432518
  1.31029899 -1.8735468 ]
Fri Apr  5 06:34:37 2024,1,0.15135931570303887,[ 1.5720744   2.23743464 -2.12427816 -0.11653103  0.55388708 -2.77010897
  3.06858498  2.18960145  1.18552146 -1.06648308  0.60271584  1.14432519
  1.31029899 -1.8735468 ]
Fri Apr  5 06:34:59 2024,2,0.15135931514343018,[ 1.57210599  2.23743463 -2.12427816 -0.11653103  0.55388708 -2.77010897
  3.06858498  2.18960145  1.18552146 -1.06648309  0.60271584  1.14432519
  1.31029898 -1.8735468 ]
