{"MSE_train": [4.623524775367714], "R2_train": 0.3651552434230503, "MAE_train": 1.51778815906196, "MSE_test": 11.9816391317684, "R2_test": -0.19445749206161556, "MAE_test": 2.4706209575619313, "hyperparameters": {"alpha": 0.001, "beta": 0.001}}