Time,Iteration,Cost,Parameters
Mon Apr  1 22:35:09 2024,0,0.19754162030443595,[-2.81429672  2.23743464 -2.12427964 -0.11653103  0.55388708 -2.77010899
  3.06858496  2.18960145  1.18551999 -1.06648308  0.60271509  1.14432445
  1.31029899 -1.8735468 ]
Mon Apr  1 22:35:52 2024,1,0.1965066854691369,[-2.71202355  2.23743464 -2.12427963 -0.11653103  0.55388708 -2.77010901
  3.06858495  2.18960145  1.18552001 -1.06648309  0.60271509  1.14432445
  1.310299   -1.8735468 ]
Mon Apr  1 22:36:13 2024,2,0.19646290008431855,[-2.67012505  2.23743464 -2.12427963 -0.11653103  0.55388708 -2.77010901
  3.06858494  2.18960145  1.18552001 -1.06648308  0.60271509  1.14432445
  1.31029901 -1.8735468 ]
Mon Apr  1 22:36:36 2024,3,0.196446135545988,[-2.6852913   2.23743464 -2.12427963 -0.11653103  0.55388708 -2.77010901
  3.06858494  2.18960145  1.18552001 -1.06648308  0.60271509  1.14432445
  1.31029901 -1.8735468 ]
Mon Apr  1 22:36:57 2024,4,0.19644604564239163,[-2.68428298  2.23743464 -2.12427963 -0.11653102  0.55388708 -2.77010901
  3.06858494  2.18960145  1.18552001 -1.06648308  0.60271509  1.14432445
  1.31029901 -1.8735468 ]
