{"MSE_train": [804.9417194138501], "R2_train": -0.07292475808607435, "MAE_train": 21.461898098904594, "MSE_test": 818.8483948246972, "R2_test": -0.05899970192905135, "MAE_test": 21.892795173707537}