{"MSE_train": [762.9972542981905], "R2_train": -0.017016045688809323, "MAE_train": 20.17660443665227, "MSE_test": 781.4355806508873, "R2_test": -0.010614482749530696, "MAE_test": 20.633437536007087}