{"MSE_train": [0.05041842392726255], "R2_train": 0.8996050485652839, "MAE_train": 0.18429555550755666, "MSE_test": 0.055421270026025836, "R2_test": 0.896641273896061, "MAE_test": 0.22069457597621644}