{"MSE_train": [0.11541208560427671], "R2_train": 0.7701873675000899, "MAE_train": 0.28121981041894023, "MSE_test": 0.14740794393821452, "R2_test": 0.7250893511480352, "MAE_test": 0.3398448861259208}