{"MSE_train": [3.566208453757656], "R2_train": 0.5103327336342904, "MAE_train": 1.4113784090672894, "MSE_test": 4.651629911536293, "R2_test": 0.5362759521440882, "MAE_test": 1.7679458561744301}