{"MSE_train": [5.548423558726464], "R2_train": 0.9731197499972389, "MAE_train": 1.8321351711399765, "MSE_test": 4.292026507120212, "R2_test": 0.9741284629181193, "MAE_test": 1.5938752987709983}