{"MSE_train": [2.9865524500745897], "R2_train": 0.9855311557139321, "MAE_train": 1.2896961477997717, "MSE_test": 2.2137120274506605, "R2_test": 0.9866561558481095, "MAE_test": 1.2514745039567734, "BATCH_SIZE": 32, "NUM_CORES": 16, "TOLERANCE": 1e-06, "MAX_ITER": 500, "NUM_QUBITS": 5}