{"MSE_train": [1177.0073403193737], "R2_train": -0.568859316668646, "MAE_train": 26.583993146167295, "MSE_test": 1206.0535592014332, "R2_test": -0.5597641367767723, "MAE_test": 27.27727999589633}