{"MSE_train": [881.6653871991003], "R2_train": -0.1751914448691989, "MAE_train": 22.394790921880176, "MSE_test": 909.1538437219455, "R2_test": -0.17578987220865328, "MAE_test": 22.82826553180406}