{"MSE_train": [869.9911415678174], "R2_train": -0.1596305826754707, "MAE_train": 22.31287546034104, "MSE_test": 896.9790866010109, "R2_test": -0.1600445104987014, "MAE_test": 22.754959956464827}