{"MSE_train": [901.3727409083809], "R2_train": -0.20145981585939166, "MAE_train": 23.11501170459249, "MSE_test": 885.821553812904, "R2_test": -0.14561470399050358, "MAE_test": 23.03816908946407}