Time,Iteration,Cost,Parameters
Tue Mar 18 15:06:51 2025,999,0.11117415535720578,[-2.92088794  2.21509291 -2.12519141 -0.09596944  0.45901548 -2.93655846
  3.09836934  2.31620833  1.08939462 -1.04407833  0.42298677  1.13331455
  1.27274    -1.90692549  0.65714384]
