Time,Iteration,Cost,Parameters
Fri Apr  5 02:23:03 2024,0,0.6517275381789074,[12.51512415  2.23743464 -2.12427904 -0.11653103  0.55388767 -2.77010897
  3.06858498  2.18960205  1.18551998 -1.06648308]
Fri Apr  5 02:23:43 2024,1,0.2553444869373273,[14.07316704  2.23743464 -2.12427898 -0.11653102  0.55388773 -2.77010897
  3.06858498  2.18960211  1.18551999 -1.06648308]
Fri Apr  5 02:24:08 2024,2,0.25263216836376323,[13.99912877  2.23743464 -2.12427898 -0.11653102  0.55388773 -2.77010897
  3.06858498  2.18960211  1.18551999 -1.06648309]
Fri Apr  5 02:24:21 2024,3,0.252614227770816,[13.99260577  2.23743464 -2.12427898 -0.11653102  0.55388773 -2.77010897
  3.06858499  2.18960211  1.18551999 -1.06648308]
Fri Apr  5 02:24:34 2024,4,0.2526142276660834,[13.99258997  2.23743464 -2.12427898 -0.11653102  0.55388773 -2.77010897
  3.06858499  2.18960211  1.18551999 -1.06648309]
