{"MSE_train": [1827.8806480644103], "R2_train": -1.4364228550146878, "MAE_train": 35.63295658029877, "MSE_test": 2006.5431946238741, "R2_test": -1.595020834680104, "MAE_test": 37.993095901800004}