{"MSE_train": [4.715427638303704], "R2_train": 0.3525362885165777, "MAE_train": 1.5514869651808472, "MSE_test": 13.180949112071195, "R2_test": -0.3140174934539719, "MAE_test": 2.639632893639539}