{"MSE_train": [0.21348317116643162], "R2_train": 0.574904748464501, "MAE_train": 0.38943171061129134, "MSE_test": 0.29700737016634626, "R2_test": 0.4460916646360018, "MAE_test": 0.4707203447859222}