{"MSE_train": [0.2005899481955419], "R2_train": 0.6005781906940094, "MAE_train": 0.38019027623581153, "MSE_test": 0.21636854005497091, "R2_test": 0.5964802564331535, "MAE_test": 0.40089670203459127, "BATCH_SIZE": 32, "NUM_CORES": 16, "TOLERANCE": 1e-06, "MAX_ITER": 1000, "NUM_QUBITS": 5}