{"MSE_train": [73.9255397258951], "R2_train": 0.6418555706159501, "MAE_train": 6.095121144103766, "MSE_test": 62.48130724117116, "R2_test": 0.62337430709417, "MAE_test": 5.595772223441487, "hyperparameters": {"alpha": 0.001, "beta": 0.001}}