{"MSE_train": [744.890097509918], "R2_train": 0.007119387160702928, "MAE_train": 20.37880319485273, "MSE_test": 780.8474814112257, "R2_test": -0.009853906159965842, "MAE_test": 20.831571440410176}