{"MSE_train": [1061.020413660091], "R2_train": -0.4142577570455743, "MAE_train": 24.516381542316708, "MSE_test": 1048.174671200869, "R2_test": -0.35558263457173767, "MAE_test": 24.492264242460674}