{"MSE_train": [760.4821077835109], "R2_train": -0.01366355084262505, "MAE_train": 20.158143605209002, "MSE_test": 775.0611037090843, "R2_test": -0.002370503492823195, "MAE_test": 20.550344584020856}