{"MSE_train": [760.0901017470369], "R2_train": -0.013141037259705834, "MAE_train": 20.04063913141582, "MSE_test": 774.6000654968644, "R2_test": -0.0017742523034645075, "MAE_test": 20.452559069053024}