{"MSE_train": [3.461925370341684], "R2_train": 0.524651586008352, "MAE_train": 1.2525552479039082, "MSE_test": 1.8176306443246115, "R2_test": 0.8187992045964851, "MAE_test": 1.1381704635147476, "hyperparameters": {"alpha": 0.001, "beta": 0.001}}