{"MSE_train": [140.15644629346352], "R2_train": 0.32098905644261844, "MAE_train": 10.849150011013407, "MSE_test": 138.09957550362475, "R2_test": 0.1675614578085971, "MAE_test": 10.357066222265862, "hyperparameters": {"alpha": 0.001, "beta": 0.001}}