{"MSE_train": [140.15644626374473], "R2_train": 0.32098905658659593, "MAE_train": 10.849150008660683, "MSE_test": 138.09957618287302, "R2_test": 0.16756145371421505, "MAE_test": 10.357066248362665, "hyperparameters": {"alpha": 0.001, "beta": 0.001}}