Time,Iteration,Cost,Parameters
Thu Mar 14 19:15:38 2024,0,0.341392205766047,[-3.27265314  2.18746209 -2.11688009 -0.11653103  0.55388708 -2.77010897
  3.06858498  2.18960146  1.18551999 -1.06648308  0.55191404  1.14432446
  1.74600828 -1.8735468   0.72965081  2.8857842  -0.54534335 -0.47522484
 -2.0265424   0.7289737   1.60512664  2.83077107 -1.2645671  -0.25136104]
Thu Mar 14 19:15:40 2024,1,0.32505207140021297,[-3.1933456   2.25544991 -2.12005513 -0.11653103  0.55388708 -2.77010897
  3.06858498  2.18960146  1.18551999 -1.06648308  0.5771138   1.14432446
  1.65975497 -1.8735468   0.72965081  2.8857842  -0.54534335 -0.47522484
 -2.0265424   0.7289737   1.60512665  2.83077107 -1.2645671  -0.25136104]
Thu Mar 14 19:15:43 2024,2,0.31590268762238516,[-3.17104409  2.37931867 -2.12991334 -0.11653102  0.55388709 -2.77010897
  3.06858499  2.18960146  1.18552    -1.06648307  0.61903185  1.14432446
  1.64154662 -1.8735468   0.72965081  2.88578421 -0.54534334 -0.47522484
 -2.0265424   0.7289737   1.60512665  2.83077107 -1.2645671  -0.25136104]
Thu Mar 14 19:15:46 2024,3,0.30084726912829546,[-3.16823317  2.62845781 -2.1494057  -0.11653102  0.5538871  -2.77010897
  3.06858499  2.18960147  1.18552    -1.06648307  0.70324571  1.14432446
  1.64730775 -1.8735468   0.72965081  2.88578422 -0.54534334 -0.47522484
 -2.0265424   0.72897371  1.60512665  2.83077107 -1.2645671  -0.25136103]
Thu Mar 14 19:15:48 2024,4,0.2838278715296189,[-3.21603685  3.10806823 -2.18361154 -0.11653101  0.55388713 -2.77010896
  3.06858501  2.18960149  1.18552002 -1.06648305  0.86999099  1.14432447
  1.70748407 -1.8735468   0.72965082  2.88578424 -0.54534332 -0.47522484
 -2.02654238  0.72897372  1.60512667  2.83077107 -1.2645671  -0.25136103]
Thu Mar 14 19:15:51 2024,5,0.2784771920307776,[-3.24253079  3.18810229 -2.18014103 -0.116531    0.55388714 -2.77010896
  3.06858502  2.18960149  1.18552003 -1.06648304  0.91073548  1.14432447
  1.76416158 -1.8735468   0.72965083  2.88578425 -0.54534331 -0.47522484
 -2.02654237  0.72897372  1.60512666  2.83077107 -1.2645671  -0.25136103]
