Time,Iteration,Cost,Parameters
Thu Mar 14 22:07:04 2024,0,0.42560813622455684,[-3.20441607  2.27778271 -2.12151642 -0.11653103  0.55388709 -2.77010897
  3.06858498  2.18960146  1.18551999 -1.06648308  0.6013697   1.14432445
  1.65238305 -1.8735468   0.7296508   2.8857842  -0.54534334 -0.47522484
 -2.0265424   0.7289737   1.60512664  2.83077107 -1.2645671  -0.25136105]
