{"MSE_train": [4.812349701761835], "R2_train": 0.3392281595949329, "MAE_train": 1.5338657333830779, "MSE_test": 6.7606975756381775, "R2_test": 0.3260216083980859, "MAE_test": 2.2093186276009105, "hyperparameters": {"alpha": 0.001, "beta": 0.001}}