Time,Iteration,Cost,Parameters
Mon Apr  1 20:06:24 2024,0,0.19977313092034774,[-2.69651434  2.23743462 -2.12427965 -0.11653104  0.55388707 -2.77010899
  3.06858496  2.18960143  1.18551998 -1.0664831 ]
Mon Apr  1 20:06:53 2024,1,0.195879220426076,[-2.52985058  2.23743461 -2.12427967 -0.11653104  0.55388706 -2.77010901
  3.06858495  2.18960142  1.18551999 -1.06648312]
Mon Apr  1 20:07:06 2024,2,0.19582405361187097,[-2.49472212  2.23743461 -2.12427967 -0.11653104  0.55388706 -2.77010901
  3.06858495  2.18960142  1.18551999 -1.06648312]
Mon Apr  1 20:07:20 2024,3,0.1958045553933352,[-2.50693349  2.23743461 -2.12427967 -0.11653104  0.55388706 -2.77010901
  3.06858495  2.18960142  1.18551999 -1.06648311]
Mon Apr  1 20:07:33 2024,4,0.19580452220875022,[-2.50645646  2.23743461 -2.12427967 -0.11653104  0.55388706 -2.770109
  3.06858495  2.18960142  1.18551999 -1.06648311]
