{"MSE_train": [8.663547109645963], "R2_train": -0.18957023550905627, "MAE_train": 2.6213541343068782, "MSE_test": 9.91259771045014, "R2_test": 0.011806609193673379, "MAE_test": 2.7825091682394305}