{"MSE_train": [3.9415561902083533], "R2_train": 0.4587946638810467, "MAE_train": 1.3817090911024592, "MSE_test": 6.028612045819596, "R2_test": 0.39900369676721203, "MAE_test": 1.859773596766971, "hyperparameters": {"alpha": 0.001, "beta": 0.001}}