{"MSE_train": [147.9083184541613], "R2_train": 0.2834338374757326, "MAE_train": 10.976254799553638, "MSE_test": 167.36739709607315, "R2_test": -0.00885952430293968, "MAE_test": 10.950798115672914, "hyperparameters": {"alpha": 0.001, "beta": 0.001}}