Time,Iteration,Cost,Parameters
Thu Apr  4 19:57:43 2024,0,0.4897581184010036,[ 0.07572621  2.23743432 -2.12427964 -0.11653118  0.55388708 -2.77010929
  3.06858467  2.18960114  1.18551998 -1.0664834   0.60271495  1.14432429
  1.31029883 -1.8735468 ]
Thu Apr  4 19:59:03 2024,1,0.24118502940504188,[ 7.62569293  2.23743357 -2.12427964 -0.11653156  0.55388708 -2.77011007
  3.06858389  2.18960038  1.18551998 -1.06648414  0.60271457  1.14432392
  1.31029843 -1.8735468 ]
Thu Apr  4 19:59:47 2024,2,0.24089500326312602,[ 7.5997735   2.23743357 -2.12427964 -0.11653156  0.55388708 -2.77011006
  3.06858389  2.18960039  1.18551998 -1.06648414  0.60271457  1.14432392
  1.31029843 -1.8735468 ]
Thu Apr  4 20:00:08 2024,3,0.24089390519961712,[ 7.59808815  2.23743357 -2.12427964 -0.11653156  0.55388708 -2.77011006
  3.06858389  2.18960039  1.18551998 -1.06648414  0.60271457  1.14432392
  1.31029843 -1.8735468 ]
Thu Apr  4 20:00:29 2024,4,0.24089390509949396,[ 7.5980719   2.23743357 -2.12427964 -0.11653156  0.55388708 -2.77011006
  3.06858389  2.18960038  1.18551998 -1.06648414  0.60271457  1.14432392
  1.31029843 -1.8735468 ]
