{"MSE_train": [0.0013285346960093614], "R2_train": -2.407526577827914, "MAE_train": 0.02964744241637293, "MSE_test": 0.0013291623150917674, "R2_test": -2.421050897075574, "MAE_test": 0.029606403796538516}