{"MSE_train": [751.5491059386179], "R2_train": -0.0017565535877264171, "MAE_train": 20.098992016649554, "MSE_test": 778.7435168861633, "R2_test": -0.007132892332507135, "MAE_test": 20.67090469725592}