{"MSE_train": [0.0005592195584921497], "R2_train": -0.43432874890439765, "MAE_train": 0.01917780476119024, "MSE_test": 0.0005639514196897186, "R2_test": -0.45152062192144915, "MAE_test": 0.019282308975794776}