{"MSE_train": [2692.5430844010093], "R2_train": -2.5889506877230173, "MAE_train": 42.598005999040645, "MSE_test": 2783.6936387591186, "R2_test": -2.6000934389555828, "MAE_test": 42.86035988936839}