{"MSE_train": [1.1441025159393505], "R2_train": 0.8429061119991885, "MAE_train": 0.6107474689378881, "MSE_test": 5.885545360385853, "R2_test": 0.41326610881296155, "MAE_test": 1.3368944217257037, "hyperparameters": {"alpha": 0.001, "beta": 0.001}}