{"MSE_train": [3.646633100309498], "R2_train": 0.49928982424295265, "MAE_train": 1.407774719620679, "MSE_test": 4.977942234738482, "R2_test": 0.5037456618462065, "MAE_test": 1.704891325135557}