{"MSE_train": [4.114492999159262], "R2_train": 0.43504913818027824, "MAE_train": 1.3749631034434335, "MSE_test": 6.178225350782739, "R2_test": 0.3840886479112088, "MAE_test": 1.9118833315126327}