{"MSE_train": [1.4784095917227618], "R2_train": 0.7970032339009971, "MAE_train": 0.7820713782369542, "MSE_test": 3.1950426956084685, "R2_test": 0.6814840905108271, "MAE_test": 1.311881272018469}