{"MSE_train": [1131.3040544984394], "R2_train": -0.5079403883779465, "MAE_train": 26.15062223832458, "MSE_test": 1203.0170530914668, "R2_test": -0.5558370861949016, "MAE_test": 27.326144702452204}