{"MSE_train": [751.8639676469002], "R2_train": -0.002176239776231048, "MAE_train": 20.00369253446476, "MSE_test": 777.5957912913784, "R2_test": -0.005648562546364477, "MAE_test": 20.603875888519735}