{"MSE_train": [863.9004245985926], "R2_train": -0.15151213027927124, "MAE_train": 22.139037655484227, "MSE_test": 869.276467003946, "R2_test": -0.12421728523775899, "MAE_test": 22.452522299419755}