{"MSE_train": [720.140343517998], "R2_train": 0.04010888587100381, "MAE_train": 19.657013830082924, "MSE_test": 723.0458582003562, "R2_test": 0.06489973827311712, "MAE_test": 19.67692725632196}