Time,Iteration,Cost,Parameters
Wed Mar 19 10:01:08 2025,997,0.10713222387982027,[-2.91548807  2.24426215 -2.09998967 -0.10402364  0.53555225 -2.69731957
  3.16211396  2.22614067  0.96540997 -0.94062908  0.65002986  1.30887851
  1.46991065 -1.70116256  0.96912149]
Wed Mar 19 10:01:49 2025,998,0.09953311623411204,[-2.91460114  2.24514908 -2.09910274 -0.10491057  0.53643918 -2.69820649
  3.16300088  2.22525374  0.96452305 -0.93974215  0.65091679  1.30976544
  1.46902373 -1.70204949  0.96823456]
Wed Mar 19 10:02:29 2025,999,0.10123260469457791,[-2.91456483  2.24518539 -2.09913906 -0.10487426  0.53640287 -2.69824281
  3.1630372   2.22529006  0.96455936 -0.93970584  0.6509531   1.30972912
  1.46906004 -1.7020858   0.96819825]
