{"MSE_train": [322.9908854844342], "R2_train": -0.5647824392894016, "MAE_train": 16.553043843970624, "MSE_test": 305.90444804979904, "R2_test": -0.8439350870977631, "MAE_test": 16.35851056105363}