{"MSE_train": [34.71935786000372], "R2_train": 0.8317963635374581, "MAE_train": 4.083359312820521, "MSE_test": 61.477958350492614, "R2_test": 0.6294223074940255, "MAE_test": 4.622533068006824}