{"MSE_train": [322.77999801485777], "R2_train": -0.5637607602764956, "MAE_train": 16.55396174430421, "MSE_test": 302.97177399340654, "R2_test": -0.8262574736270263, "MAE_test": 16.32657174151999}