{"MSE_train": [202.14965176843765], "R2_train": 0.020652781822961708, "MAE_train": 12.633102101439512, "MSE_test": 168.00287387170073, "R2_test": -0.012690060050575047, "MAE_test": 10.96880251330234}