{"MSE_train": [3.4983194175316106], "R2_train": 0.5196544093624669, "MAE_train": 1.5099975117545443, "MSE_test": 5.33921678433345, "R2_test": 0.4677299641850463, "MAE_test": 1.7887005046115647}