{"MSE_train": [0.1055011417308529], "R2_train": 0.7899223899648947, "MAE_train": 0.2663287549838371, "MSE_test": 0.126511380751648, "R2_test": 0.7640607090743281, "MAE_test": 0.31448301831626196, "BATCH_SIZE": 32, "NUM_CORES": 16, "TOLERANCE": 1e-06, "MAX_ITER": 1000, "NUM_QUBITS": 5}