{"MSE_train": [0.14071473221058928], "R2_train": 0.7198038414129733, "MAE_train": 0.3167694651147235, "MSE_test": 0.17116689693379303, "R2_test": 0.6807797365536175, "MAE_test": 0.36326399787862085, "hyperparameters": {"alpha": 0.001, "beta": 0.001}}