{"MSE_train": [2.3552402536492667], "R2_train": 0.9885896514271902, "MAE_train": 1.1430227377177629, "MSE_test": 1.7886810665128927, "R2_test": 0.9892181633866479, "MAE_test": 1.1600962861935922, "hyperparameters": {"alpha": 0.001, "beta": 0.001}}