{"MSE_train": [3220.2684882782796], "R2_train": -3.292367640323268, "MAE_train": 49.4994501163771, "MSE_test": 3163.0717926758853, "R2_test": -3.0907353629740832, "MAE_test": 48.80245121669055}