{"MSE_train": [752.9192082829512], "R2_train": -0.0035827935388836885, "MAE_train": 19.782512163421465, "MSE_test": 776.5882147800827, "R2_test": -0.004345484672759525, "MAE_test": 20.424648196122106}