{"MSE_train": [18.247190118447662], "R2_train": 0.9115984879235918, "MAE_train": 3.1435862201590092, "MSE_test": 18.28271944806905, "R2_test": 0.889795169397566, "MAE_test": 2.903639480802045, "hyperparameters": {"alpha": 0.001, "beta": 0.001}}