{"MSE_train": [0.11519929579523627], "R2_train": 0.7706110821044028, "MAE_train": 0.2850639714488826, "MSE_test": 0.16327105349617085, "R2_test": 0.69550520781845, "MAE_test": 0.35334975305064875, "BATCH_SIZE": 32, "NUM_CORES": 16, "TOLERANCE": 1e-06, "MAX_ITER": 1000, "NUM_QUBITS": 5}