{"MSE_train": [0.12025260524467755], "R2_train": 0.760548753351462, "MAE_train": 0.28433099716663984, "MSE_test": 0.16331149538654688, "R2_test": 0.6954297851103717, "MAE_test": 0.35014962151304296}