{"MSE_train": [6.049104127514122], "R2_train": 0.16941246691277734, "MAE_train": 2.026686667501648, "MSE_test": 9.820162550711114, "R2_test": 0.021021531114285064, "MAE_test": 2.7577882435649674, "hyperparameters": {"alpha": 0.001, "beta": 0.001}}