{"MSE_train": [0.0003926625088668278], "R2_train": -0.007130592147422954, "MAE_train": 0.012442302934894964, "MSE_test": 0.00039122210221116053, "R2_test": -0.006943026091495996, "MAE_test": 0.012430249321312191}