{"MSE_train": [662.7829654840422], "R2_train": 0.116561813415058, "MAE_train": 19.749605070867243, "MSE_test": 647.8163248577982, "R2_test": 0.16219253861265504, "MAE_test": 19.3343456548317, "BATCH_SIZE": 25, "NUM_CORES": 16}