{"MSE_train": [0.0005956732966318525], "R2_train": -0.5278280620539437, "MAE_train": 0.01749284815335136, "MSE_test": 0.0005997810359731291, "R2_test": -0.5437403151345932, "MAE_test": 0.01752439277523273}