{"MSE_train": [0.14333865790291264], "R2_train": 0.7145789876406866, "MAE_train": 0.32158802162361877, "MSE_test": 0.1707088406500148, "R2_test": 0.6816339954681638, "MAE_test": 0.3611320439702975, "hyperparameters": {"alpha": 0.001, "beta": 0.001}}