Time,Iteration,Cost,Parameters
Thu Apr  4 23:23:06 2024,0,0.18898230647906208,[-3.44958915  2.23743464 -2.12427963 -0.11653102  0.55388708 -2.77010897
  3.06858499  2.18960146  1.18551999 -1.06648309  0.60271511  1.14432445
  1.31029899 -1.8735468   0.7296508   2.88578419 -0.54534335 -0.47522485
 -2.0265424   0.7289737 ]
Thu Apr  4 23:23:13 2024,1,0.12181327712490098,[-3.94592763  2.23743464 -2.12427963 -0.11653102  0.55388709 -2.77010897
  3.06858498  2.18960146  1.18551998 -1.06648309  0.6027151   1.14432445
  1.31029899 -1.8735468   0.72965081  2.8857842  -0.54534335 -0.47522485
 -2.0265424   0.7289737 ]
Thu Apr  4 23:23:19 2024,2,0.12003662850243504,[-4.02063223  2.23743463 -2.12427963 -0.11653102  0.55388709 -2.77010897
  3.06858498  2.18960145  1.18551998 -1.06648309  0.6027151   1.14432445
  1.31029898 -1.8735468   0.72965081  2.8857842  -0.54534335 -0.47522485
 -2.0265424   0.7289737 ]
Thu Apr  4 23:23:26 2024,3,0.11958985845748424,[-4.07453995  2.23743464 -2.12427963 -0.11653102  0.55388709 -2.77010897
  3.06858498  2.18960145  1.18551999 -1.06648309  0.6027151   1.14432445
  1.31029898 -1.8735468   0.7296508   2.8857842  -0.54534335 -0.47522485
 -2.0265424   0.7289737 ]
Thu Apr  4 23:23:33 2024,4,0.11957114423158886,[-4.08706271  2.23743463 -2.12427963 -0.11653102  0.55388708 -2.77010897
  3.06858498  2.18960145  1.18551999 -1.06648309  0.6027151   1.14432445
  1.31029898 -1.8735468   0.7296508   2.88578419 -0.54534335 -0.47522485
 -2.0265424   0.7289737 ]
Thu Apr  4 23:23:39 2024,5,0.11957086521820162,[-4.08875736  2.23743463 -2.12427963 -0.11653102  0.55388708 -2.77010897
  3.06858498  2.18960145  1.18551999 -1.06648309  0.6027151   1.14432445
  1.31029898 -1.8735468   0.7296508   2.88578419 -0.54534335 -0.47522485
 -2.0265424   0.7289737 ]
