{"MSE_train": [689.3704076056422], "R2_train": 0.08112281923891096, "MAE_train": 19.39595184301185, "MSE_test": 731.0211031261101, "R2_test": 0.05458551887357521, "MAE_test": 20.094300461517694}