{"MSE_train": [810.1512310087127], "R2_train": -0.07986863219876739, "MAE_train": 21.48525656519402, "MSE_test": 847.4457559500931, "R2_test": -0.09598407791263641, "MAE_test": 22.28646579896634}