Time,Iteration,Cost,Parameters
Mon Apr  1 20:49:07 2024,0,0.1686799786596886,[-2.5731491   2.2374346  -2.1242796  -0.11653099  0.55388708 -2.77010901
  3.06858494  2.18960149  1.18552002 -1.06648312  0.6027151   1.14432449
  1.31029895 -1.87354676]
Mon Apr  1 20:49:37 2024,1,0.16852848092819,[-2.53772739  2.23743459 -2.12427959 -0.11653098  0.55388708 -2.77010902
  3.06858494  2.18960149  1.18552003 -1.06648313  0.6027151   1.14432449
  1.31029894 -1.87354676]
Mon Apr  1 20:49:52 2024,2,0.16852528143295314,[-2.53130005  2.2374346  -2.12427959 -0.11653098  0.55388708 -2.77010902
  3.06858494  2.1896015   1.18552003 -1.06648313  0.6027151   1.1443245
  1.31029894 -1.87354676]
Mon Apr  1 20:50:07 2024,3,0.16852524202009753,[-2.53194462  2.2374346  -2.12427959 -0.11653098  0.55388708 -2.77010902
  3.06858494  2.1896015   1.18552003 -1.06648313  0.6027151   1.1443245
  1.31029894 -1.87354676]
