{"MSE_train": [681.4423997007912], "R2_train": 0.09169023767214968, "MAE_train": 18.997670135833843, "MSE_test": 728.7379115029694, "R2_test": 0.057538323402025915, "MAE_test": 19.61902678034656}