{"MSE_train": [746.7783626312229], "R2_train": 0.004602476495476293, "MAE_train": 20.054628156108002, "MSE_test": 772.4136124417173, "R2_test": 0.0010534422347636685, "MAE_test": 20.628770226216577}