{"MSE_train": [812.2922784212282], "R2_train": -0.08272248201387811, "MAE_train": 21.17533786213265, "MSE_test": 835.2696455986132, "R2_test": -0.08023696609759412, "MAE_test": 21.296385527202503}