{"MSE_train": [383.9289627907423], "R2_train": -0.8600069720496808, "MAE_train": 16.981961895776234, "MSE_test": 202.34492939380064, "R2_test": -0.21969758002606343, "MAE_test": 13.058213691584621}