{"MSE_train": [228.86632268653779], "R2_train": -0.10878052223518542, "MAE_train": 13.404695589990244, "MSE_test": 199.0527483791403, "R2_test": -0.19985292551152356, "MAE_test": 11.79788815751956}