{"MSE_train": [2921.3700239860063], "R2_train": -2.893959215516297, "MAE_train": 44.19367243651459, "MSE_test": 3061.5533815433837, "R2_test": -2.9594437004281167, "MAE_test": 44.54234532373681, "BATCH_SIZE": 25, "NUM_CORES": 16, "TOLERANCE": 1e-06, "MAX_ITER": 1000}