{"MSE_train": [993.4550496252784], "R2_train": -0.3241983774487047, "MAE_train": 24.86736347218759, "MSE_test": 1025.8980802956469, "R2_test": -0.3267727800519937, "MAE_test": 25.3857839918513}