{"MSE_train": [0.050245239378872306], "R2_train": 0.899949899771858, "MAE_train": 0.1849942569901239, "MSE_test": 0.038326932432861456, "R2_test": 0.928521614357231, "MAE_test": 0.1622399822461398}