{"MSE_train": [0.083739674396227], "R2_train": 0.8332545944653726, "MAE_train": 0.22948261978389212, "MSE_test": 0.0780715868321078, "R2_test": 0.8543992269377743, "MAE_test": 0.23384799496412878, "BATCH_SIZE": 32, "NUM_CORES": 16, "TOLERANCE": 1e-06, "MAX_ITER": 1000, "NUM_QUBITS": 5}