{"MSE_train": [0.07269196829816843], "R2_train": 0.8552531781335121, "MAE_train": 0.22290793789028993, "MSE_test": 0.07484189136284695, "R2_test": 0.8604224957883384, "MAE_test": 0.23762526793026867, "hyperparameters": {"alpha": 0.001, "beta": 0.001}}