{"MSE_train": [0.0012204204498259294], "R2_train": -2.130226957111588, "MAE_train": 0.03017811731132166, "MSE_test": 0.0012047388645163627, "R2_test": -2.1008048651386555, "MAE_test": 0.02999331282477194}