{"MSE_train": [79.76834181476524], "R2_train": 0.6135491554327637, "MAE_train": 5.888909615799716, "MSE_test": 91.33597349729504, "R2_test": 0.4494437484659374, "MAE_test": 5.993852508948364}