{"MSE_train": [81.7908805212526], "R2_train": 0.6037506341960179, "MAE_train": 6.001913785723831, "MSE_test": 93.90882143326164, "R2_test": 0.4339350998890996, "MAE_test": 5.858883844170284}