{"MSE_train": [45.070974317516935], "R2_train": 0.7816462559680714, "MAE_train": 5.0176388945404, "MSE_test": 69.08705927171961, "R2_test": 0.5835560631181533, "MAE_test": 5.812446484640586}