{"MSE_train": [3.721683645908601], "R2_train": 0.4889848193675239, "MAE_train": 1.453306906674014, "MSE_test": 18.72498312286955, "R2_test": -0.8667058933978891, "MAE_test": 2.9264413660703275}