{"MSE_train": [749.0348193390098], "R2_train": 0.001594795058493692, "MAE_train": 20.05993628679764, "MSE_test": 775.3661237565675, "R2_test": -0.002764979614909624, "MAE_test": 20.70800006493497}