{"MSE_train": [760.8516759489255], "R2_train": -0.01415615648712154, "MAE_train": 20.345971231039925, "MSE_test": 795.9994917357102, "R2_test": -0.029449687892786347, "MAE_test": 21.146217602536247}