{"MSE_train": [0.11948143534599973], "R2_train": 0.7620843341668673, "MAE_train": 0.2907450244975984, "MSE_test": 0.17061225262142216, "R2_test": 0.6818141287561152, "MAE_test": 0.35890956255538553, "BATCH_SIZE": 32, "NUM_CORES": 16, "TOLERANCE": 1e-06, "MAX_ITER": 1000, "NUM_QUBITS": 5}