{"MSE_train": [202.96577227518324], "R2_train": 0.016698951870812828, "MAE_train": 12.34041499429658, "MSE_test": 182.73905286762496, "R2_test": -0.10151700478305026, "MAE_test": 11.616157780641222}