{"MSE_train": [822.6151519692252], "R2_train": -0.09648207023885291, "MAE_train": 21.516775511781614, "MSE_test": 815.3085168877228, "R2_test": -0.054421650968929924, "MAE_test": 21.740097391017414}