{"MSE_train": [3.262307463894884], "R2_train": 0.5520606272449788, "MAE_train": 1.209076438597266, "MSE_test": 1.8154298508265296, "R2_test": 0.8190186031489999, "MAE_test": 1.1288825483783025, "hyperparameters": {"alpha": 0.001, "beta": 0.001}}