{"MSE_train": [806.8535957706825], "R2_train": -0.07547314069337485, "MAE_train": 21.404913084849618, "MSE_test": 829.7265004632848, "R2_test": -0.07306813108104748, "MAE_test": 21.85752174756932}