{"MSE_train": [840.4863497146433], "R2_train": -0.12030298802116612, "MAE_train": 22.080252704952898, "MSE_test": 844.5396827924671, "R2_test": -0.09222571357173948, "MAE_test": 22.284187904049983}