{"MSE_train": [936.1957169104003], "R2_train": -0.24787613669565123, "MAE_train": 22.926875048697973, "MSE_test": 978.6012645397608, "R2_test": -0.2656047859468096, "MAE_test": 23.65569850984057}