{"MSE_train": [0.0003926886407603822], "R2_train": -0.007197617210511487, "MAE_train": 0.012364882033084565, "MSE_test": 0.00039127197965355885, "R2_test": -0.007071402638982427, "MAE_test": 0.012352686462276014}