{"MSE_train": [5588.855679626156], "R2_train": -6.4495102979721395, "MAE_train": 69.11064562479392, "MSE_test": 5866.233058168973, "R2_test": -6.586677948336524, "MAE_test": 70.93330375301223}