{"MSE_train": [0.06602866865841069], "R2_train": 0.8685213763757565, "MAE_train": 0.2129996236292136, "MSE_test": 0.03589907911384078, "R2_test": 0.933049475701862, "MAE_test": 0.16781031109594105}