{"MSE_train": [704.303670489874], "R2_train": 0.06121794031281014, "MAE_train": 19.593413381136717, "MSE_test": 716.8607954711225, "R2_test": 0.07289875204424767, "MAE_test": 19.895643889868307}