{"MSE_train": [206.93809018355296], "R2_train": -0.0025455952221153932, "MAE_train": 12.577383505470042, "MSE_test": 191.4293743974114, "R2_test": -0.1539006457830192, "MAE_test": 12.012863818275061}