{"MSE_train": [77.54941471088115], "R2_train": 0.6242991125438242, "MAE_train": 5.724597317959562, "MSE_test": 66.35049204358265, "R2_test": 0.6000515811216776, "MAE_test": 5.662812586291819}