{"MSE_train": [298.43800843919155], "R2_train": -0.44583199034158083, "MAE_train": 12.973395540924013, "MSE_test": 282.70356375058765, "R2_test": -0.7040844739937424, "MAE_test": 11.862599845375579}