{"MSE_train": [297.9634109955002], "R2_train": -0.4435327250093535, "MAE_train": 12.799087198138855, "MSE_test": 275.4958291115838, "R2_test": -0.6606375908768762, "MAE_test": 11.780308580576651}