Time,Iteration,Cost,Parameters
Fri Apr  5 02:44:34 2024,0,0.29636229275036075,[-1.57267791  2.23743454 -2.12427964 -0.11653103  0.55388703 -2.77010897
  3.06858488  2.18960145  1.18551998 -1.06648318  0.6027151   1.1443244
  1.31029894 -1.8735468 ]
Fri Apr  5 02:45:13 2024,1,0.2963371769007351,[-1.58019186  2.23743454 -2.12427964 -0.11653103  0.55388703 -2.77010897
  3.06858488  2.18960145  1.18551998 -1.06648318  0.6027151   1.1443244
  1.31029894 -1.8735468 ]
