{"MSE_train": [0.144636149106055], "R2_train": 0.7119953772026775, "MAE_train": 0.3220146102161346, "MSE_test": 0.17647638558306086, "R2_test": 0.6708777263183063, "MAE_test": 0.36684092658401013}