{"MSE_train": [100.27745326618563], "R2_train": 0.5141893936349082, "MAE_train": 8.935948305651308, "MSE_test": 106.64831062356477, "R2_test": 0.357143829740983, "MAE_test": 9.036008878162669}