{"MSE_train": [5.95388198016231], "R2_train": 0.18248718455641477, "MAE_train": 2.0082244112802927, "MSE_test": 11.068029938272302, "R2_test": -0.10337919017098574, "MAE_test": 2.8357801093742867, "BATCH_SIZE": 32, "NUM_CORES": 16, "TOLERANCE": 1e-06, "MAX_ITER": 1000, "NUM_QUBITS": 5}