{"MSE_train": [7.481164375396989], "R2_train": -0.027220185368926897, "MAE_train": 2.432998529830799, "MSE_test": 9.162529608109395, "R2_test": 0.08658139205471505, "MAE_test": 2.6533391887402136}