{"MSE_train": [0.5018401595313347], "R2_train": 0.0007181002558954708, "MAE_train": 0.6190598694913118, "MSE_test": 0.5690866360969478, "R2_test": -0.061326630048978314, "MAE_test": 0.6776929951758609}