{"MSE_train": [260.31303010270346], "R2_train": -0.2611292656509163, "MAE_train": 13.780074942135215, "MSE_test": 122.84974593975717, "R2_test": 0.25948459257942114, "MAE_test": 10.149093205702338, "hyperparameters": {"alpha": 0.001, "beta": 0.001}}