{"MSE_train": [1536.449975603427], "R2_train": -1.0479684163793603, "MAE_train": 33.23001429874725, "MSE_test": 1637.052476352991, "R2_test": -1.1171661267910018, "MAE_test": 34.612906890356}