{"MSE_train": [0.5000432171422039], "R2_train": 0.0042962355849176515, "MAE_train": 0.6162022732059416, "MSE_test": 0.5406052066262306, "R2_test": -0.008209762349445038, "MAE_test": 0.6648572314701833, "hyperparameters": {"alpha": 0.001, "beta": 0.001}}