{"MSE_train": [0.4423163099243553], "R2_train": 0.11924409779840717, "MAE_train": 0.5487325082748277, "MSE_test": 0.32156559929730827, "R2_test": 0.4002914280634208, "MAE_test": 0.5088731184691713, "BATCH_SIZE": 32, "NUM_CORES": 16, "TOLERANCE": 1e-06, "MAX_ITER": 1000, "NUM_QUBITS": 5}