{"MSE_train": [256.35371916474514], "R2_train": -0.24194773296428518, "MAE_train": 14.396656389443962, "MSE_test": 224.0725410873362, "R2_test": -0.3506675800243102, "MAE_test": 12.795027007942936, "hyperparameters": {"alpha": 0.001, "beta": 0.001}}