{"MSE_train": [169.98758771452094], "R2_train": 0.17646718806352157, "MAE_train": 12.380086462193338, "MSE_test": 174.31629779630916, "R2_test": -0.050746204603310696, "MAE_test": 12.904401282027388}