{"MSE_train": [0.051334114672891076], "R2_train": 0.8977816927208168, "MAE_train": 0.18505607968423304, "MSE_test": 0.05241556283735003, "R2_test": 0.9022468124540387, "MAE_test": 0.20337403547436592}