{"MSE_train": [208.52210554201065], "R2_train": -0.010219618013073362, "MAE_train": 12.603506474702522, "MSE_test": 189.45211615631723, "R2_test": -0.14198210105360998, "MAE_test": 12.024375823244437}