{"MSE_train": [2.721036119528113], "R2_train": 0.6263812574030106, "MAE_train": 1.1623833281476947, "MSE_test": 2.7306685564649253, "R2_test": 0.7277778541202644, "MAE_test": 1.3974730178687633, "hyperparameters": {"alpha": 0.001, "beta": 0.001}}