{"MSE_train": [2.0689704848026857], "R2_train": 0.7159147776633267, "MAE_train": 0.8986466285837624, "MSE_test": 5.963187778951342, "R2_test": 0.40552588499738706, "MAE_test": 1.6034850862065266}