{"MSE_train": [1.9180025286655245], "R2_train": 0.736643814495879, "MAE_train": 0.788445270647067, "MSE_test": 6.100852256802614, "R2_test": 0.39180202258158314, "MAE_test": 1.5281684565870703}