Time,Iteration,Cost,Parameters
Fri Apr  5 00:18:15 2024,0,0.3032999771061461,[ 1.35806068  2.23743464 -2.12427933 -0.11653103  0.55388708 -2.77010928
  3.06858483  2.18960145  1.18552014 -1.06648339  0.6027151   1.14432445
  1.31029899 -1.8735465   0.72965065  2.88578419 -0.54534335 -0.47522485
 -2.0265424   0.7289737 ]
Fri Apr  5 00:18:33 2024,1,0.2944538730843479,[ 1.49857695  2.23743464 -2.12427932 -0.11653103  0.55388708 -2.77010929
  3.06858483  2.18960145  1.18552014 -1.0664834   0.6027151   1.14432445
  1.31029899 -1.87354649  0.72965065  2.88578419 -0.54534335 -0.47522485
 -2.0265424   0.7289737 ]
Fri Apr  5 00:18:41 2024,2,0.29444349847716156,[ 1.50366428  2.23743464 -2.12427932 -0.11653103  0.55388708 -2.77010929
  3.06858482  2.18960145  1.18552014 -1.0664834   0.6027151   1.14432445
  1.31029899 -1.87354649  0.72965064  2.88578419 -0.54534335 -0.47522485
 -2.0265424   0.7289737 ]
Fri Apr  5 00:18:47 2024,3,0.2944434891760407,[ 1.50351639  2.23743464 -2.12427932 -0.11653103  0.55388709 -2.77010928
  3.06858483  2.18960145  1.18552014 -1.06648339  0.6027151   1.14432445
  1.31029899 -1.87354648  0.72965064  2.8857842  -0.54534335 -0.47522485
 -2.0265424   0.7289737 ]
