{"MSE_train": [849.2563633695025], "R2_train": -0.13199273468494122, "MAE_train": 22.586485838256248, "MSE_test": 869.1315436267921, "R2_test": -0.1240298588299178, "MAE_test": 22.911686772237267}