{"MSE_train": [0.0005262714741392892], "R2_train": -0.34982100254434556, "MAE_train": 0.019356177925446656, "MSE_test": 0.0005241735263040606, "R2_test": -0.34913869587249513, "MAE_test": 0.019382643949747622}