{"MSE_train": [0.6021840631499285], "R2_train": -0.19909023459193942, "MAE_train": 0.7033929298179282, "MSE_test": 0.5670217900978185, "R2_test": -0.05747576463267534, "MAE_test": 0.7052520483886664}