{"MSE_train": [0.3385339116069138], "R2_train": 0.32589928507457966, "MAE_train": 0.49986287426122367, "MSE_test": 0.37672538210638196, "R2_test": 0.2974203664540692, "MAE_test": 0.5570662757317972, "hyperparameters": {"alpha": 0.001, "beta": 0.001}}