{"MSE_train": [0.5859626717613674], "R2_train": -0.16678962553268817, "MAE_train": 0.663626422418067, "MSE_test": 0.5709541530166312, "R2_test": -0.06480948364842476, "MAE_test": 0.6991903655073723, "hyperparameters": {"alpha": 0.001, "beta": 0.001}}