Time,Iteration,Cost,Parameters
Fri Apr  5 05:35:35 2024,0,0.14026363697172373,[-4.66549958  2.2374345  -2.12427964 -0.11653103  0.55388681 -2.77010911
  3.06858471  2.18960145  1.18551998 -1.06648336  0.60271483  1.14432445
  1.31029899 -1.8735468   0.72965053  2.88578406 -0.54534362 -0.47522485
 -2.02654254  0.7289737   1.60512664  2.8307708  -1.26456723 -0.25136118
 -2.39279245 -2.27309774  3.13337141  2.54856945 -0.67550787 -2.69002215]
Fri Apr  5 05:37:28 2024,1,0.14026313792365364,[-4.66455024  2.2374345  -2.12427964 -0.11653103  0.55388681 -2.77010911
  3.06858471  2.18960145  1.18551998 -1.06648336  0.60271483  1.14432445
  1.31029899 -1.8735468   0.72965053  2.88578406 -0.54534362 -0.47522485
 -2.02654254  0.7289737   1.60512664  2.8307708  -1.26456723 -0.25136118
 -2.39279245 -2.27309774  3.13337141  2.54856945 -0.67550787 -2.69002215]
