{"MSE_train": [0.20065461866274975], "R2_train": 0.600449416569218, "MAE_train": 0.3796709509056792, "MSE_test": 0.21491105498202606, "R2_test": 0.5991984150098939, "MAE_test": 0.39897827054141627, "hyperparameters": {"alpha": 0.001, "beta": 0.001}}