{"MSE_train": [0.15494515312592508], "R2_train": 0.6914677232758455, "MAE_train": 0.31829244879785784, "MSE_test": 0.1888469423312758, "R2_test": 0.647807071566231, "MAE_test": 0.3559493669121251}