Time,Iteration,Cost,Parameters
Wed Mar 19 10:27:19 2025,999,0.21582137330941736,[-4.12527751  2.22405286 -1.9840875   0.07916464  0.728701   -2.7069452
  3.08392909  2.18158209  1.25048451 -0.99525457  0.77273674  1.16738164
  1.30236756 -1.91781656  0.74222874  3.07854682 -0.56451976 -0.83258034
 -1.96221534  0.95308919]
