{"MSE_train": [1.8429936646007228], "R2_train": 0.7469430961828785, "MAE_train": 0.8275579162379536, "MSE_test": 4.134355703375416, "R2_test": 0.5878433584557827, "MAE_test": 1.2985912020499843}