{"MSE_train": [896.0444289873283], "R2_train": -0.19435759014413656, "MAE_train": 22.63975961993689, "MSE_test": 907.1608238957781, "R2_test": -0.17321234086684534, "MAE_test": 23.22036893291662}