{"MSE_train": [736.4845667077525], "R2_train": 0.01832330650664704, "MAE_train": 19.481524427687596, "MSE_test": 763.5252057195241, "R2_test": 0.012548634908911671, "MAE_test": 19.977845836791147}