{"MSE_train": [27.61296064674166], "R2_train": 0.8662244730156852, "MAE_train": 3.713096917624143, "MSE_test": 30.748108715798402, "R2_test": 0.8146561225754806, "MAE_test": 3.5692210550880246, "hyperparameters": {"alpha": 0.001, "beta": 0.001}}