{"MSE_train": [917.0432280236384], "R2_train": -0.22234735739404066, "MAE_train": 23.327506453546693, "MSE_test": 966.78707421372, "R2_test": -0.25032573781911704, "MAE_test": 24.09525757827059}