{"MSE_train": [1052.100068708094], "R2_train": -0.4023676304453092, "MAE_train": 25.18011649670142, "MSE_test": 1043.6203850036393, "R2_test": -0.3496926703783072, "MAE_test": 25.02894587678516}