{"MSE_train": [0.18084174906676168], "R2_train": 0.9751690665146036, "MAE_train": 0.3434137343796771, "MSE_test": 11.048459144070465, "R2_test": -0.10142816481436334, "MAE_test": 1.7430236639383172}