{"MSE_train": [73.42853954883535], "R2_train": 0.6442633696726336, "MAE_train": 5.453082203156311, "MSE_test": 93.05230548263519, "R2_test": 0.43909801865045717, "MAE_test": 6.644879519862959, "hyperparameters": {"alpha": 0.001, "beta": 0.001}}