{"MSE_train": [1.61305820356274], "R2_train": 0.7785149658890286, "MAE_train": 1.0721444784289365, "MSE_test": 17.428462248875057, "R2_test": -0.7374548740235116, "MAE_test": 2.6038794526334024}