{"MSE_train": [0.058780189966779695], "R2_train": 0.8829548038718583, "MAE_train": 0.20295093791698343, "MSE_test": 0.06729375745037461, "R2_test": 0.8744995009758543, "MAE_test": 0.22230041199719594}