{"MSE_train": [0.2973914409130472], "R2_train": 0.4078236298968999, "MAE_train": 0.45295778121133223, "MSE_test": 0.3646724832831946, "R2_test": 0.3198986003097585, "MAE_test": 0.545899694300952}