{"MSE_train": [0.2973914409130472], "R2_train": 0.4078236298968999, "MAE_train": 0.45295778121133223, "MSE_test": 0.3646724832831946, "R2_test": 0.3198986003097585, "MAE_test": 0.545899694300952, "BATCH_SIZE": 32, "NUM_CORES": 16, "TOLERANCE": 1e-06, "MAX_ITER": 1000, "NUM_QUBITS": 5}