{"MSE_train": [0.4974466890330452], "R2_train": 0.009466534319244269, "MAE_train": 0.6157939728320218, "MSE_test": 0.5662954172196484, "R2_test": -0.056121104673983124, "MAE_test": 0.6757099488709823}