{"MSE_train": [1851.026040554107], "R2_train": -1.4672738645211876, "MAE_train": 36.438565443362435, "MSE_test": 1915.6073830551277, "R2_test": -1.477415429388206, "MAE_test": 37.41091918882461}