{"MSE_train": [0.00021988736916060244], "R2_train": 0.4341005378533255, "MAE_train": 0.010070592356197929, "MSE_test": 0.00022359188323075734, "R2_test": 0.42704375580053466, "MAE_test": 0.010050070661174077}