{"MSE_train": [0.5020903129070822], "R2_train": 0.00021998599421912957, "MAE_train": 0.6186610121484604, "MSE_test": 0.5747962307188937, "R2_test": -0.07197482389977083, "MAE_test": 0.6784682717376092}