{"MSE_train": [0.5006166362928715], "R2_train": 0.003154423062851075, "MAE_train": 0.6173652715098917, "MSE_test": 0.5659322118668288, "R2_test": -0.0554437394211853, "MAE_test": 0.6757869468416516}