{"MSE_train": [0.1430911683455498], "R2_train": 0.7150717976128484, "MAE_train": 0.3185601201553128, "MSE_test": 0.18142402630376606, "R2_test": 0.6616505497871312, "MAE_test": 0.37313076773196213}