{"MSE_train": [262.13986779393235], "R2_train": -0.26997968114911086, "MAE_train": 13.577624402534363, "MSE_test": 113.74981750242497, "R2_test": 0.314337267794343, "MAE_test": 9.545223026949797, "MAX_ITER": 1000}