{"MSE_train": [260.5199097993658], "R2_train": -0.2621315283491261, "MAE_train": 14.032380969875069, "MSE_test": 135.76347523630034, "R2_test": 0.18164303549522398, "MAE_test": 10.83486239519014}