{"MSE_train": [1055.2772184407888], "R2_train": -0.4066025241352986, "MAE_train": 24.88891213146813, "MSE_test": 1126.8824931000258, "R2_test": -0.45737383359892325, "MAE_test": 26.15499162575172}