{"MSE_train": [1179.8504868399423], "R2_train": -0.5726490100330373, "MAE_train": 25.911939677719015, "MSE_test": 1281.0201662558807, "R2_test": -0.6567168999830653, "MAE_test": 26.930530488029287}