{"MSE_train": [0.0004375227993416208], "R2_train": -0.12219166849048313, "MAE_train": 0.01338848937288058, "MSE_test": 0.00043511728347468, "R2_test": -0.11992219164095741, "MAE_test": 0.01334718998912517}