{"MSE_train": [3.021791272468062], "R2_train": 0.5850853108830226, "MAE_train": 1.1973087836666134, "MSE_test": 2.8025205255889256, "R2_test": 0.7206148840211244, "MAE_test": 1.3618575649291074, "hyperparameters": {"alpha": 0.001, "beta": 0.001}}