{"MSE_train": [9.854963382395193], "R2_train": 0.9522560098948821, "MAE_train": 2.556014778871043, "MSE_test": 12.789850445624179, "R2_test": 0.9229051615765321, "MAE_test": 3.1355596372626002}