{"MSE_train": [107.60386235026269], "R2_train": 0.4786954004820685, "MAE_train": 8.851489306865108, "MSE_test": 147.75119999640964, "R2_test": 0.10938326143650312, "MAE_test": 9.868454557020026}