{"MSE_train": [776.1140943627161], "R2_train": -0.03449977415468264, "MAE_train": 20.38882509493056, "MSE_test": 792.9448173926083, "R2_test": -0.025499140710572243, "MAE_test": 20.76027890593774}