{"MSE_train": [1899.5692175188224], "R2_train": -1.5319781470120035, "MAE_train": 36.00521576005732, "MSE_test": 1954.888159228259, "R2_test": -1.5282164452072493, "MAE_test": 37.27061902727031}