{"MSE_train": [832.5987947096938], "R2_train": -0.10978949015980732, "MAE_train": 21.896816851239834, "MSE_test": 880.0821362060406, "R2_test": -0.13819203384383272, "MAE_test": 22.818874219673482}