{"MSE_train": [0.00012192996568990336], "R2_train": 0.6872647737616454, "MAE_train": 0.007541826008266447, "MSE_test": 0.00011896807555621908, "R2_test": 0.6937952295338299, "MAE_test": 0.0074746811903040515}