{"MSE_train": [1047.7826355905331], "R2_train": -0.3966128276173668, "MAE_train": 25.39533780914123, "MSE_test": 1033.7162478147534, "R2_test": -0.33688385448859637, "MAE_test": 25.245956599956685}