Time,Iteration,Cost,Parameters
Mon Nov  4 16:28:38 2024,235,0.1485995587864199,[-3.27309295  2.20809089 -1.56095674 -0.14858288  0.50048122 -2.7824609
  2.98632329  2.23900689  1.27797536 -1.1075269   0.57518864  1.08183806
  1.29780442 -1.74816942  0.67727458  2.89517813 -0.41667153 -0.54485743
 -1.88917295  0.85004577  1.77601833  2.89675901 -1.21259219 -0.20316769
 -2.34094065 -2.3548372   3.25318025  2.61656341 -0.41872078 -2.64705825
  1.75919459 -0.02768801 -2.30288654  2.14988641  1.37099433 -0.59578754
  1.16590382 -1.92745681 -0.30310086  2.25807469 -0.37333411  0.53203684
  2.6078316   0.96251297  2.37873536  2.93794968  2.88723915 -2.85930981]
