{"MSE_train": [125.79284020455702], "R2_train": 0.39057590728852065, "MAE_train": 7.932270617683554, "MSE_test": 181.4590122124243, "R2_test": -0.09380115791621457, "MAE_test": 9.696720229011468}