Time,Iteration,Cost,Parameters
Thu Apr  4 23:45:52 2024,0,0.284027460956468,[-3.03974421  2.11294282 -1.80566252 -0.11653103  0.55388709 -2.77010897
  3.06858499  2.18960146  1.18551999 -1.06648308  0.6027151   1.14432446
  1.31029899 -1.8735468   0.7296508 ]
Thu Apr  4 23:45:58 2024,1,0.2737147386345984,[-3.11048556  2.01570705 -1.62990822 -0.11653103  0.55388707 -2.77010897
  3.06858498  2.18960146  1.18551998 -1.06648309  0.6027151   1.14432445
  1.31029899 -1.8735468   0.7296508 ]
Thu Apr  4 23:46:04 2024,2,0.27010766106254736,[-3.09078455  1.97939018 -1.67132212 -0.11653103  0.55388708 -2.77010897
  3.06858498  2.18960146  1.18551998 -1.06648309  0.6027151   1.14432445
  1.31029899 -1.8735468   0.7296508 ]
Thu Apr  4 23:46:10 2024,3,0.2637450373177756,[-3.06239004  1.84675232 -1.71665467 -0.11653103  0.55388709 -2.77010897
  3.06858499  2.18960146  1.18551998 -1.06648309  0.6027151   1.14432446
  1.31029899 -1.8735468   0.7296508 ]
Thu Apr  4 23:46:16 2024,4,0.25219176894890855,[-3.01086927  1.55336389 -1.77203524 -0.11653104  0.5538871  -2.77010895
  3.06858499  2.18960145  1.18551997 -1.06648309  0.60271509  1.14432445
  1.31029898 -1.87354681  0.72965079]
Thu Apr  4 23:46:22 2024,5,0.2393550313225144,[-2.87923328  0.92796221 -1.85408348 -0.11653105  0.55388714 -2.77010893
  3.06858502  2.18960145  1.18551996 -1.0664831   0.60271509  1.14432446
  1.31029899 -1.87354681  0.72965078]
Thu Apr  4 23:46:28 2024,6,0.23927862599583394,[-2.89339338  0.99448751 -1.84370974 -0.11653105  0.55388713 -2.77010894
  3.06858501  2.18960146  1.18551997 -1.0664831   0.60271509  1.14432446
  1.31029899 -1.87354681  0.72965078]
Thu Apr  4 23:46:34 2024,7,0.23925115850785506,[-2.88766623  0.97695642 -1.84467376 -0.11653105  0.55388713 -2.77010893
  3.06858501  2.18960146  1.18551997 -1.0664831   0.60271509  1.14432446
  1.31029898 -1.87354681  0.72965078]
Thu Apr  4 23:46:40 2024,8,0.2392502708192481,[-2.88693438  0.97745754 -1.84387029 -0.11653105  0.55388713 -2.77010893
  3.06858501  2.18960145  1.18551997 -1.0664831   0.60271508  1.14432446
  1.31029898 -1.87354682  0.72965078]
Thu Apr  4 23:46:46 2024,9,0.2392502040584277,[-2.88684925  0.97830204 -1.84350901 -0.11653105  0.55388713 -2.77010894
  3.06858501  2.18960145  1.18551997 -1.0664831   0.60271508  1.14432446
  1.31029898 -1.87354682  0.72965078]
