Time,Iteration,Cost,Parameters
Fri Apr  5 08:07:05 2024,0,0.15191354640306573,[ 1.54067827  2.2374339  -2.1242789  -0.11653029  0.55388708 -2.77010971
  3.06858278  2.18960145  1.18552072 -1.06648382  0.6027151   1.14432445
  1.31029972 -1.87354533]
Fri Apr  5 08:08:50 2024,1,0.15135931578737838,[ 1.57207211  2.2374339  -2.1242789  -0.11653029  0.55388708 -2.77010971
  3.06858277  2.18960145  1.18552072 -1.06648382  0.6027151   1.14432445
  1.31029972 -1.87354532]
Fri Apr  5 08:09:16 2024,2,0.15135931514343026,[ 1.57210599  2.2374339  -2.1242789  -0.11653029  0.55388708 -2.77010971
  3.06858277  2.18960145  1.18552072 -1.06648382  0.6027151   1.14432446
  1.31029973 -1.87354532]
