{"MSE_train": [2.9973040707756224], "R2_train": 0.5884475880098821, "MAE_train": 1.211776734351231, "MSE_test": 3.8757667568234275, "R2_test": 0.6136222607559186, "MAE_test": 1.531506161208298, "hyperparameters": {"alpha": 0.001, "beta": 0.001}}