{"MSE_train": [205.99903707750042], "R2_train": 0.0020038019155386166, "MAE_train": 12.461916235095646, "MSE_test": 203.3530987689854, "R2_test": -0.2257746374094789, "MAE_test": 12.206243237612387, "hyperparameters": {"alpha": 0.001, "beta": 0.001}}