{"MSE_train": [0.2597577560603638], "R2_train": 0.4827611560787045, "MAE_train": 0.4330897402320538, "MSE_test": 0.29390023216657635, "R2_test": 0.45188636810155847, "MAE_test": 0.48785120046161035, "hyperparameters": {"alpha": 0.001, "beta": 0.001}}