{"MSE_train": [5.515015755486678], "R2_train": 0.2427468208967194, "MAE_train": 1.543562867726842, "MSE_test": 15.346063085296525, "R2_test": -0.5298591306494489, "MAE_test": 2.6586322376635976, "hyperparameters": {"alpha": 0.001, "beta": 0.001}}