{"MSE_train": [914.5601978939736], "R2_train": -0.21903767119324202, "MAE_train": 23.205875447106916, "MSE_test": 917.1532973427962, "R2_test": -0.1861354002131257, "MAE_test": 23.7194393775833}