Time,Iteration,Cost,Parameters
Thu Apr  4 15:08:42 2024,0,0.4897581184010037,[ 0.07572621  2.23743464 -2.12427932 -0.11653103  0.55388708 -2.77010929
  3.06858483  2.18960145  1.18552014 -1.06648308  0.6027151   1.14432445
  1.31029899 -1.87354649  0.72965065  2.88578419 -0.54534335 -0.47522485
 -2.0265424   0.7289737 ]
Thu Apr  4 15:09:14 2024,1,0.24118503136842573,[ 7.62569303  2.23743462 -2.12427858 -0.11653104  0.55388708 -2.77011005
  3.06858445  2.18960144  1.18552051 -1.06648311  0.60271509  1.14432444
  1.31029897 -1.87354577  0.72965029  2.88578417 -0.54534336 -0.47522485
 -2.0265424   0.7289737 ]
Thu Apr  4 15:09:30 2024,2,0.2408950032372547,[ 7.59977348  2.23743462 -2.12427858 -0.11653104  0.55388708 -2.77011005
  3.06858445  2.18960144  1.1855205  -1.06648311  0.60271509  1.14432444
  1.31029897 -1.87354577  0.7296503   2.88578417 -0.54534336 -0.47522485
 -2.0265424   0.7289737 ]
Thu Apr  4 15:09:38 2024,3,0.2408939051997107,[ 7.59808816  2.23743463 -2.12427858 -0.11653103  0.55388708 -2.77011005
  3.06858445  2.18960145  1.18552051 -1.06648311  0.60271509  1.14432444
  1.31029898 -1.87354577  0.7296503   2.88578417 -0.54534336 -0.47522485
 -2.0265424   0.7289737 ]
Thu Apr  4 15:09:46 2024,4,0.240893905099494,[ 7.59807191  2.23743463 -2.12427858 -0.11653103  0.55388709 -2.77011004
  3.06858446  2.18960145  1.18552052 -1.0664831   0.60271509  1.14432444
  1.31029898 -1.87354577  0.7296503   2.88578417 -0.54534335 -0.47522485
 -2.0265424   0.7289737 ]
