{"MSE_train": [82.89429772629323], "R2_train": 0.5984049481619748, "MAE_train": 6.521218078602059, "MSE_test": 80.40598931829986, "R2_test": 0.5153276591366045, "MAE_test": 6.202478608028795}