{"MSE_train": [1240.5717004454095], "R2_train": -0.6535856689824326, "MAE_train": 27.713980821588805, "MSE_test": 1342.449251348893, "R2_test": -0.7361618658820355, "MAE_test": 29.264465771157163}