{"MSE_train": [1.2937772124953897], "R2_train": 0.8223546494425095, "MAE_train": 0.8284338779560967, "MSE_test": 13.117104050768493, "R2_test": -0.30765273726615217, "MAE_test": 2.108999181248266}