{"MSE_train": [0.4091005607735978], "R2_train": 0.18538447393687774, "MAE_train": 0.546671535441335, "MSE_test": 0.5366559570604417, "R2_test": -0.0008445503289555845, "MAE_test": 0.6351842764378666}