{"MSE_train": [0.08907055422677919], "R2_train": 0.8226395577386256, "MAE_train": 0.2472983297293275, "MSE_test": 0.06825031770278553, "R2_test": 0.8727155496321837, "MAE_test": 0.2352798471548388}