{"MSE_train": [748.4724149402277], "R2_train": 0.002344436416316653, "MAE_train": 20.020092747184663, "MSE_test": 774.5396211420203, "R2_test": -0.0016960808688402107, "MAE_test": 20.64651469943513}