{"MSE_train": [0.1289741558992068], "R2_train": 0.7431820927898369, "MAE_train": 0.2942175140816691, "MSE_test": 0.14998885103581916, "R2_test": 0.7202760498708223, "MAE_test": 0.3287811419511946}