{"MSE_train": [0.4763132179455375], "R2_train": 0.05154825045020128, "MAE_train": 0.604831411109694, "MSE_test": 0.609789376865268, "R2_test": -0.1372358149661923, "MAE_test": 0.7087300139762487}