{"MSE_train": [1129.913721372526], "R2_train": -0.5060871823671238, "MAE_train": 27.313009190444273, "MSE_test": 1151.1499971697356, "R2_test": -0.4887584949584738, "MAE_test": 27.860600528439644}