{"MSE_train": [0.0005846856906511244], "R2_train": -0.49964621665803866, "MAE_train": 0.018637170435308086, "MSE_test": 0.0005881695009954701, "R2_test": -0.5138540840093884, "MAE_test": 0.018734065430824957}