{"MSE_train": [208.7906744958379], "R2_train": -0.011520744458350274, "MAE_train": 12.72884373143325, "MSE_test": 196.86719635387436, "R2_test": -0.18667882461250884, "MAE_test": 12.132361301314804}