{"MSE_train": [4.134362211469823], "R2_train": 0.4323209457588002, "MAE_train": 1.498483672516509, "MSE_test": 11.414159215844796, "R2_test": -0.1378850456947216, "MAE_test": 2.4752838260485692}