{"MSE_train": [828.1251378114437], "R2_train": -0.1038264531727191, "MAE_train": 21.706196683285256, "MSE_test": 853.5746594386375, "R2_test": -0.10391046209869814, "MAE_test": 22.327227587948443}