{"MSE_train": [976.8599277165347], "R2_train": -0.3020783695898581, "MAE_train": 23.775935266054233, "MSE_test": 999.8773924873336, "R2_test": -0.29312076240482976, "MAE_test": 23.789059152288072}