{"MSE_train": [788.4543833421366], "R2_train": -0.05094842037170122, "MAE_train": 20.84346594694274, "MSE_test": 809.3746408632147, "R2_test": -0.04674749177053106, "MAE_test": 21.32348681242731}