{"MSE_train": [0.16077762792663597], "R2_train": 0.6798538928791171, "MAE_train": 0.34000708611913805, "MSE_test": 0.18926941671815664, "R2_test": 0.647019171642266, "MAE_test": 0.37890764458781073}