{"MSE_train": [0.8951805586483905], "R2_train": -0.7825152337261245, "MAE_train": 0.8017070744813986, "MSE_test": 1.0925559025849858, "R2_test": -1.037578464648929, "MAE_test": 0.9199212797818163, "BATCH_SIZE": 32, "NUM_CORES": 16, "TOLERANCE": 1e-06, "MAX_ITER": 1000, "NUM_QUBITS": 5}