{"MSE_train": [3.3796152526474814], "R2_train": 0.535953384780965, "MAE_train": 1.2918253883439987, "MSE_test": 6.433428329043446, "R2_test": 0.35864729501887316, "MAE_test": 1.932904424532564, "hyperparameters": {"alpha": 0.001, "beta": 0.001}}