Time,Iteration,Cost,Parameters
Mon Apr  1 22:03:32 2024,0,0.14843409406287592,[-2.45687503  2.23743461 -2.12427964 -0.11653103  0.55388708 -2.77010897
  3.06858496  2.18960145  1.18552001 -1.06648313  0.6027151   1.14432445
  1.31029899 -1.87354678]
Mon Apr  1 22:04:10 2024,1,0.14809737516784813,[-2.41499945  2.23743461 -2.12427964 -0.11653103  0.55388708 -2.77010897
  3.06858496  2.18960145  1.18552001 -1.06648313  0.6027151   1.14432445
  1.31029899 -1.87354678]
Mon Apr  1 22:04:29 2024,2,0.14809465236567393,[-2.41063395  2.23743461 -2.12427963 -0.11653103  0.55388708 -2.77010898
  3.06858496  2.18960145  1.18552001 -1.06648313  0.60271511  1.14432445
  1.31029899 -1.87354678]
Mon Apr  1 22:04:48 2024,3,0.14809463297721798,[-2.41097408  2.23743462 -2.12427963 -0.11653102  0.55388708 -2.77010897
  3.06858497  2.18960146  1.18552001 -1.06648313  0.60271511  1.14432445
  1.31029899 -1.87354677]
