{"MSE_train": [761.0314348063029], "R2_train": -0.01439576107452667, "MAE_train": 20.161611432493757, "MSE_test": 775.2285422988983, "R2_test": -0.0025870483597671967, "MAE_test": 20.551800238903567}