{"MSE_train": [813.1336678824605], "R2_train": -0.08384398877936938, "MAE_train": 21.24720933662699, "MSE_test": 841.8159332147135, "R2_test": -0.08870314454772865, "MAE_test": 21.834309978569298}