{"MSE_train": [831.3579655728789], "R2_train": -0.10813556134815028, "MAE_train": 21.663474875795266, "MSE_test": 861.2915233311704, "R2_test": -0.11389052264918487, "MAE_test": 22.26205410179064}