{"MSE_train": [1122.6551826686127], "R2_train": -0.49641211435272714, "MAE_train": 25.66190003124715, "MSE_test": 1129.9348439538421, "R2_test": -0.46132137586047506, "MAE_test": 26.436606684012457}