{"MSE_train": [880.2863263164571], "R2_train": -0.17335326388266314, "MAE_train": 22.62984036173012, "MSE_test": 917.7809613826422, "R2_test": -0.18694714514089195, "MAE_test": 23.359094671294226}