{"MSE_train": [98.61149342279586], "R2_train": 0.5222604099534887, "MAE_train": 8.268759917105523, "MSE_test": 129.63635198521715, "R2_test": 0.21857619425663422, "MAE_test": 9.513180854323558}