{"MSE_train": [763.514924393975], "R2_train": -0.01770605969714345, "MAE_train": 20.190375000412214, "MSE_test": 777.684345587275, "R2_test": -0.005763087986667692, "MAE_test": 20.586782969096976}