{"MSE_train": [784.5472490141251], "R2_train": -0.04574051394495493, "MAE_train": 20.879549420936517, "MSE_test": 787.3099602065789, "R2_test": -0.018211696394710097, "MAE_test": 21.067004153383223}