{"MSE_train": [779.6086665679632], "R2_train": -0.039157767332945737, "MAE_train": 20.671310282366843, "MSE_test": 797.2687497281025, "R2_test": -0.03109119301645724, "MAE_test": 21.121046367537108}