{"MSE_train": [848.6639020454884], "R2_train": -0.13120302978157738, "MAE_train": 21.399267655487105, "MSE_test": 867.6612098661484, "R2_test": -0.12212830657177198, "MAE_test": 21.770454701594016}