{"MSE_train": [0.14355663437376], "R2_train": 0.7141449451716836, "MAE_train": 0.3201495451844707, "MSE_test": 0.17466469449044314, "R2_test": 0.6742564667069493, "MAE_test": 0.36525110926143534, "hyperparameters": {"alpha": 0.001, "beta": 0.001}}