{"MSE_train": [2.120970519721214], "R2_train": 0.7087747814237217, "MAE_train": 1.2104143480071712, "MSE_test": 3.0836306775166644, "R2_test": 0.6925908279323054, "MAE_test": 1.5176747755678146}