{"MSE_train": [0.2019495131433592], "R2_train": 0.5978709768170867, "MAE_train": 0.3579468315457345, "MSE_test": 0.26985163516269367, "R2_test": 0.49673615861955034, "MAE_test": 0.46725015306765494, "BATCH_SIZE": 32, "NUM_CORES": 16, "TOLERANCE": 1e-06, "MAX_ITER": 1000, "NUM_QUBITS": 5}