{"MSE_train": [0.2019495131433592], "R2_train": 0.5978709768170867, "MAE_train": 0.3579468315457345, "MSE_test": 0.26985163516269367, "R2_test": 0.49673615861955034, "MAE_test": 0.46725015306765494}