{"MSE_train": [6.417548305642777], "R2_train": 0.11882230768568047, "MAE_train": 1.7629811437136111, "MSE_test": 16.84137610978802, "R2_test": -0.6789278703634922, "MAE_test": 2.941872087241597}