{"MSE_train": [1.4614444728171074], "R2_train": 0.799332672436579, "MAE_train": 0.9206259649811583, "MSE_test": 3.4419714592328665, "R2_test": 0.6568675995221571, "MAE_test": 1.3966197688637163}