{"MSE_train": [3068.863723321175], "R2_train": -3.090556854651763, "MAE_train": 47.43863941749717, "MSE_test": 3194.152138219102, "R2_test": -3.130930931377395, "MAE_test": 48.090462336976614, "BATCH_SIZE": 25, "NUM_CORES": 16, "TOLERANCE": 1e-06, "MAX_ITER": 1000}