{"MSE_train": [0.3111561766540766], "R2_train": 0.3804148005724054, "MAE_train": 0.4491777825383963, "MSE_test": 0.29092229916205303, "R2_test": 0.4574401087795664, "MAE_test": 0.4636844792514285}