{"MSE_train": [0.5955385750059791], "R2_train": -0.18585750323099304, "MAE_train": 0.6635980584595721, "MSE_test": 0.6411878506424824, "R2_test": -0.19579286805604057, "MAE_test": 0.726773534216363}