{"MSE_train": [0.00042716251760939873], "R2_train": -0.09561883191920328, "MAE_train": 0.013928390035985342, "MSE_test": 0.00042560147736227206, "R2_test": -0.09543003092618196, "MAE_test": 0.013928371176059575}