{"MSE_train": [0.8068181713747744], "R2_train": -0.6065649185836195, "MAE_train": 0.7813775702089538, "MSE_test": 0.8397195438844538, "R2_test": -0.5660475174913924, "MAE_test": 0.8460224006888402}