{"MSE_train": [0.5892444023085022], "R2_train": -0.17332432362989025, "MAE_train": 0.6480786093062575, "MSE_test": 0.6842250464686235, "R2_test": -0.2760557298343216, "MAE_test": 0.7358888595160533, "BATCH_SIZE": 32, "NUM_CORES": 16, "TOLERANCE": 1e-06, "MAX_ITER": 1000, "NUM_QUBITS": 5}