{"MSE_train": [56.69639960769639], "R2_train": 0.725324972114938, "MAE_train": 4.6821574885332335, "MSE_test": 68.21126780162588, "R2_test": 0.5888351711238791, "MAE_test": 4.998572948563718, "hyperparameters": {"alpha": 0.001, "beta": 0.001}}