Time,Iteration,Cost,Parameters
Sun Mar 17 05:32:17 2024,0,0.3571482983711257,[-1.79851553  2.23743458 -2.12427961 -0.11653105  0.55388705 -2.770109
  3.06858496  2.18960143  1.18552001 -1.06648311  0.60271513  1.1443244
  1.31029901 -1.87354672]
Sun Mar 17 05:32:34 2024,1,0.3280172182184774,[-1.63925632  2.23743458 -2.12427961 -0.11653105  0.55388705 -2.770109
  3.06858495  2.18960142  1.18552001 -1.06648311  0.60271513  1.1443244
  1.31029901 -1.87354672]
Sun Mar 17 05:32:39 2024,2,0.3262571868100408,[-1.58767014  2.23743458 -2.12427961 -0.11653106  0.55388705 -2.770109
  3.06858495  2.18960142  1.18552001 -1.06648311  0.60271513  1.14432439
  1.31029902 -1.87354671]
Sun Mar 17 05:32:45 2024,3,0.326253872025548,[-1.58981836  2.23743458 -2.12427961 -0.11653106  0.55388705 -2.770109
  3.06858495  2.18960142  1.18552002 -1.06648311  0.60271513  1.1443244
  1.31029902 -1.87354671]
