{"MSE_train": [0.07846553682380167], "R2_train": 0.8437566439980504, "MAE_train": 0.23101761718701294, "MSE_test": 0.09082590657308465, "R2_test": 0.830612867654946, "MAE_test": 0.2619309726728839}