{"MSE_train": [0.2681916963695449], "R2_train": 0.4659671954232687, "MAE_train": 0.42889897157337503, "MSE_test": 0.2597258953938558, "R2_test": 0.5156203083850752, "MAE_test": 0.4686859037780039, "BATCH_SIZE": 32, "NUM_CORES": 16, "TOLERANCE": 1e-06, "MAX_ITER": 1000, "NUM_QUBITS": 5}