{"MSE_train": [0.000828444424407246], "R2_train": -1.124857109792146, "MAE_train": 0.02203163006105968, "MSE_test": 0.0008257737425822009, "R2_test": -1.1254093429870147, "MAE_test": 0.022003085197271448}