{"MSE_train": [206.6985994957776], "R2_train": -0.0013853432167307833, "MAE_train": 12.570108849473945, "MSE_test": 193.76124339760548, "R2_test": -0.16795671817878066, "MAE_test": 12.065264221858929, "hyperparameters": {"alpha": 0.001, "beta": 0.001}}