Time,Iteration,Cost,Parameters
Thu Apr  4 14:55:40 2024,0,0.3335886832996057,[-3.26163071  2.23743463 -2.12427964 -0.11653103  0.55388708 -2.77010898
  3.06858498  2.18960145  1.18551998 -1.06648308]
Thu Apr  4 14:55:55 2024,1,0.32625676533213216,[-3.15860726  2.23743463 -2.12427965 -0.11653103  0.55388708 -2.77010898
  3.06858498  2.18960145  1.18551998 -1.06648309]
Thu Apr  4 14:56:11 2024,2,0.32625387226386154,[-3.16062756  2.23743462 -2.12427964 -0.11653103  0.55388708 -2.77010899
  3.06858498  2.18960145  1.18551998 -1.06648309]
Thu Apr  4 14:56:26 2024,3,0.32625387199613914,[-3.16060831  2.23743462 -2.12427964 -0.11653103  0.55388708 -2.77010899
  3.06858498  2.18960145  1.18551999 -1.06648309]
