{"MSE_train": [0.18084174906676193], "R2_train": 0.9751690665146036, "MAE_train": 0.34341373437967737, "MSE_test": 11.048459144070465, "R2_test": -0.10142816481436334, "MAE_test": 1.7430236639383168, "BATCH_SIZE": 32, "NUM_CORES": 16, "TOLERANCE": 1e-06, "MAX_ITER": 1000, "NUM_QUBITS": 5}