{"MSE_train": [873.3323918449732], "R2_train": -0.1640842096385915, "MAE_train": 21.693961503137324, "MSE_test": 956.264895819677, "R2_test": -0.23671762201482172, "MAE_test": 22.80377834442503}