{"MSE_train": [788.0153364947023], "R2_train": -0.05036320504342262, "MAE_train": 20.58497517866295, "MSE_test": 794.8508560469415, "R2_test": -0.02796418110090748, "MAE_test": 20.890013298724323}