{"MSE_train": [787.9903006766328], "R2_train": -0.05032983424352766, "MAE_train": 20.584643431125542, "MSE_test": 794.8334110804025, "R2_test": -0.02794161988630206, "MAE_test": 20.889812808250337}