{"MSE_train": [754.2860966717305], "R2_train": -0.005404749537051945, "MAE_train": 20.13077797583574, "MSE_test": 777.2604470238473, "R2_test": -0.0052148687373472224, "MAE_test": 20.638199082772296}