{"MSE_train": [762.6051618959192], "R2_train": -0.016493416986994136, "MAE_train": 20.165007299103756, "MSE_test": 775.8469410649254, "R2_test": -0.0033868107004335624, "MAE_test": 20.539912132399934}