{"MSE_train": [759.1959378721272], "R2_train": -0.011949186302004922, "MAE_train": 20.197070467038923, "MSE_test": 775.6784967891616, "R2_test": -0.003168965200640139, "MAE_test": 20.624118678538892}