Time,Iteration,Cost,Parameters
Mon Nov  4 14:46:36 2024,345,0.10904225824250167,[-1.5452749   2.13363551 -2.0890844  -0.16180377  0.72765959 -2.90438627
  3.11681219  2.14024214  1.17602441 -0.99742682  0.54516097  0.98740313
  1.19790718 -1.82564308  0.6915849   2.77654561]
