{"MSE_train": [0.22052701506247113], "R2_train": 0.5608787970210996, "MAE_train": 0.39459200580460735, "MSE_test": 0.3250579389992096, "R2_test": 0.39377833692456343, "MAE_test": 0.4753971064436298}