{"MSE_train": [839.902734253133], "R2_train": -0.11952507396508727, "MAE_train": 22.02502293718064, "MSE_test": 866.0258850560275, "R2_test": -0.12001337480000496, "MAE_test": 22.655238172450574}