{"MSE_train": [0.0005403505212425506], "R2_train": -0.38593201066401317, "MAE_train": 0.018893037728041056, "MSE_test": 0.0005470120913428123, "R2_test": -0.40792150405672034, "MAE_test": 0.01907234907709198}