{"MSE_train": [2530.623933545794], "R2_train": -2.373125042746707, "MAE_train": 42.89728658204405, "MSE_test": 2679.878829495161, "R2_test": -2.4658318921769644, "MAE_test": 44.78137607816251}