{"MSE_train": [760.0900392483784], "R2_train": -0.013140953953850953, "MAE_train": 20.040636321714487, "MSE_test": 774.6000625982057, "R2_test": -0.0017742485546889952, "MAE_test": 20.452557572028976}