{"MSE_train": [758.416439022719], "R2_train": -0.010910174912411863, "MAE_train": 20.21131921854055, "MSE_test": 776.4231430228044, "R2_test": -0.004132000781407408, "MAE_test": 20.65415457151863}