{"MSE_train": [1522.0854196528278], "R2_train": -1.0288215796002533, "MAE_train": 31.581306206841926, "MSE_test": 1668.057742380413, "R2_test": -1.1572645964085675, "MAE_test": 33.32587843112577}