{"MSE_train": [3.5845437072340767], "R2_train": 0.5078151653080585, "MAE_train": 1.2978996671771985, "MSE_test": 3.572787009338186, "R2_test": 0.643826511221712, "MAE_test": 1.5360950321944746, "hyperparameters": {"alpha": 0.001, "beta": 0.001}}