{"MSE_train": [0.6973632296926026], "R2_train": 0.9042467789599535, "MAE_train": 0.583117009407803, "MSE_test": 1.8992105296519894, "R2_test": 0.8106664521275471, "MAE_test": 0.8894862726906133, "BATCH_SIZE": 32, "NUM_CORES": 16, "TOLERANCE": 1e-06, "MAX_ITER": 1000, "NUM_QUBITS": 5}