{"MSE_train": [3.4639029288710206], "R2_train": 0.5243800523356308, "MAE_train": 1.5234729679768577, "MSE_test": 5.944774120553846, "R2_test": 0.4073615547239804, "MAE_test": 1.912405525034877}