{"MSE_train": [8.79652642276263], "R2_train": -0.20782929624018576, "MAE_train": 2.637592894856843, "MSE_test": 10.089151014992407, "R2_test": -0.005794105953855988, "MAE_test": 2.7991798215395973}