{"MSE_train": [0.5020903129070822], "R2_train": 0.0002199859942192406, "MAE_train": 0.618661012148503, "MSE_test": 0.5747962307184354, "R2_test": -0.07197482389891596, "MAE_test": 0.6784682717375621, "BATCH_SIZE": 32, "NUM_CORES": 16, "TOLERANCE": 1e-06, "MAX_ITER": 1000, "NUM_QUBITS": 5}