{"MSE_train": [833.1881138829694], "R2_train": -0.11057500682042054, "MAE_train": 21.573997594201046, "MSE_test": 848.3115268630236, "R2_test": -0.0971037615372572, "MAE_test": 22.09533122148182}