{"MSE_train": [0.5013818885928956], "R2_train": 0.001630625579473688, "MAE_train": 0.6189194399653251, "MSE_test": 0.5686780215676974, "R2_test": -0.06056457827371142, "MAE_test": 0.6766381824164854}