{"MSE_train": [1491.306522450541], "R2_train": -0.9877957015292707, "MAE_train": 32.2488878358082, "MSE_test": 1535.0918580596697, "R2_test": -0.98530256686518, "MAE_test": 33.09143377154396}