{"MSE_train": [2428.751381661031], "R2_train": -2.2373368478371884, "MAE_train": 43.10199763519158, "MSE_test": 2290.2073592588554, "R2_test": -1.961877834944127, "MAE_test": 41.379630540878125}