{"MSE_train": [839.9562937257815], "R2_train": -0.11959646457989659, "MAE_train": 21.91883605868973, "MSE_test": 841.6455923695999, "R2_test": -0.0884828462540006, "MAE_test": 22.241801459238328}