Time,Iteration,Cost,Parameters
Tue Oct 22 15:02:48 2024,0,0.3527858078521873,[-2.89793162  2.24268647 -2.1190278  -0.11127919  0.55913891 -2.76485714
  3.06333315  2.19485328  1.19077182 -1.07173492  0.60796693  1.14957628
  1.30504715 -1.87879863  0.72439897]
