Time,Iteration,Cost,Parameters
Thu Apr  4 13:49:20 2024,0,0.2386209223617829,[-2.9507319   2.1214433  -1.95629025 -0.11653102  0.55388708 -2.77010897
  3.06858498  2.18960145  1.18551998 -1.06648308  0.6027151   1.14432446
  1.31029899 -1.8735468   0.7296508 ]
Thu Apr  4 13:49:26 2024,1,0.2257331896919605,[-2.96082803  1.93638232 -1.8146153  -0.11653101  0.55388708 -2.77010897
  3.06858498  2.18960145  1.18551998 -1.06648308  0.60271511  1.14432446
  1.31029899 -1.8735468   0.72965081]
Thu Apr  4 13:49:32 2024,2,0.21843467931229615,[-2.93293546  1.83493231 -1.83441011 -0.11653101  0.55388708 -2.77010897
  3.06858498  2.18960145  1.18551998 -1.06648308  0.60271511  1.14432446
  1.31029899 -1.8735468   0.72965081]
Thu Apr  4 13:49:39 2024,3,0.20638318781435838,[-2.8813201   1.62297133 -1.89166809 -0.11653101  0.55388708 -2.77010896
  3.06858498  2.18960145  1.18551998 -1.06648307  0.60271511  1.14432446
  1.31029899 -1.8735468   0.72965081]
Thu Apr  4 13:49:45 2024,4,0.19499055861836614,[-2.80480919  1.25373449 -2.03660139 -0.116531    0.55388709 -2.77010895
  3.06858497  2.18960145  1.18551997 -1.06648306  0.60271511  1.14432447
  1.310299   -1.87354679  0.72965082]
Thu Apr  4 13:49:51 2024,5,0.19354975659259954,[-2.7920495   1.14065494 -2.11798913 -0.11653099  0.55388709 -2.77010895
  3.06858497  2.18960145  1.18551997 -1.06648306  0.60271511  1.14432447
  1.310299   -1.8735468   0.72965081]
Thu Apr  4 13:49:57 2024,6,0.19343065707368123,[-2.77907016  1.07921229 -2.13227347 -0.116531    0.55388709 -2.77010895
  3.06858497  2.18960145  1.18551996 -1.06648306  0.60271511  1.14432447
  1.310299   -1.8735468   0.72965082]
Thu Apr  4 13:50:03 2024,7,0.1934254701230168,[-2.78098105  1.08561607 -2.13260312 -0.116531    0.55388709 -2.77010895
  3.06858497  2.18960145  1.18551996 -1.06648306  0.60271511  1.14432447
  1.31029899 -1.8735468   0.72965081]
Thu Apr  4 13:50:09 2024,8,0.19342546718571696,[-2.78096779  1.08566144 -2.13251289 -0.116531    0.55388708 -2.77010895
  3.06858497  2.18960145  1.18551996 -1.06648306  0.60271511  1.14432447
  1.31029899 -1.8735468   0.72965081]
