{"MSE_train": [0.5436678688299603], "R2_train": -0.08257071594587972, "MAE_train": 0.6519463046310652, "MSE_test": 0.5816365845926689, "R2_test": -0.08473184412253953, "MAE_test": 0.6965878625874311}