Time,Iteration,Cost,Parameters
Thu Apr  4 22:16:45 2024,0,0.36427018829657964,[-0.08412707  2.23743432 -2.12427932 -0.11653103  0.55388708]
Thu Apr  4 22:16:51 2024,1,0.29638103323956644,[-1.53299138  2.23743448 -2.12427948 -0.11653102  0.55388708]
Thu Apr  4 22:16:54 2024,2,0.29635343100908734,[-1.5516738   2.23743449 -2.12427948 -0.11653102  0.55388708]
Thu Apr  4 22:16:56 2024,3,0.29635334832035465,[-1.55275446  2.23743449 -2.12427948 -0.11653102  0.55388708]
