{"MSE_train": [0.0006923153022775222], "R2_train": -0.7757028098956023, "MAE_train": 0.01982878967982169, "MSE_test": 0.0006872872918089488, "R2_test": -0.7689674011178333, "MAE_test": 0.01977212384693245}