{"MSE_train": [0.4913715723926167], "R2_train": 0.021563521741063685, "MAE_train": 0.6116209521879317, "MSE_test": 0.5595017459473018, "R2_test": -0.04345114586667109, "MAE_test": 0.6717118601623041}