{"MSE_train": [10.596651063053491], "R2_train": -0.4549999603105934, "MAE_train": 2.9343135416584567, "MSE_test": 16.246628707171727, "R2_test": -0.6196371102991498, "MAE_test": 3.51444233995745, "BATCH_SIZE": 32, "NUM_CORES": 16, "TOLERANCE": 1e-06, "MAX_ITER": 1000, "NUM_QUBITS": 5}