{"MSE_train": [9.714148804982312], "R2_train": -0.33382575698662653, "MAE_train": 2.733818638555344, "MSE_test": 18.122947776747726, "R2_test": -0.8066885934481294, "MAE_test": 3.5524993286726287}