Time,Iteration,Cost,Parameters
Fri Apr  5 05:48:35 2024,0,0.0811879700420659,[-4.61868056  2.23743473 -2.12427945 -0.11653084  0.55388708 -2.77010897
  3.06858498  2.18960145  1.18552018 -1.06648308  0.6027152   1.14432464
  1.31029918 -1.87354651]
Fri Apr  5 05:49:51 2024,1,0.076916548477212,[-4.70465279  2.23743473 -2.12427944 -0.11653083  0.55388708 -2.77010897
  3.06858498  2.18960145  1.18552018 -1.06648308  0.6027152   1.14432465
  1.31029918 -1.8735465 ]
Fri Apr  5 05:50:15 2024,2,0.07691649291046065,[-4.70496488  2.23743473 -2.12427944 -0.11653083  0.55388708 -2.77010897
  3.06858498  2.18960145  1.18552018 -1.06648308  0.6027152   1.14432465
  1.31029918 -1.8735465 ]
