{"MSE_train": [771.4986321326301], "R2_train": -0.013749333735935787, "MAE_train": 20.68804153015132, "MSE_test": 797.3646139482677, "R2_test": -0.03121517223070769, "MAE_test": 21.290696106512936}