{"MSE_train": [760.9733082324844], "R2_train": -0.01431828286877801, "MAE_train": 20.349183509458182, "MSE_test": 796.1915409738656, "R2_test": -0.02969806120248264, "MAE_test": 21.150681443827455}