{"MSE_train": [758.1926568280359], "R2_train": -0.010611890637533872, "MAE_train": 20.192966635423694, "MSE_test": 776.4095302252648, "R2_test": -0.004114395631750867, "MAE_test": 20.641780227644386}