{"MSE_train": [750.3170745843537], "R2_train": -0.0001143515365134018, "MAE_train": 20.066655756876248, "MSE_test": 777.3612763560856, "R2_test": -0.005345269228403948, "MAE_test": 20.646395777073852}