{"MSE_train": [83.68977430417019], "R2_train": 0.5945511311167633, "MAE_train": 5.982183227757033, "MSE_test": 95.09583225659658, "R2_test": 0.426780019536833, "MAE_test": 6.352151224726201}