{"MSE_train": [37.87916940421424], "R2_train": 0.8164881370888116, "MAE_train": 3.6431527959496064, "MSE_test": 62.914678062491625, "R2_test": 0.6207620284292089, "MAE_test": 4.496118331240552, "BATCH_SIZE": 32, "NUM_CORES": 16, "TOLERANCE": 1e-06, "MAX_ITER": 500, "NUM_QUBITS": 5}