{"MSE_train": [157.65672983854284], "R2_train": 0.2362060560404442, "MAE_train": 11.006682854731034, "MSE_test": 162.7034770673768, "R2_test": 0.019253717721351538, "MAE_test": 11.178667328859971, "MAX_ITER": 1000}