{"MSE_train": [157.50335649178652], "R2_train": 0.23694909843094192, "MAE_train": 11.005333627750089, "MSE_test": 162.60193949062526, "R2_test": 0.01986576733888623, "MAE_test": 11.177556736260435}