{"MSE_train": [2.6651334351558154], "R2_train": 0.6340571167909398, "MAE_train": 1.2698182841234424, "MSE_test": 11.895648223594854, "R2_test": -0.18588500182154966, "MAE_test": 2.371876961160308}