{"MSE_train": [2018.7892475693436], "R2_train": -1.6908891822036138, "MAE_train": 37.423817691914046, "MSE_test": 2028.0901562092145, "R2_test": -1.622887074683221, "MAE_test": 38.13888327691183}