{"MSE_train": [69.07289976469427], "R2_train": 0.6653649826047506, "MAE_train": 6.576010764366143, "MSE_test": 90.07316844429931, "R2_test": 0.4570557023300542, "MAE_test": 6.730344982967308}