{"MSE_train": [73.48739741982244], "R2_train": 0.6439782230413396, "MAE_train": 6.956601896081509, "MSE_test": 85.87743786401965, "R2_test": 0.48234678548464516, "MAE_test": 6.86952477567399, "MAX_ITER": 1000}