{"MSE_train": [0.14314933745768613], "R2_train": 0.7149559692165395, "MAE_train": 0.3188457934605105, "MSE_test": 0.1796554069560862, "R2_test": 0.6649489628811134, "MAE_test": 0.3691462339296167}