{"MSE_train": [745.9164986498974], "R2_train": 0.00575127420512922, "MAE_train": 20.641284146761965, "MSE_test": 773.2017836145131, "R2_test": 3.411674993003544e-05, "MAE_test": 21.16134016858855}