{"MSE_train": [657.6180933372198], "R2_train": 0.1234461866125488, "MAE_train": 19.272957669740453, "MSE_test": 678.7906357757275, "R2_test": 0.12213410259829716, "MAE_test": 19.5819558622422}