{"MSE_train": [9.132919621558944], "R2_train": 0.9557540695867538, "MAE_train": 2.474932800258577, "MSE_test": 11.576037229717347, "R2_test": 0.930221801763566, "MAE_test": 3.1163323603144626}