{"MSE_train": [139.6480842436312], "R2_train": 0.32345189995965984, "MAE_train": 10.029299474492865, "MSE_test": 283.16049450072796, "R2_test": -0.7068387675253633, "MAE_test": 12.712466738979643}