{"MSE_train": [206.02170469742114], "R2_train": 0.0018939849046367696, "MAE_train": 12.55891893156201, "MSE_test": 189.2787233383273, "R2_test": -0.14093692141342906, "MAE_test": 11.968865484950134}