{"MSE_train": [1.9461573189844708], "R2_train": 0.7327779498417668, "MAE_train": 1.188567820446727, "MSE_test": 18.265940014866523, "R2_test": -0.8209435837920467, "MAE_test": 2.724547588465804}