{"MSE_train": [1476.3804509366432], "R2_train": -0.9679004081409668, "MAE_train": 29.037551224976674, "MSE_test": 1456.2363554195151, "R2_test": -0.8833203753884944, "MAE_test": 29.221659126347006, "BATCH_SIZE": 25, "NUM_CORES": 16, "TOLERANCE": 1e-06, "MAX_ITER": 1000}