{"MSE_train": [810.9999999836659], "R2_train": -0.08099997528256964, "MAE_train": 21.523136447143802, "MSE_test": 821.3182759029864, "R2_test": -0.06219394807063239, "MAE_test": 21.658162005454347}