{"MSE_train": [0.12840906543731528], "R2_train": 0.7443073209318286, "MAE_train": 0.30797812442230593, "MSE_test": 0.133292414442783, "R2_test": 0.7514143189130331, "MAE_test": 0.331238844493385}