{"MSE_train": [1328.7803348857562], "R2_train": -0.7711609237933386, "MAE_train": 29.649648319982322, "MSE_test": 1341.8003359232162, "R2_test": -0.7353226369762791, "MAE_test": 29.97883626591857}