{"MSE_train": [960.5125124500826], "R2_train": -0.2802885354353273, "MAE_train": 24.007587756761566, "MSE_test": 985.7540196265378, "R2_test": -0.2748552962399755, "MAE_test": 24.503441611651084}