{"MSE_train": [764.2923295384161], "R2_train": -0.018742280340722006, "MAE_train": 20.369122831866463, "MSE_test": 785.337867881225, "R2_test": -0.015661230157094197, "MAE_test": 20.823803996065788}