{"MSE_train": [1.1529609315669709], "R2_train": 0.8416897848492325, "MAE_train": 0.6999503730949701, "MSE_test": 2.665267766108411, "R2_test": 0.7342977019615304, "MAE_test": 1.1051364132492716}