{"MSE_train": [1.1529609315669709], "R2_train": 0.8416897848492325, "MAE_train": 0.6999503730949701, "MSE_test": 2.665267766108411, "R2_test": 0.7342977019615304, "MAE_test": 1.1051364132492716, "BATCH_SIZE": 32, "NUM_CORES": 16, "TOLERANCE": 1e-06, "MAX_ITER": 1000, "NUM_QUBITS": 5}