{"MSE_train": [1.0160495305169737], "R2_train": 0.8604887508535364, "MAE_train": 0.6830748825651888, "MSE_test": 2.4284267682663865, "R2_test": 0.7579085369389983, "MAE_test": 0.9727919330064771}