Time,Iteration,Cost,Parameters
Sun Mar 17 13:08:30 2024,0,0.34021318343595736,[-1.73750488  2.23743464 -2.12427959 -0.11653093  0.55388708 -2.77010897
  3.06858498  2.18960155  1.18552009 -1.06648308  0.6027151   1.1443245
  1.31029899 -1.87354675  0.72965085  2.88578424 -0.54534335 -0.4752248
 -2.0265424   0.7289737   1.60512664  2.83077102 -1.2645671  -0.25136105
 -2.39279218 -2.27309774  3.13337155  2.54856958 -0.67550787 -2.69002202]
