{"MSE_train": [1083.2452643110541], "R2_train": -0.4438817558184889, "MAE_train": 25.2999893590107, "MSE_test": 1151.8402915491718, "R2_test": -0.489651238409748, "MAE_test": 26.454119333906085}