{"MSE_train": [0.20115286114362138], "R2_train": 0.5994572984946431, "MAE_train": 0.38103210307321234, "MSE_test": 0.21157448965668188, "R2_test": 0.6054209923963053, "MAE_test": 0.39608309477095344, "hyperparameters": {"alpha": 0.001, "beta": 0.001}}