Time,Iteration,Cost,Parameters
Thu Apr  4 22:34:01 2024,0,0.5086763804480221,[-1.6112105   2.23743464 -2.1242793  -0.11653086  0.55388725 -2.77010897
  3.06858498  2.18960145  1.18552032 -1.06648308  0.6027151   1.14432462
  1.31029915 -1.8735463 ]
Thu Apr  4 22:34:51 2024,1,0.5085280298638957,[-1.59252006  2.23743464 -2.12427929 -0.11653086  0.55388725 -2.77010897
  3.06858498  2.18960145  1.18552033 -1.06648308  0.6027151   1.14432462
  1.31029916 -1.87354629]
Thu Apr  4 22:35:15 2024,2,0.5085274558969919,[-1.59128207  2.23743464 -2.12427929 -0.11653086  0.55388725 -2.77010897
  3.06858497  2.18960145  1.18552033 -1.06648308  0.6027151   1.14432462
  1.31029916 -1.87354629]
