Time,Iteration,Cost,Parameters
Mon Apr  1 19:39:42 2024,0,0.2812972492134995,[-3.74854917  2.23743464 -2.12427964 -0.11653103  0.55388708 -2.77010897
  3.06858498  2.18960145  1.18551998 -1.06648308]
Mon Apr  1 19:39:57 2024,1,0.257614075401767,[-3.57621019  2.23743464 -2.12427964 -0.11653103  0.55388708 -2.77010897
  3.06858498  2.18960145  1.18551998 -1.06648308]
Mon Apr  1 19:40:13 2024,2,0.25662960511413113,[-3.52617204  2.23743464 -2.12427964 -0.11653103  0.55388708 -2.77010897
  3.06858498  2.18960146  1.18551999 -1.06648309]
Mon Apr  1 19:40:29 2024,3,0.25658814258154794,[-3.53470279  2.23743463 -2.12427965 -0.11653103  0.55388708 -2.77010898
  3.06858497  2.18960145  1.18551998 -1.06648309]
Mon Apr  1 19:40:44 2024,4,0.256588111697678,[-3.53447701  2.23743463 -2.12427965 -0.11653104  0.55388708 -2.77010899
  3.06858497  2.18960144  1.18551998 -1.06648309]
