{"MSE_train": [0.06977475894156553], "R2_train": 0.8610620287255808, "MAE_train": 0.21697918220644938, "MSE_test": 0.0973193363595574, "R2_test": 0.8185028486954378, "MAE_test": 0.2707079049680107, "hyperparameters": {"alpha": 0.001, "beta": 0.001}}