{"MSE_train": [0.11903410820798925], "R2_train": 0.7629750678074265, "MAE_train": 0.2837797631784459, "MSE_test": 0.13352016249748858, "R2_test": 0.7509895767734907, "MAE_test": 0.3185602232849342}