{"MSE_train": [193.24510235504033], "R2_train": 0.06379233522234207, "MAE_train": 12.576626105621372, "MSE_test": 169.18972248710836, "R2_test": -0.019844162643641194, "MAE_test": 11.37099599494738, "hyperparameters": {"alpha": 0.001, "beta": 0.001}}