{"MSE_train": [0.05951322257547951], "R2_train": 0.881495163378997, "MAE_train": 0.20331538164481003, "MSE_test": 0.08515198255659776, "R2_test": 0.8411945370767986, "MAE_test": 0.269793638223915, "BATCH_SIZE": 32, "NUM_CORES": 16, "TOLERANCE": 1e-06, "MAX_ITER": 1000, "NUM_QUBITS": 5}