{"MSE_train": [785.4799164688776], "R2_train": -0.04698368718238366, "MAE_train": 20.941878799619822, "MSE_test": 791.236073189013, "R2_test": -0.023289257154938126, "MAE_test": 21.212027667079266}