{"MSE_train": [33.80481932693365], "R2_train": 0.8362269957964928, "MAE_train": 4.281238878246925, "MSE_test": 39.46734444064715, "R2_test": 0.7620981921883174, "MAE_test": 4.145503937538271, "hyperparameters": {"alpha": 0.001, "beta": 0.001}}