{"MSE_train": [0.365548641373497], "R2_train": 0.2721065983604761, "MAE_train": 0.512621361556057, "MSE_test": 0.4705875020970881, "R2_test": 0.12237080250328569, "MAE_test": 0.5961390773623795}