Time,Iteration,Cost,Parameters
Mon Apr  1 18:34:31 2024,0,0.153531559889871,[-2.48134659  2.23743464 -2.12427964 -0.11653103  0.55388708 -2.77010897
  3.06858498  2.18960142  1.18551998 -1.06648312  0.60271507  1.14432445
  1.31029895 -1.87354682  0.72965077  2.88578416 -0.54534335 -0.47522485
 -2.0265424   0.7289737 ]
Mon Apr  1 18:34:48 2024,1,0.15321729931362701,[-2.43640215  2.23743464 -2.12427964 -0.11653103  0.55388708 -2.77010897
  3.06858498  2.18960141  1.18551999 -1.06648312  0.60271506  1.14432445
  1.31029895 -1.87354682  0.72965077  2.88578416 -0.54534335 -0.47522485
 -2.0265424   0.7289737 ]
Mon Apr  1 18:34:55 2024,2,0.15321647418089634,[-2.43383881  2.23743463 -2.12427964 -0.11653103  0.55388708 -2.77010897
  3.06858498  2.18960141  1.18551998 -1.06648312  0.60271506  1.14432445
  1.31029895 -1.87354682  0.72965077  2.88578415 -0.54534335 -0.47522485
 -2.0265424   0.7289737 ]
Mon Apr  1 18:35:03 2024,3,0.1532164686944963,[-2.43403198  2.23743463 -2.12427964 -0.11653103  0.55388708 -2.77010898
  3.06858498  2.18960141  1.18551999 -1.06648312  0.60271506  1.14432445
  1.31029895 -1.87354682  0.72965077  2.88578415 -0.54534335 -0.47522485
 -2.0265424   0.7289737 ]
