{"MSE_train": [0.48121553357615277], "R2_train": 0.04178658593717899, "MAE_train": 0.6072325814879396, "MSE_test": 0.5200802622493162, "R2_test": 0.030068539521945548, "MAE_test": 0.6549732736496245}