{"MSE_train": [747.0088880630593], "R2_train": 0.004295204009505671, "MAE_train": 20.047634051419948, "MSE_test": 769.5351477787622, "R2_test": 0.004776101080221196, "MAE_test": 20.556061370668495}