{"MSE_train": [670.1840470798783], "R2_train": 0.10669674680306762, "MAE_train": 19.305308689861988, "MSE_test": 687.4308291027946, "R2_test": 0.11095991917703962, "MAE_test": 19.628510438912073}