Time,Iteration,Cost,Parameters
Mon Apr  1 16:27:10 2024,0,0.452399591028554,[-0.21341634  2.23743503 -2.12427924 -0.11653083  0.55388688]
Mon Apr  1 16:27:16 2024,1,0.3602985392982091,[-1.62025379  2.23743483 -2.12427945 -0.11653093  0.55388699]
Mon Apr  1 16:27:20 2024,2,0.3593966281485298,[-1.5308153   2.23743484 -2.12427943 -0.11653092  0.55388698]
Mon Apr  1 16:27:22 2024,3,0.35939586700616083,[-1.52813934  2.23743484 -2.12427943 -0.11653092  0.55388698]
