{"MSE_train": [5.169199492426576], "R2_train": 0.9749569633248285, "MAE_train": 1.813889998882448, "MSE_test": 8.604974196529039, "R2_test": 0.9481308168426248, "MAE_test": 2.5216577835769813}