Time,Iteration,Cost,Parameters
Thu Jan  9 12:43:46 2025,1890,0.01452306725344785,[-2.6607502   2.00754817 -2.10480683  0.07199538  0.30812502 -2.95769256
  3.15870147  2.39978195  0.94434021 -1.1309179   1.17039074  1.13026818
  1.29384657 -2.09949449  0.64131503  2.86403454 -1.23172215 -0.62660595
 -2.2207576   0.56814288  1.5594903   3.02684765 -0.74696381 -0.18220113
 -2.04218729 -2.41262098  2.64466621  2.84944755 -0.13279728 -2.83991213
  1.3907998  -0.0513911  -2.36619892  1.6976212   0.89556355 -0.98237098
  0.76627969 -1.95796533 -0.13550746  2.77504528  0.0956133   1.01845997
  2.87684731  1.31505603  2.74057549]
