{"MSE_train": [7.907791887720167e-05], "R2_train": 0.7971749544044383, "MAE_train": 0.005990367889660345, "MSE_test": 7.78044722275044e-05, "R2_test": 0.7997437510165804, "MAE_test": 0.005934124941203371}