Time,Iteration,Cost,Parameters
Mon Jan 13 10:19:44 2025,2015,0.013975843902406356,[-2.65552906  1.98608064 -2.07889109  0.05180334  0.2994516  -2.94013824
  3.15134569  2.4104283   0.94943898 -1.13147343  1.2098312   1.12372637
  1.30120344 -2.11185098  0.65838445  2.86368388 -1.26609754 -0.63807838
 -2.22650998  0.57452044  1.56495503  3.01944296 -0.72958737 -0.17245327
 -2.03106044 -2.40999512  2.64030704  2.85881971 -0.12426893 -2.84388352
  1.38440066 -0.05229843 -2.34365855  1.71444371  0.90530476 -0.97873429
  0.76485539 -1.94276707 -0.11858068  2.78456741  0.10598781  1.03723842
  2.86649314  1.3104998   2.77306694]
