{"MSE_train": [0.4650520918571915], "R2_train": 0.07397180356187216, "MAE_train": 0.5847732469483289, "MSE_test": 0.6122178922734904, "R2_test": -0.14176491108397848, "MAE_test": 0.67147400243978}