{"MSE_train": [2.318616562950484], "R2_train": 0.681636491850632, "MAE_train": 0.8844478795257297, "MSE_test": 1.7030206040781537, "R2_test": 0.8302247549516859, "MAE_test": 0.9829235975650154}