{"MSE_train": [1013.4342729565934], "R2_train": -0.3508291295174488, "MAE_train": 24.255912227774783, "MSE_test": 1028.69051603788, "R2_test": -0.33038417947265697, "MAE_test": 25.16550520598563}