{"MSE_train": [8.64197046586314], "R2_train": -0.18660759989325282, "MAE_train": 2.6225380704549037, "MSE_test": 11.064057909766284, "R2_test": -0.10298321603459937, "MAE_test": 2.855210348637699}