{"MSE_train": [6.417448714775892], "R2_train": 0.11883598226140268, "MAE_train": 1.7623475439041427, "MSE_test": 16.786480617855197, "R2_test": -0.6734553026372863, "MAE_test": 2.9410088287624054, "hyperparameters": {"alpha": 0.001, "beta": 0.001}}