{"MSE_train": [3.454595848135129], "R2_train": 0.5256579845824088, "MAE_train": 1.5213880405783768, "MSE_test": 5.946502031703394, "R2_test": 0.4071892981240697, "MAE_test": 1.9143065474966279}