{"MSE_train": [127.16369256749886], "R2_train": 0.38393458766994226, "MAE_train": 8.257700455178968, "MSE_test": 123.37230060003466, "R2_test": 0.2563347303294441, "MAE_test": 7.457601822238405}