{"MSE_train": [2.121001027855808], "R2_train": 0.7087705924271831, "MAE_train": 1.2093217104777454, "MSE_test": 3.0901646122892186, "R2_test": 0.6919394556738114, "MAE_test": 1.5188225746939665}