{"MSE_train": [2.1218943899438423], "R2_train": 0.7086479270874547, "MAE_train": 1.2044273959208924, "MSE_test": 3.1203751330271094, "R2_test": 0.6889277489751195, "MAE_test": 1.5240214101204403}