{"MSE_train": [2.3552393379232606], "R2_train": 0.9885896558635754, "MAE_train": 1.1430266102122637, "MSE_test": 1.7887637687366147, "R2_test": 0.9892176648730334, "MAE_test": 1.1601218806069673, "hyperparameters": {"alpha": 0.001, "beta": 0.001}}