{"MSE_train": [2.355239337800521], "R2_train": 0.98858965586417, "MAE_train": 1.1430266094930457, "MSE_test": 1.7887637550606186, "R2_test": 0.9892176649554698, "MAE_test": 1.1601218768467985, "hyperparameters": {"alpha": 0.001, "beta": 0.001}}