{"MSE_train": [0.2005899481955417], "R2_train": 0.6005781906940098, "MAE_train": 0.38019027623581136, "MSE_test": 0.21636854005497158, "R2_test": 0.5964802564331523, "MAE_test": 0.40089670203459243}