{"MSE_train": [1.3118345807651743], "R2_train": 0.8198752368470097, "MAE_train": 1.049392142297083, "MSE_test": 11.937824922230227, "R2_test": -0.1900896246716799, "MAE_test": 2.3538775046714746, "BATCH_SIZE": 32, "NUM_CORES": 16, "TOLERANCE": 1e-06, "MAX_ITER": 1000, "NUM_QUBITS": 5}