{"MSE_train": [0.22542628061012665], "R2_train": 0.5511232059412943, "MAE_train": 0.40573693476213035, "MSE_test": 0.20674892681965576, "R2_test": 0.6144204979532026, "MAE_test": 0.4058775706372594}