{"MSE_train": [0.0004236038131541183], "R2_train": -0.08649119675060168, "MAE_train": 0.012369275479962442, "MSE_test": 0.000423214104529875, "R2_test": -0.08928531565913667, "MAE_test": 0.012366934337325369}