{"MSE_train": [0.3543924978689394], "R2_train": 0.2943211064330532, "MAE_train": 0.5061650485888002, "MSE_test": 0.40693083506728617, "R2_test": 0.24108825537170997, "MAE_test": 0.540229617512613, "BATCH_SIZE": 32, "NUM_CORES": 16, "TOLERANCE": 1e-06, "MAX_ITER": 1000, "NUM_QUBITS": 5}