{"MSE_train": [808.8536151281795], "R2_train": -0.07813901107076382, "MAE_train": 20.81598760057742, "MSE_test": 824.2955766078397, "R2_test": -0.06604442952595457, "MAE_test": 21.18341981418107}