{"MSE_train": [0.00039247498095189233], "R2_train": -0.00664960632436018, "MAE_train": 0.011979300652654882, "MSE_test": 0.0003909302224462962, "R2_test": -0.006191774329322497, "MAE_test": 0.011977217330592978}