{"MSE_train": [854.0214167531572], "R2_train": -0.13834418054197517, "MAE_train": 22.872700424571104, "MSE_test": 921.2395386878684, "R2_test": -0.19142005167460674, "MAE_test": 24.041176244453688}