{"MSE_train": [0.09921280123665718], "R2_train": 0.9863773355371728, "MAE_train": 0.2431852702010413, "MSE_test": 6.226995370303312, "R2_test": 0.37922673256192374, "MAE_test": 1.3210252689311472}