{"MSE_train": [0.6217518196474886], "R2_train": 0.9146287947458888, "MAE_train": 0.5994036444814832, "MSE_test": 1.0762456093443966, "R2_test": 0.8927083667566527, "MAE_test": 0.6118945693196166, "BATCH_SIZE": 32, "NUM_CORES": 16, "TOLERANCE": 1e-06, "MAX_ITER": 1000, "NUM_QUBITS": 5}