{"MSE_train": [3.3761359659449965], "R2_train": 0.5364311170365523, "MAE_train": 1.2633489280713133, "MSE_test": 7.35164377090306, "R2_test": 0.2671097931967825, "MAE_test": 1.939042145085678}