{"MSE_train": [680.6626925779381], "R2_train": 0.09272952667405954, "MAE_train": 19.794321853914838, "MSE_test": 699.6787733870882, "R2_test": 0.09511990602162845, "MAE_test": 20.313832737888042, "BATCH_SIZE": 25, "NUM_CORES": 16}