{"MSE_train": [1.4260150082567393], "R2_train": 0.8041974046262513, "MAE_train": 0.6956819314175833, "MSE_test": 6.660210612150735, "R2_test": 0.33603921993454533, "MAE_test": 1.496415640892042}