{"MSE_train": [2.5213525679335973], "R2_train": 0.6537993122125816, "MAE_train": 1.0300594617212027, "MSE_test": 5.291919728770365, "R2_test": 0.4724450387878185, "MAE_test": 1.5623921414446265}