{"MSE_train": [0.3111561766540767], "R2_train": 0.3804148005724052, "MAE_train": 0.4491777825383963, "MSE_test": 0.2909222991620529, "R2_test": 0.45744010877956665, "MAE_test": 0.4636844792514284}