{"MSE_train": [0.6451824608535057], "R2_train": -0.2847101670088874, "MAE_train": 0.7298633092228609, "MSE_test": 0.5293437800649767, "R2_test": 0.01279240347854238, "MAE_test": 0.6616030704489579}