{"MSE_train": [0.0009804032057963937], "R2_train": -1.5146125206769616, "MAE_train": 0.024525307746215454, "MSE_test": 0.0009670287137028205, "R2_test": -1.4889770127754982, "MAE_test": 0.02433849083645574}