Time,Iteration,Cost,Parameters
Sat Mar 16 23:30:41 2024,0,0.5309656487563855,[-3.27250176  2.44542068 -1.69035409 -0.11653101  0.55388708 -2.77010897
  3.06858498  2.18960145  1.18552    -1.06648308  0.60271512  1.14432445
  1.310299   -1.8735468   0.7296508 ]
Sat Mar 16 23:30:45 2024,1,0.48941459998992587,[-3.42104816  2.68377874 -1.53041474 -0.11653101  0.55388708 -2.77010898
  3.06858498  2.18960145  1.18552    -1.06648308  0.60271512  1.14432445
  1.310299   -1.8735468   0.7296508 ]
Sat Mar 16 23:30:49 2024,2,0.19609662009201148,[-3.38434556  4.1641773  -1.50787961 -0.11653098  0.55388708 -2.77010898
  3.06858498  2.18960148  1.18552002 -1.06648308  0.60271514  1.14432445
  1.31029903 -1.8735468   0.7296508 ]
Sat Mar 16 23:30:51 2024,3,0.1746400033311759,[-3.36579513  4.61935875 -1.60092606 -0.11653098  0.55388708 -2.77010898
  3.06858498  2.18960149  1.18552003 -1.06648308  0.60271515  1.14432445
  1.31029903 -1.8735468   0.72965081]
Sat Mar 16 23:30:53 2024,4,0.17438090035954848,[-3.3642884   4.63060125 -1.5842352  -0.11653098  0.55388708 -2.77010898
  3.06858498  2.18960149  1.18552003 -1.06648308  0.60271515  1.14432445
  1.31029903 -1.8735468   0.72965081]
Sat Mar 16 23:30:55 2024,5,0.17420450005728344,[-3.36324476  4.67604128 -1.5626148  -0.11653098  0.55388709 -2.77010898
  3.06858498  2.18960149  1.18552003 -1.06648308  0.60271516  1.14432446
  1.31029904 -1.8735468   0.72965081]
Sat Mar 16 23:30:57 2024,6,0.17417716838597197,[-3.36362246  4.70169475 -1.55722109 -0.11653098  0.55388709 -2.77010898
  3.06858499  2.18960149  1.18552003 -1.06648308  0.60271516  1.14432446
  1.31029904 -1.8735468   0.72965081]
Sat Mar 16 23:30:59 2024,7,0.1741745340973432,[-3.36400414  4.70933944 -1.55700682 -0.11653098  0.55388709 -2.77010898
  3.06858499  2.18960149  1.18552003 -1.06648308  0.60271516  1.14432446
  1.31029904 -1.8735468   0.72965081]
Sat Mar 16 23:31:01 2024,8,0.1741745119505994,[-3.36404555  4.70936785 -1.55721527 -0.11653098  0.55388709 -2.77010898
  3.06858499  2.18960149  1.18552003 -1.06648308  0.60271516  1.14432446
  1.31029904 -1.8735468   0.72965081]
Sat Mar 16 23:31:03 2024,9,0.17417451181001606,[-3.36404759  4.70932394 -1.55723889 -0.11653098  0.55388709 -2.77010898
  3.06858499  2.18960149  1.18552003 -1.06648308  0.60271516  1.14432446
  1.31029904 -1.8735468   0.72965081]
