{"MSE_train": [0.19980580451951443], "R2_train": 0.6021396053543762, "MAE_train": 0.37651595238681335, "MSE_test": 0.22711279759303657, "R2_test": 0.5764425927068331, "MAE_test": 0.4087602832635902}