{"MSE_train": [208.74073649739057], "R2_train": -0.011278811615860196, "MAE_train": 12.342250244098235, "MSE_test": 150.20191897358032, "R2_test": 0.09461078349631424, "MAE_test": 10.372974180298584}