{"MSE_train": [21.35147545516269], "R2_train": 0.8965592673147819, "MAE_train": 3.2124188131045854, "MSE_test": 14.219366443577744, "R2_test": 0.9142883051594426, "MAE_test": 2.906825483568851}