{"MSE_train": [8.716201773529182], "R2_train": -0.19680011723342195, "MAE_train": 2.62464715722095, "MSE_test": 12.329481566770424, "R2_test": -0.22913413337720168, "MAE_test": 2.9703978230455568}