{"MSE_train": [0.12999059159954524], "R2_train": 0.7411581300233847, "MAE_train": 0.29797524340506276, "MSE_test": 0.17541620959886278, "R2_test": 0.6728549173700675, "MAE_test": 0.36241823368989917}