{"MSE_train": [167.46521554474992], "R2_train": 0.18868723467780968, "MAE_train": 10.665925995633238, "MSE_test": 168.95644742650802, "R2_test": -0.018438023988488927, "MAE_test": 10.18845733774352}