{"MSE_train": [2.1214973011487843], "R2_train": 0.7087024503682169, "MAE_train": 1.2149736994066789, "MSE_test": 3.0571792575404118, "R2_test": 0.6952277874016097, "MAE_test": 1.5129347232043593}