{"MSE_train": [2.121001027855808], "R2_train": 0.7087705924271831, "MAE_train": 1.2093217104777454, "MSE_test": 3.0901646122892177, "R2_test": 0.6919394556738115, "MAE_test": 1.5188225746939668, "BATCH_SIZE": 32, "NUM_CORES": 16, "TOLERANCE": 1e-06, "MAX_ITER": 1000, "NUM_QUBITS": 5}