{"MSE_train": [0.1431493374576861], "R2_train": 0.7149559692165395, "MAE_train": 0.31884579346051045, "MSE_test": 0.17965540695608612, "R2_test": 0.6649489628811136, "MAE_test": 0.3691462339296166}