{"MSE_train": [0.5000601568360715], "R2_train": 0.004262504666521338, "MAE_train": 0.6161618052882015, "MSE_test": 0.540210547345084, "R2_test": -0.007473736622765514, "MAE_test": 0.66465500320935}