{"MSE_train": [761.361987443072], "R2_train": -0.014836362051326102, "MAE_train": 20.160195538223935, "MSE_test": 775.6306666970395, "R2_test": -0.003107107531234332, "MAE_test": 20.553690035979614, "BATCH_SIZE": 25, "NUM_CORES": 16, "TOLERANCE": 1e-06, "MAX_ITER": 1000}