{"MSE_train": [1822.3858413362768], "R2_train": -1.4290987046602925, "MAE_train": 35.6361043973398, "MSE_test": 1823.2409134026313, "R2_test": -1.3579597835709194, "MAE_test": 36.14769837127178}