{"MSE_train": [8.697699994796377], "R2_train": -0.1942596837359214, "MAE_train": 2.6235920825807613, "MSE_test": 10.022585497942986, "R2_test": 0.000841854258117336, "MAE_test": 2.7664759642894206}