{"MSE_train": [88.96828412245377], "R2_train": 0.5689785225991, "MAE_train": 8.174380079045916, "MSE_test": 109.52843182897655, "R2_test": 0.3397829950764001, "MAE_test": 8.957302194343487}