{"MSE_train": [96.07411353926516], "R2_train": 0.5345531639041148, "MAE_train": 8.567487672194584, "MSE_test": 115.19255325942916, "R2_test": 0.3056407251297607, "MAE_test": 9.332923411201909}