{"MSE_train": [155.2617567997628], "R2_train": 0.24780889662225747, "MAE_train": 9.496224996134274, "MSE_test": 142.92362882829593, "R2_test": 0.13848296207536825, "MAE_test": 8.495220081599872}