Time,Iteration,Cost,Parameters
Thu Apr  4 22:11:38 2024,0,0.08235582728282925,[-0.32294603  2.23743464 -2.12427964 -0.11653118  0.55388708]
Thu Apr  4 22:11:42 2024,1,0.07595617754123113,[ 0.00390564  2.23743463 -2.12427964 -0.1165312   0.55388708]
Thu Apr  4 22:11:44 2024,2,0.0759552771668528,[ 2.52682708e-04  2.23743464e+00 -2.12427964e+00 -1.16531202e-01
  5.53887079e-01]
Thu Apr  4 22:11:46 2024,3,0.07595527338234748,[-6.41597239e-10  2.23743464e+00 -2.12427964e+00 -1.16531202e-01
  5.53887079e-01]
