{"MSE_train": [6.049099613221796], "R2_train": 0.1694130867590964, "MAE_train": 2.0266832607365615, "MSE_test": 9.820183467894628, "R2_test": 0.021019445866491626, "MAE_test": 2.757788169462818, "hyperparameters": {"alpha": 0.001, "beta": 0.001}}