{"ridge": {"MSE_train": [534.6514537973811], "R2_train": 0.26798044113656283, "MAE_train": 17.076189942614775, "MSE_test": 626.5488591909049, "R2_test": 0.265100005295433, "MAE_test": 18.49016604306058}, "lasso": {"MSE_train": [537.4829874014957], "R2_train": 0.2641036388477648, "MAE_train": 17.005472490702974, "MSE_test": 630.8941178774327, "R2_test": 0.2600033068674078, "MAE_test": 18.49174456788033}, "elastic": {"MSE_train": [535.2252301638796], "R2_train": 0.2671948535921781, "MAE_train": 17.033812233375123, "MSE_test": 628.0181270909043, "R2_test": 0.26337665211061767, "MAE_test": 18.474760377932185}, "knn": {"MSE_train": [9.993567175105916], "R2_train": 0.9863172790739936, "MAE_train": 0.8389619390743969, "MSE_test": 267.14515535780447, "R2_test": 0.6866565625682794, "MAE_test": 10.57758075492941}, "rfr": {"MSE_train": [42.01618327364805], "R2_train": 0.9424734231495101, "MAE_train": 4.1552755658155665, "MSE_test": 186.74748048857518, "R2_test": 0.7809576692879607, "MAE_test": 9.048575146614981}, "grad": {"MSE_train": [36.437346959351004], "R2_train": 0.9501117027590719, "MAE_train": 4.184563909971824, "MSE_test": 193.32955884942822, "R2_test": 0.7732373306717792, "MAE_test": 9.281244622941076}, "svr": {"MSE_train": [226.0311942378926], "R2_train": 0.6905287474293436, "MAE_train": 10.773366100492169, "MSE_test": 291.44942302706266, "R2_test": 0.6581492787077656, "MAE_test": 12.314535426487893}, "krr": {"MSE_train": [51.18389433966052], "R2_train": 0.9299214254645414, "MAE_train": 4.525800046287792, "MSE_test": 203.32376937594182, "R2_test": 0.7615147887578162, "MAE_test": 9.656020768517092}, "gpr": {"MSE_train": [64.96122525125988], "R2_train": 0.911058153655228, "MAE_train": 5.180409635211612, "MSE_test": 201.34709530120045, "R2_test": 0.7638332955202991, "MAE_test": 9.695346080814373}}