{"MSE_train": [0.0012204243656107577], "R2_train": -2.1302370006135876, "MAE_train": 0.030187140549691262, "MSE_test": 0.0012047795050417903, "R2_test": -2.100909467341406, "MAE_test": 0.030002705446116225}