{"MSE_train": [8.643867938950589], "R2_train": -0.18686813723193674, "MAE_train": 2.622664492054997, "MSE_test": 11.217774690257054, "R2_test": -0.11830734306709934, "MAE_test": 2.86704863949283}