{"MSE_train": [8.641970465863144], "R2_train": -0.18660759989325348, "MAE_train": 2.622538070454904, "MSE_test": 11.06405790976628, "R2_test": -0.10298321603459892, "MAE_test": 2.8552103486376987}