{"MSE_train": [1.6322922889402167], "R2_train": 0.9920920916833604, "MAE_train": 0.9887138067919501, "MSE_test": 54.68514368715554, "R2_test": 0.6703681302100142, "MAE_test": 2.9729326159566027, "hyperparameters": {"alpha": 0.001, "beta": 0.001}}