{"MSE_train": [4.144280674072688], "R2_train": 0.4309590661793332, "MAE_train": 1.6033107311864128, "MSE_test": 13.389403013475214, "R2_test": -0.33479840010148787, "MAE_test": 2.647385338483557, "BATCH_SIZE": 32, "NUM_CORES": 16, "TOLERANCE": 1e-06, "MAX_ITER": 1000, "NUM_QUBITS": 5}