{"MSE_train": [4.845814355828898], "R2_train": 0.3346332106766702, "MAE_train": 1.6934675099753567, "MSE_test": 14.37345158658404, "R2_test": -0.43289885011302975, "MAE_test": 2.8731829364891457}