{"MSE_train": [0.0005767364878371099], "R2_train": -0.47925749821307595, "MAE_train": 0.018470420816258458, "MSE_test": 0.0005775364848887464, "R2_test": -0.48648640372121044, "MAE_test": 0.018523723626065546}