{"MSE_train": [32.00803116637876], "R2_train": 0.8449318314036726, "MAE_train": 3.3332809727683115, "MSE_test": 48.94907002475826, "R2_test": 0.704944114821228, "MAE_test": 3.602564303662457, "BATCH_SIZE": 32, "NUM_CORES": 16, "TOLERANCE": 1e-06, "MAX_ITER": 500, "NUM_QUBITS": 5}