{"MSE_train": [94.98853406493711], "R2_train": 0.5398124321194819, "MAE_train": 6.667935905798027, "MSE_test": 98.30604745556245, "R2_test": 0.40742943970628387, "MAE_test": 6.837938548678125, "MAX_ITER": 1000}