{"MSE_train": [0.3479922171291182], "R2_train": 0.9522180489761866, "MAE_train": 0.49619665909574195, "MSE_test": 17.386495611259097, "R2_test": -0.7332711922946813, "MAE_test": 2.2749529669090784, "BATCH_SIZE": 32, "NUM_CORES": 16, "TOLERANCE": 1e-06, "MAX_ITER": 1000, "NUM_QUBITS": 5}