{"MSE_train": [29.041976189609063], "R2_train": 0.8593013723108565, "MAE_train": 3.0810335945530123, "MSE_test": 45.896891427388596, "R2_test": 0.72334207942638, "MAE_test": 3.763443335643123}