{"MSE_train": [4.648558149994856], "R2_train": 0.3617179726407814, "MAE_train": 1.5491272362780013, "MSE_test": 12.610030330949007, "R2_test": -0.2571022243517691, "MAE_test": 2.5033097922136407, "hyperparameters": {"alpha": 0.001, "beta": 0.001}}