{"MSE_train": [1051.576975580614], "R2_train": -0.4016703879571617, "MAE_train": 25.571382082361165, "MSE_test": 1054.6656965938575, "R2_test": -0.36397734353109334, "MAE_test": 26.078168750966412}