{"MSE_train": [3.1191525943865845], "R2_train": 0.9722102605761289, "MAE_train": 1.3715416796679591, "MSE_test": 3.7745498899957584, "R2_test": 0.9772477156689426, "MAE_test": 1.7028643353305868}