{"MSE_train": [0.09474072334360416], "R2_train": 0.8113489161681647, "MAE_train": 0.25578560540643513, "MSE_test": 0.09626159796898308, "R2_test": 0.8204754937205275, "MAE_test": 0.2695595828056619}