{"MSE_train": [107.50640888065394], "R2_train": 0.47916752983538724, "MAE_train": 7.544477978866766, "MSE_test": 123.74108118116132, "R2_test": 0.25411178961277614, "MAE_test": 8.443909410658167, "hyperparameters": {"alpha": 0.001, "beta": 0.001}}