{"MSE_train": [7.280901676209268], "R2_train": 0.023350261321598897, "MAE_train": 2.32252919389816, "MSE_test": 7.269108009358932, "R2_test": -0.12493250254996768, "MAE_test": 2.108975781588414}