{"MSE_train": [0.022507570778852376], "R2_train": 0.9969808666430314, "MAE_train": 0.1171442299120085, "MSE_test": 0.08259679282821333, "R2_test": 0.9872177140937768, "MAE_test": 0.23300478621758342}