{"MSE_train": [0.03938169984322991], "R2_train": 0.9949154893334585, "MAE_train": 0.16782768892436384, "MSE_test": 0.028028633825222027, "R2_test": 0.9953266254262714, "MAE_test": 0.13410548398911445}