{"MSE_train": [0.00042963483429957867], "R2_train": 0.9999423693977332, "MAE_train": 0.013836626255055048, "MSE_test": 0.1472072787037247, "R2_test": 0.9772189033080063, "MAE_test": 0.3310587617311872}