{"MSE_train": [0.022810695290599155], "R2_train": 0.9970549462319307, "MAE_train": 0.1204002164022969, "MSE_test": 0.11978873413422327, "R2_test": 0.9800269386009728, "MAE_test": 0.2874950039600828}