{"MSE_train": [0.0], "R2_train": 1.0, "MAE_train": 0.0, "MSE_test": 0.07940048398639435, "R2_test": 0.9867611027594985, "MAE_test": 0.20764761976729612}