{"MSE_train": [0.0], "R2_train": 1.0, "MAE_train": 0.0, "MSE_test": 0.17743127859883873, "R2_test": 0.9725415811667882, "MAE_test": 0.33660370063072254}