{"MSE_train": [0.0426325722239432], "R2_train": 0.9944957742027989, "MAE_train": 0.16673666461156628, "MSE_test": 0.021233013196631643, "R2_test": 0.996459698156694, "MAE_test": 0.10848597589699253}