{"MSE_train": [0.032484415410184514], "R2_train": 0.9956425869717286, "MAE_train": 0.14872229075502952, "MSE_test": 0.05672367866435315, "R2_test": 0.991221713900581, "MAE_test": 0.1807886966139937}