{"MSE_train": [7.745425750088543], "R2_train": 0.0, "MAE_train": 2.3563858340873196, "MSE_test": 6.487203986515179, "R2_test": -0.081648658090832, "MAE_test": 2.1352960573957653}