{"MSE_train": [7.280383459055632], "R2_train": 0.023419774229503032, "MAE_train": 2.3216711826651624, "MSE_test": 7.32410936613411, "R2_test": -0.13344425032439644, "MAE_test": 2.1148587838441166}