{"MSE_train": [0.014236138929735603], "R2_train": 0.9980903846825804, "MAE_train": 0.08397425357602774, "MSE_test": 0.148463848404904, "R2_test": 0.9770244425713167, "MAE_test": 0.3146838819235679}