{"MSE_train": [0.011514107924590535], "R2_train": 0.9985134312436654, "MAE_train": 0.08300577657304932, "MSE_test": 0.06698791228408373, "R2_test": 0.9888307218979083, "MAE_test": 0.21869156311386878}