{"MSE_train": [7.689257633708817], "R2_train": 0.0072517790747763655, "MAE_train": 2.3488644098621996, "MSE_test": 6.746738918544972, "R2_test": -0.12492240307268543, "MAE_test": 2.170315493086889}