{"MSE_train": [7.302002205820909], "R2_train": 0.020519866454638658, "MAE_train": 2.3305148728249176, "MSE_test": 6.980839420221171, "R2_test": -0.08032142991660218, "MAE_test": 2.076020332658098}