{"MSE_train": [0.03543420110975232], "R2_train": 0.9952469069363762, "MAE_train": 0.15198007833885815, "MSE_test": 0.06942911671189643, "R2_test": 0.9892554808771599, "MAE_test": 0.20342865386348746}