{"MSE_train": [0.044595177502019474], "R2_train": 0.9942423852553864, "MAE_train": 0.17540578882250688, "MSE_test": 0.028502772772111253, "R2_test": 0.9952475695253444, "MAE_test": 0.12066919162188827}