{"MSE_train": [206.69854456303284], "R2_train": -0.001385077086018649, "MAE_train": 12.570106827338254, "MSE_test": 193.76226263211686, "R2_test": -0.16796286193474597, "MAE_test": 12.06528045484647, "hyperparameters": {"alpha": 0.001, "beta": 0.001}}