{"MSE_train": [3296.953226203295], "R2_train": -3.3945824366280286, "MAE_train": 47.397032831893036, "MSE_test": 3396.4447425379053, "R2_test": -3.3925517747838567, "MAE_test": 47.51944763514332}