{"MSE_train": [77.9934354309257], "R2_train": 0.6221479811756301, "MAE_train": 5.879225331942204, "MSE_test": 80.55485187615494, "R2_test": 0.5144303433396814, "MAE_test": 6.471940389982419, "MAX_ITER": 1000}