{"MSE_train": [0.41966779547449906], "R2_train": 0.16434262193200821, "MAE_train": 0.5540929678115873, "MSE_test": 0.4736204661449924, "R2_test": 0.11671443085818933, "MAE_test": 0.6062302981939546}