{"MSE_train": [0.16156340398955318], "R2_train": 0.6782892277521599, "MAE_train": 0.33921695501623683, "MSE_test": 0.2726139329761833, "R2_test": 0.4915845700148881, "MAE_test": 0.43439619033365107, "BATCH_SIZE": 32, "NUM_CORES": 16, "TOLERANCE": 1e-06, "MAX_ITER": 1000, "NUM_QUBITS": 5}