{"MSE_train": [260.10475955538317], "R2_train": -0.2601202647480607, "MAE_train": 13.886090099416545, "MSE_test": 127.91383099733221, "R2_test": 0.22895923022774334, "MAE_test": 10.435691588347826}