{"MSE_train": [1.933955038810668], "R2_train": 0.7344534147658204, "MAE_train": 0.7826022198974989, "MSE_test": 4.9057076508268675, "R2_test": 0.5109467750653831, "MAE_test": 1.362644659793696}