Time,Iteration,Cost,Parameters
Fri Apr  5 03:52:39 2024,0,0.3547029854076195,[-1.42087431  2.23743464 -2.12427946 -0.11653085  0.55388717 -2.77010897
  3.06858516  2.18960163  1.18552016 -1.06648308  0.60271528  1.14432463
  1.31029907 -1.8735468 ]
Fri Apr  5 03:53:20 2024,1,0.3541655604257152,[-1.38382996  2.23743464 -2.12427945 -0.11653084  0.55388717 -2.77010897
  3.06858517  2.18960164  1.18552017 -1.06648309  0.60271529  1.14432464
  1.31029908 -1.8735468 ]
Fri Apr  5 03:53:41 2024,2,0.35416466484273024,[-1.38226319  2.23743464 -2.12427945 -0.11653084  0.55388717 -2.77010897
  3.06858516  2.18960164  1.18552017 -1.06648309  0.60271529  1.14432464
  1.31029908 -1.8735468 ]
