{"MSE_train": [0.8822721175179401], "R2_train": 0.8788573967064423, "MAE_train": 0.8517685259132449, "MSE_test": 17.84003760575016, "R2_test": -0.7784850922733617, "MAE_test": 2.5425237481293776}