{"MSE_train": [759.0917337402906], "R2_train": -0.011810290292212144, "MAE_train": 20.141353415737, "MSE_test": 781.0824247610947, "R2_test": -0.010157753537641812, "MAE_test": 20.647843306370508}