{"MSE_train": [2148.8430261754916], "R2_train": -1.8642407623040853, "MAE_train": 36.59596633490338, "MSE_test": 2267.668291356476, "R2_test": -1.9327285243498395, "MAE_test": 38.656429380781944}