{"MSE_train": [2.295545100809682], "R2_train": 0.684804377279663, "MAE_train": 1.2185654913051647, "MSE_test": 4.264342836113762, "R2_test": 0.5748848556279639, "MAE_test": 1.6813732814532716}