{"MSE_train": [1073.9228985359648], "R2_train": -0.4314557667030148, "MAE_train": 25.353963925587372, "MSE_test": 1172.8606696728762, "R2_test": -0.5168364589073771, "MAE_test": 26.610340312041387, "BATCH_SIZE": 25, "NUM_CORES": 16, "TOLERANCE": 1e-06, "MAX_ITER": 1000}