{"MSE_train": [8.762540803149198], "R2_train": -0.20316281483068788, "MAE_train": 2.63633115717391, "MSE_test": 10.108751776050667, "R2_test": -0.007748118726121245, "MAE_test": 2.8086097956292093}