Time,Iteration,Cost,Parameters
Sat Mar 16 16:32:55 2024,0,0.1885322634936839,[-0.64825893  2.23743448 -2.12427948 -0.11653087  0.55388708]
Sat Mar 16 16:32:56 2024,1,0.1742877410666101,[-0.0330083   2.23743444 -2.12427944 -0.11653083  0.55388708]
Sat Mar 16 16:32:56 2024,2,0.17426570069580566,[-0.01415054  2.23743444 -2.12427944 -0.11653083  0.55388708]
Sat Mar 16 16:32:57 2024,3,0.17426074326605412,[-4.18368960e-05  2.23743444e+00 -2.12427944e+00 -1.16530828e-01
  5.53887080e-01]
