{"MSE_train": [766.0132777432965], "R2_train": -0.021036170558941247, "MAE_train": 19.995702989154328, "MSE_test": 789.9957546700907, "R2_test": -0.021685178854073728, "MAE_test": 20.61243426974011}