{"MSE_train": [1860.3255881581865], "R2_train": -1.4796694387879588, "MAE_train": 37.36423232177374, "MSE_test": 1883.6681096944355, "R2_test": -1.4361090273941657, "MAE_test": 37.17999786771865}