Time,Iteration,Cost,Parameters
Mon Apr  1 17:42:35 2024,0,0.4729386501611117,[-3.23526001  1.94300107 -1.35600856 -0.11653101  0.55388708 -2.77010899
  3.06858498  2.18960145  1.18551998 -1.06648308  0.6027151   1.14432445
  1.31029899 -1.8735468   0.72965079]
Mon Apr  1 17:42:40 2024,1,0.3562436254624468,[-3.80504424  1.4933549  -0.04043887 -0.11653103  0.55388708 -2.77010899
  3.06858496  2.18960144  1.18551997 -1.0664831   0.60271508  1.14432445
  1.31029898 -1.87354681  0.72965078]
Mon Apr  1 17:42:53 2024,2,0.25418892606285354,[-3.73500995  1.60428735 -0.68225102 -0.11653103  0.55388707 -2.770109
  3.06858497  2.18960144  1.18551998 -1.06648311  0.60271508  1.14432445
  1.31029898 -1.87354681  0.72965077]
Mon Apr  1 17:43:01 2024,3,0.24850284726744926,[-3.76782008  1.58289637 -0.79614712 -0.11653103  0.55388707 -2.770109
  3.06858497  2.18960144  1.18551998 -1.06648311  0.60271508  1.14432445
  1.31029898 -1.87354682  0.72965077]
Mon Apr  1 17:43:06 2024,4,0.24463356049172705,[-3.84832332  1.51294231 -0.7595053  -0.11653103  0.55388707 -2.770109
  3.06858497  2.18960145  1.18551998 -1.06648311  0.60271508  1.14432445
  1.31029898 -1.87354682  0.72965077]
Mon Apr  1 17:43:10 2024,5,0.2445386127547816,[-3.85622685  1.50612093 -0.74199468 -0.11653103  0.55388707 -2.77010901
  3.06858497  2.18960144  1.18551998 -1.06648311  0.60271508  1.14432445
  1.31029898 -1.87354682  0.72965077]
Mon Apr  1 17:43:15 2024,6,0.2445380279552529,[-3.8562479   1.50612308 -0.74330645 -0.11653103  0.55388707 -2.77010901
  3.06858497  2.18960144  1.18551998 -1.06648311  0.60271508  1.14432445
  1.31029897 -1.87354682  0.72965077]
Mon Apr  1 17:43:22 2024,7,0.24453802379337322,[-3.85615519  1.50619967 -0.74329311 -0.11653102  0.55388707 -2.77010901
  3.06858497  2.18960144  1.18551998 -1.06648311  0.60271508  1.14432445
  1.31029897 -1.87354682  0.72965077]
