{"MSE_train": [0.34150880102870873], "R2_train": 0.31997557989379855, "MAE_train": 0.49906237626203503, "MSE_test": 0.4071257396343226, "R2_test": 0.24072476518551866, "MAE_test": 0.5687598446646738}