{"MSE_train": [0.17879662677285585], "R2_train": 0.6439738241828351, "MAE_train": 0.3537204270023102, "MSE_test": 0.1731613605641025, "R2_test": 0.6770601317882878, "MAE_test": 0.37601964739798455}