Time,Iteration,Cost,Parameters
Thu Apr  4 14:31:11 2024,0,0.14026363697181193,[-4.66549958  2.23743477 -2.12427936 -0.11653075  0.55388735 -2.77010897
  3.06858498  2.18960145  1.18552026 -1.06648308  0.6027151   1.14432459
  1.31029899 -1.87354666  0.7296508   2.88578406 -0.54534335 -0.47522485
 -2.0265424   0.7289737 ]
Thu Apr  4 14:31:31 2024,1,0.14026313792365366,[-4.66455024  2.23743477 -2.12427936 -0.11653075  0.55388735 -2.77010897
  3.06858498  2.18960145  1.18552026 -1.06648308  0.6027151   1.14432459
  1.31029899 -1.87354666  0.7296508   2.88578406 -0.54534335 -0.47522485
 -2.0265424   0.7289737 ]
