{"MSE_train": [826.1361530239883], "R2_train": -0.10117529101967349, "MAE_train": 21.72627773094413, "MSE_test": 837.756990699477, "R2_test": -0.08345379809855724, "MAE_test": 22.063055627696198}