{"MSE_train": [231.37524065975313], "R2_train": -0.12093538778260382, "MAE_train": 13.174542164173351, "MSE_test": 201.74303113884196, "R2_test": -0.2160694493523947, "MAE_test": 12.246608505626615}