{"MSE_train": [188.50996936937878], "R2_train": 0.0867324653518663, "MAE_train": 11.552719709712905, "MSE_test": 167.3263757625752, "R2_test": -0.008612255338272368, "MAE_test": 10.624060874832814}