{"MSE_train": [711.5048555229143], "R2_train": 0.05161932028459981, "MAE_train": 19.783438547808064, "MSE_test": 742.0805937752203, "R2_test": 0.040282508237030834, "MAE_test": 20.374483980865108}