{"MSE_train": [0.0009841729898663971], "R2_train": -1.5242815488549946, "MAE_train": 0.026088120885576393, "MSE_test": 0.0009745761166475243, "R2_test": -1.5084028190306111, "MAE_test": 0.02595754589235417}