{"MSE_train": [732.1868766654194], "R2_train": 0.02405179334959129, "MAE_train": 19.84670354174377, "MSE_test": 763.4601466833068, "R2_test": 0.012632774415561987, "MAE_test": 20.516296561245042}