{"MSE_train": [623.8500267913502], "R2_train": -2.022344005804376, "MAE_train": 22.449042842560807, "MSE_test": 528.832647555197, "R2_test": -2.187704789016629, "MAE_test": 20.860294891734206, "hyperparameters": {"alpha": 0.001, "beta": 0.001}}