{"MSE_train": [984.0032705238185], "R2_train": -0.31159989042618896, "MAE_train": 23.778811150397782, "MSE_test": 955.5913255276055, "R2_test": -0.23584650748001845, "MAE_test": 23.711706684232258}