{"MSE_train": [781.676398264824], "R2_train": -0.0419138929966234, "MAE_train": 20.590558434836037, "MSE_test": 798.4738932575392, "R2_test": -0.032649780230551206, "MAE_test": 21.000588966553718}