{"MSE_train": [3.091782137206793], "R2_train": 0.5754750382779328, "MAE_train": 1.4582180007101855, "MSE_test": 4.813517356663742, "R2_test": 0.5201372861755484, "MAE_test": 1.8403756545255905, "hyperparameters": {"alpha": 0.001, "beta": 0.001}}