{"MSE_train": [360.26051126739475], "R2_train": -0.7453412679281581, "MAE_train": 16.67518989954305, "MSE_test": 376.1325592783638, "R2_test": -1.2672570728371597, "MAE_test": 16.287308096146198}