{"MSE_train": [0.08423009169856392], "R2_train": 0.32539209944928127, "MAE_train": 0.21185620149719334, "MSE_test": 0.09011810138534143, "R2_test": 0.21470655144255557, "MAE_test": 0.22334698168514402}