{"MSE_train": [0.10251682366338817], "R2_train": 0.17893168833074358, "MAE_train": 0.23777398571875744, "MSE_test": 0.1006849327783169, "R2_test": 0.12262667695171858, "MAE_test": 0.2343937164831814}