{"MSE_train": [0.10254140697483052], "R2_train": 0.17873479793461222, "MAE_train": 0.23800631483328438, "MSE_test": 0.10064904717338051, "R2_test": 0.12293938583063246, "MAE_test": 0.2343386536982702}