{"MSE_train": [0.012359291408455606], "R2_train": 0.9010131004108247, "MAE_train": 0.07729210912697573, "MSE_test": 0.07628777722919715, "R2_test": 0.33522465806361335, "MAE_test": 0.19626368436376032}