{"MSE_train": [0.10255823493058629], "R2_train": 0.17860002101968753, "MAE_train": 0.23801951262389173, "MSE_test": 0.10065248849101492, "R2_test": 0.12290939802406364, "MAE_test": 0.23430368628191708}