{"MSE_train": [2.3951906492910657e-05], "R2_train": 0.9998081665942952, "MAE_train": 0.0006751363739317258, "MSE_test": 0.06928426118802747, "R2_test": 0.3962536320372274, "MAE_test": 0.1832599393336233}