{"MSE_train": [0.013786833837040546], "R2_train": 0.8895797589377894, "MAE_train": 0.08194444824854219, "MSE_test": 0.06633017982758938, "R2_test": 0.4219956383955088, "MAE_test": 0.18336174380457151}