{"MSE_train": [0.07189523001753828], "R2_train": 0.4241833387132662, "MAE_train": 0.18464603307274696, "MSE_test": 0.08249741462747034, "R2_test": 0.28111358057952396, "MAE_test": 0.2092927824515169}