{"MSE_train": [0.07466315482452834], "R2_train": 0.40201473002163324, "MAE_train": 0.18938495450326098, "MSE_test": 0.08355635780853908, "R2_test": 0.27188589901827975, "MAE_test": 0.21123659353757987}