{"MSE_train": [0.0060936835466888824], "R2_train": 0.9454686330519815, "MAE_train": 0.05285458189346682, "MSE_test": 0.050077659228697335, "R2_test": 0.5589300987694829, "MAE_test": 0.15506751604768804}