{"MSE_train": [0.08828156688248782], "R2_train": 0.20998284838226844, "MAE_train": 0.22221686984290726, "MSE_test": 0.09065931652534787, "R2_test": 0.20149830480601805, "MAE_test": 0.22535968616847274}