{"MSE_train": [0.05623889516006151], "R2_train": 0.49672742189067987, "MAE_train": 0.16686721443200217, "MSE_test": 0.06375507249758093, "R2_test": 0.43846329955179153, "MAE_test": 0.18565653193018403}