{"MSE_train": [0.05719747786947588], "R2_train": 0.48814922365038815, "MAE_train": 0.1679532315015845, "MSE_test": 0.06485906151311564, "R2_test": 0.42873967561366555, "MAE_test": 0.18545517016224533}