{"MSE_train": [0.06468460972911463], "R2_train": 0.4211481180468637, "MAE_train": 0.18165806260840828, "MSE_test": 0.06974910161298033, "R2_test": 0.3856695813424744, "MAE_test": 0.19601766438617158}