{"MSE_train": [0.08834323176720198], "R2_train": 0.20943101952040022, "MAE_train": 0.22250881181943286, "MSE_test": 0.09080832719141069, "R2_test": 0.20018586087842816, "MAE_test": 0.22571491269997052}