{"MSE_train": [0.08828769071583101], "R2_train": 0.20992804720977443, "MAE_train": 0.2222285703906564, "MSE_test": 0.09069202889863863, "R2_test": 0.2012101834465415, "MAE_test": 0.22539801737580417}