{"MSE_train": [0.012339559442078828], "R2_train": 0.8895753219284719, "MAE_train": 0.08111030838189756, "MSE_test": 0.054327555679298555, "R2_test": 0.521498209248728, "MAE_test": 0.16222759088996916}