{"MSE_train": [1.7436815970636335e-05], "R2_train": 0.9998439608156848, "MAE_train": 0.0005383066811905265, "MSE_test": 0.04726787946562815, "R2_test": 0.5836778466008399, "MAE_test": 0.14314089202702787}