{"MSE_train": [0.08716131792226268], "R2_train": 0.19601569980091882, "MAE_train": 0.22231049051541105, "MSE_test": 0.09025641759852751, "R2_test": 0.20504692494113608, "MAE_test": 0.22425482048719844}