{"MSE_train": [0.05687283585959421], "R2_train": 0.4753995438699756, "MAE_train": 0.1724740274795265, "MSE_test": 0.060986375938841944, "R2_test": 0.46284919810434333, "MAE_test": 0.18020928555683918}