{"MSE_train": [0.08722346688113507], "R2_train": 0.1954424318834731, "MAE_train": 0.22241231506515344, "MSE_test": 0.09038117981922406, "R2_test": 0.20394805448258257, "MAE_test": 0.22454270846907196}