{"MSE_train": [0.007041880701695898], "R2_train": 0.935045021541691, "MAE_train": 0.05958729314692585, "MSE_test": 0.048577797905457125, "R2_test": 0.5721404543629793, "MAE_test": 0.15092824958056378}