{"MSE_train": [0.06089913137086186], "R2_train": 0.4382606104969363, "MAE_train": 0.18008408187288086, "MSE_test": 0.06383628864184325, "R2_test": 0.4377479706550371, "MAE_test": 0.1858631052097797}