{"MSE_train": [0.05719297677038098], "R2_train": 0.47244653360969535, "MAE_train": 0.17417336791946647, "MSE_test": 0.06116984901465717, "R2_test": 0.46123321898961056, "MAE_test": 0.1825626826857627}