{"MSE_train": [0.005928957400151753], "R2_train": 0.9453107321011074, "MAE_train": 0.05116288937740287, "MSE_test": 0.04575439782518592, "R2_test": 0.5970081661074975, "MAE_test": 0.14396779366308238}