{"MSE_train": [0.08715222838482234], "R2_train": 0.19609954256021045, "MAE_train": 0.22240817163113594, "MSE_test": 0.09020734890001056, "R2_test": 0.20547910820093152, "MAE_test": 0.22425638272750273}