{"MSE_train": [1.9507962263328838e-05], "R2_train": 0.9998200566975985, "MAE_train": 0.0006879056994202631, "MSE_test": 0.04289957364277912, "R2_test": 0.6221526524824333, "MAE_test": 0.13606681610622273}