{"MSE_train": [1.6842825614315594e-05], "R2_train": 0.9998420903933504, "MAE_train": 0.0006687621201844399, "MSE_test": 0.04019100051537391, "R2_test": 0.6366395954734396, "MAE_test": 0.1256952718631936}