{"MSE_train": [0.05784008269755191], "R2_train": 0.4577213517196661, "MAE_train": 0.17024731807731366, "MSE_test": 0.058521917457481344, "R2_test": 0.4709127086078323, "MAE_test": 0.1750751698228697}