{"MSE_train": [0.057843052586225366], "R2_train": 0.45769350758217064, "MAE_train": 0.17241823686374447, "MSE_test": 0.05847021584729143, "R2_test": 0.47138013459256467, "MAE_test": 0.17612677018170422}