{"MSE_train": [0.0893453464042873], "R2_train": 0.1623443221614591, "MAE_train": 0.22521621641740314, "MSE_test": 0.09080045583751899, "R2_test": 0.17908760814012703, "MAE_test": 0.22540743209381406}