{"MSE_train": [0.08935163014219599], "R2_train": 0.16228540909044764, "MAE_train": 0.22518477286360777, "MSE_test": 0.09086574896529412, "R2_test": 0.17849730341974313, "MAE_test": 0.22552324553198536}