{"MSE_train": [0.06029904286549852], "R2_train": 0.434667415178429, "MAE_train": 0.176701218976756, "MSE_test": 0.06065490723464652, "R2_test": 0.4516286893412482, "MAE_test": 0.17924641760399251}