{"MSE_train": [0.005516411455838605], "R2_train": 0.9482809842566681, "MAE_train": 0.0487125690329893, "MSE_test": 0.039488400269315875, "R2_test": 0.6429916918719966, "MAE_test": 0.13231276570662526}