{"MSE_train": [0.004012724824237285], "R2_train": 0.9623787710507469, "MAE_train": 0.04581708372208767, "MSE_test": 0.04471405874861776, "R2_test": 0.5957473497404675, "MAE_test": 0.14549508426069793}