{"MSE_train": [0.08941097376593247], "R2_train": 0.16172903402037464, "MAE_train": 0.22548035376143993, "MSE_test": 0.09103495698181759, "R2_test": 0.1769675208180489, "MAE_test": 0.22607161247692084}