{"MSE_train": [0.05799269850893556], "R2_train": 0.45962581387032597, "MAE_train": 0.17338402728851315, "MSE_test": 0.05832086906490006, "R2_test": 0.4727303549545512, "MAE_test": 0.176304108753391}