{"MSE_train": [0.08960341543352955], "R2_train": 0.16507812303522829, "MAE_train": 0.22532554663118792, "MSE_test": 0.09056135654919047, "R2_test": 0.1812492665466111, "MAE_test": 0.22579075197659496}