{"MSE_train": [0.08953500373426693], "R2_train": 0.16571558115084073, "MAE_train": 0.22526249203425538, "MSE_test": 0.09032699306625629, "R2_test": 0.18336810929432135, "MAE_test": 0.22538600563658637}