{"MSE_train": [0.005038397143042087], "R2_train": 0.953052369943607, "MAE_train": 0.04992149537896067, "MSE_test": 0.043910829279885814, "R2_test": 0.6030092188391094, "MAE_test": 0.14335369688165592}