{"MSE_train": [1.6022058467995297e-05], "R2_train": 0.9998507069505753, "MAE_train": 0.0006610359107904244, "MSE_test": 0.03622184798664516, "R2_test": 0.6725240683646982, "MAE_test": 0.12044798222815557}