{"MSE_train": [0.005773747359513009], "R2_train": 0.9462003991789679, "MAE_train": 0.04929341271713398, "MSE_test": 0.03981414146771433, "R2_test": 0.6400467178205107, "MAE_test": 0.1338713869664659}