{"MSE_train": [0.05819108840009524], "R2_train": 0.45777722294891465, "MAE_train": 0.1725245400285146, "MSE_test": 0.058943699269515676, "R2_test": 0.4670994467363315, "MAE_test": 0.17649586941845716}