{"MSE_train": [0.0895425467829916], "R2_train": 0.16564529525416172, "MAE_train": 0.22517989678956185, "MSE_test": 0.0903941504041907, "R2_test": 0.18276095054818764, "MAE_test": 0.2254268350803557}