{"MSE_train": [0.05962102931169386], "R2_train": 0.44445307738945994, "MAE_train": 0.17633429997158517, "MSE_test": 0.05964753823203563, "R2_test": 0.46073615130045464, "MAE_test": 0.17840082048417433}