{"MSE_train": [1088.4638569374258], "R2_train": -0.4508377342404759, "MAE_train": 25.981239772913586, "MSE_test": 1082.5224871021192, "R2_test": -0.40000395484449114, "MAE_test": 26.356141066130714}