{"MSE_train": [214.41641345641656], "R2_train": -0.03877556163480578, "MAE_train": 12.531802135353802, "MSE_test": 182.38628735542522, "R2_test": -0.09939059992163002, "MAE_test": 11.257106521927211, "hyperparameters": {"alpha": 0.001, "beta": 0.001}}