Time,Iteration,Cost,Parameters
Thu Apr  4 14:54:00 2024,0,0.35863435594650467,[ 1.1185514   2.2374349  -2.12427924 -0.11653076  0.55388708 -2.77010897
  3.06858498  2.18960159  1.18552025 -1.06648308  0.6027151   1.14432445
  1.31029899 -1.87354653  0.7296508   2.88578419 -0.54534335 -0.47522485
 -2.0265424   0.7289737 ]
Thu Apr  4 14:54:23 2024,1,0.336484863051408,[ 1.35916994  2.23743492 -2.12427921 -0.11653075  0.55388708 -2.77010897
  3.06858498  2.18960159  1.18552027 -1.06648308  0.6027151   1.14432445
  1.31029899 -1.87354652  0.7296508   2.88578419 -0.54534335 -0.47522485
 -2.0265424   0.7289737 ]
Thu Apr  4 14:54:32 2024,2,0.3363600246542704,[ 1.38075175  2.23743492 -2.12427921 -0.11653074  0.55388708 -2.77010897
  3.06858498  2.18960159  1.18552027 -1.06648308  0.6027151   1.14432445
  1.31029899 -1.87354652  0.7296508   2.88578419 -0.54534335 -0.47522485
 -2.0265424   0.7289737 ]
Thu Apr  4 14:54:39 2024,3,0.33635752372820055,[ 1.37808853  2.23743492 -2.12427921 -0.11653074  0.55388708 -2.77010898
  3.06858498  2.18960159  1.18552027 -1.06648308  0.6027151   1.14432445
  1.31029899 -1.87354652  0.7296508   2.88578419 -0.54534335 -0.47522485
 -2.0265424   0.7289737 ]
Thu Apr  4 14:54:46 2024,4,0.33635752364213134,[ 1.37810404  2.23743491 -2.12427921 -0.11653075  0.55388708 -2.77010898
  3.06858498  2.18960159  1.18552027 -1.06648309  0.6027151   1.14432445
  1.31029898 -1.87354652  0.7296508   2.88578419 -0.54534335 -0.47522485
 -2.0265424   0.7289737 ]
