Time,Iteration,Cost,Parameters
Thu Apr  4 13:28:36 2024,0,0.2268624586649289,[-3.02506662  2.1316456  -1.84408749 -0.11653102  0.55388708 -2.77010897
  3.06858498  2.18960145  1.18551999 -1.06648308  0.60271511  1.14432446
  1.31029899 -1.8735468   0.7296508 ]
Thu Apr  4 13:28:42 2024,1,0.2215645257126507,[-3.06694088  2.06339096 -1.73487752 -0.11653102  0.55388708 -2.77010897
  3.06858498  2.18960145  1.18551999 -1.06648308  0.60271511  1.14432446
  1.31029899 -1.87354679  0.7296508 ]
Thu Apr  4 13:28:48 2024,2,0.22001491714612967,[-3.05329314  2.03343799 -1.75460601 -0.11653102  0.55388708 -2.77010897
  3.06858499  2.18960146  1.18551999 -1.06648308  0.60271511  1.14432446
  1.31029899 -1.87354679  0.7296508 ]
Thu Apr  4 13:28:54 2024,3,0.21742001626746865,[-3.03043807  1.94418279 -1.77479038 -0.11653103  0.55388708 -2.77010897
  3.06858499  2.18960145  1.18551999 -1.06648309  0.60271511  1.14432446
  1.31029899 -1.87354679  0.7296508 ]
Thu Apr  4 13:29:01 2024,4,0.21458640625222258,[-2.98423334  1.72617449 -1.7973526  -0.11653105  0.55388708 -2.77010898
  3.06858499  2.18960146  1.18551999 -1.06648309  0.6027151   1.14432446
  1.31029898 -1.8735468   0.7296508 ]
Thu Apr  4 13:29:07 2024,5,0.21454432441530635,[-2.97858308  1.69966188 -1.79633485 -0.11653104  0.55388708 -2.77010898
  3.06858499  2.18960146  1.18551999 -1.06648309  0.60271511  1.14432446
  1.31029899 -1.8735468   0.7296508 ]
Thu Apr  4 13:29:13 2024,6,0.214543050795352,[-2.97895004  1.70137702 -1.79514316 -0.11653104  0.55388708 -2.77010898
  3.06858499  2.18960146  1.18551999 -1.06648309  0.60271511  1.14432446
  1.31029899 -1.8735468   0.7296508 ]
Thu Apr  4 13:29:19 2024,7,0.21454278903076296,[-2.97916397  1.70237332 -1.79429294 -0.11653104  0.55388709 -2.77010897
  3.068585    2.18960147  1.18552    -1.06648308  0.60271511  1.14432446
  1.31029899 -1.8735468   0.7296508 ]
