{"MSE_train": [3.489707432090344e-06], "R2_train": 0.9999634141641602, "MAE_train": 0.0009606925969165126, "MSE_test": 2.5349600564871933e-05, "R2_test": 0.9997345364361994, "MAE_test": 0.0016711198256895512}