{"MSE_train": [0.001200265566706363], "R2_train": 0.9874165041505276, "MAE_train": 0.021187231494270035, "MSE_test": 0.0011710193006723721, "R2_test": 0.9877369682397853, "MAE_test": 0.020802272374653506}