{"MSE_train": [5.173098388608195e-07], "R2_train": 0.9999945765617287, "MAE_train": 0.00011706724951423323, "MSE_test": 8.525693458830673e-06, "R2_test": 0.9999107180815863, "MAE_test": 0.0002893289653639619}