{"MSE_train": [6.803577015404453e-12], "R2_train": 0.9999999999286718, "MAE_train": 1.5195447395603648e-06, "MSE_test": 1.1317721517608767e-05, "R2_test": 0.9998814796832606, "MAE_test": 0.00028520924833793607}