{"MSE_train": [1.1337791855162172e-05], "R2_train": 0.9998811354247684, "MAE_train": 0.0017459668436680211, "MSE_test": 2.514486948022885e-05, "R2_test": 0.9997366804006855, "MAE_test": 0.0022757357395026155}