{"MSE_train": [0.00014748667726341498], "R2_train": 0.9984537605321051, "MAE_train": 0.00662709013408871, "MSE_test": 0.000170639722758617, "R2_test": 0.9982130436803718, "MAE_test": 0.007174685091179804}