{"MSE_train": [6.066197021248089e-07], "R2_train": 0.999993277089768, "MAE_train": 5.4723350219916006e-05, "MSE_test": 8.34903749727026e-07, "R2_test": 0.9999907869455593, "MAE_test": 0.00010198636078098565}