{"MSE_train": [7.4168149748886e-06], "R2_train": 0.999917802568712, "MAE_train": 0.0013002590899229753, "MSE_test": 7.465121031025648e-06, "R2_test": 0.9999176233589949, "MAE_test": 0.0013199494312986476}