{"MSE_train": [1.7366430356776285e-10], "R2_train": 0.9999999980753518, "MAE_train": 7.563388799557864e-06, "MSE_test": 6.890029426562699e-07, "R2_test": 0.9999923969420157, "MAE_test": 9.640053819769543e-05}