{"MSE_train": [0.0011448174832358496], "R2_train": 0.9873124708201269, "MAE_train": 0.02067910364672486, "MSE_test": 0.0011369321302733223, "R2_test": 0.9874541016075401, "MAE_test": 0.020537325430509994}