{"MSE_train": [0.0011515966788780425], "R2_train": 0.987237339854898, "MAE_train": 0.020393278225238367, "MSE_test": 0.0011420066944219604, "R2_test": 0.9873981044512459, "MAE_test": 0.020243696201009378}