{"MSE_train": [2.0370754230036404e-06], "R2_train": 0.9999774239525082, "MAE_train": 0.0006507157362877449, "MSE_test": 2.048586892301075e-06, "R2_test": 0.9999773941097145, "MAE_test": 0.0006507017529622426}