{"MSE_train": [0.0009616903639360888], "R2_train": 0.9898826700737536, "MAE_train": 0.019255662463778425, "MSE_test": 0.0009595690706858812, "R2_test": 0.9899010057827928, "MAE_test": 0.019177749851637952}