{"MSE_train": [2.590284894079026e-10], "R2_train": 0.9999999972749267, "MAE_train": 9.22631981326248e-06, "MSE_test": 1.0993985236226801e-08, "R2_test": 0.9999998842936931, "MAE_test": 3.489067699022755e-05}