{"MSE_train": [5.453961931164606e-06], "R2_train": 0.9999426223508813, "MAE_train": 0.0010695380481259115, "MSE_test": 4.213101521388627e-06, "R2_test": 0.9999556591711833, "MAE_test": 0.0009791693647579348}