{"MSE_train": [0.0011927259835839892], "R2_train": 0.9874520919205885, "MAE_train": 0.02075411035234339, "MSE_test": 0.001192881483175144, "R2_test": 0.9874455069797233, "MAE_test": 0.020730823254341887}