{"MSE_train": [1.0648673901390907e-07], "R2_train": 0.9999988797210497, "MAE_train": 6.615782881442873e-05, "MSE_test": 8.588249654885023e-08, "R2_test": 0.9999990961288119, "MAE_test": 7.856941781962396e-05}