{"MSE_train": [6.0184540174202574e-05], "R2_train": 0.9993668369027744, "MAE_train": 0.006048808073612905, "MSE_test": 5.865214102109946e-05, "R2_test": 0.9993827149591478, "MAE_test": 0.005981288024655166}