{"MSE_train": [1.072291920707547e-06], "R2_train": 0.9999887191017547, "MAE_train": 0.0004619230160990529, "MSE_test": 6.831884846586704e-07, "R2_test": 0.9999928097760061, "MAE_test": 0.00040861608193542133}