{"MSE_train": [0.0], "R2_train": 1.0, "MAE_train": 0.0, "MSE_test": 9.254694704277556e-08, "R2_test": 0.9999990259887365, "MAE_test": 7.550353276953851e-05}