{"MSE_train": [2.4405212789273147e-09], "R2_train": 0.9999999742740385, "MAE_train": 2.655177438203066e-05, "MSE_test": 1.943932657602843e-06, "R2_test": 0.9999796190535036, "MAE_test": 0.0001810361900688614}