{"MSE_train": [0.0011981414370228016], "R2_train": 0.9873701816357834, "MAE_train": 0.020817824595251985, "MSE_test": 0.0011956572647277926, "R2_test": 0.9874642639264563, "MAE_test": 0.020735618814218794}