{"MSE_train": [1.223743514845244e-07], "R2_train": 0.9999987100305657, "MAE_train": 2.430982554101135e-05, "MSE_test": 2.0921340579429527e-06, "R2_test": 0.9999780652523473, "MAE_test": 0.00018699345789239792}