{"MSE_train": [4.428986497345101e-05], "R2_train": 0.9995331327899147, "MAE_train": 0.005632362877351613, "MSE_test": 4.9422206480360596e-05, "R2_test": 0.9994818383537769, "MAE_test": 0.005763975812997006}