{"MSE_train": [0.0011911063665362475], "R2_train": 0.9874443395437558, "MAE_train": 0.021091280264617228, "MSE_test": 0.0011893677771750155, "R2_test": 0.9875302053616194, "MAE_test": 0.02101244676542046}