{"MSE_train": [4.475251274511593e-06], "R2_train": 0.9999528255938867, "MAE_train": 0.0009570882660926226, "MSE_test": 7.63233718292502e-06, "R2_test": 0.9999199796067219, "MAE_test": 0.0010925379935017685}