{"MSE_train": [1.385561111069954e-36], "R2_train": 1.0, "MAE_train": 1.248002500702739e-20, "MSE_test": 3.3040440179028536e-06, "R2_test": 0.999965359116692, "MAE_test": 0.0002787057637031208}