{"MSE_train": [0.0009638826692480906], "R2_train": 0.9898395442634307, "MAE_train": 0.019224339441898712, "MSE_test": 0.0009668516477613131, "R2_test": 0.9898631510582876, "MAE_test": 0.01930192996791468}