{"MSE_train": [41.83843979243316], "R2_train": 0.7973068008520587, "MAE_train": 5.00997475043641, "MSE_test": 60.15996538025604, "R2_test": 0.6373669238533528, "MAE_test": 5.271974889571611, "hyperparameters": {"alpha": 0.001, "beta": 0.001}}