{"MSE_train": [0.09292025117528274], "R2_train": 0.814973904826885, "MAE_train": 0.2538067155526725, "MSE_test": 0.07446192502836167, "R2_test": 0.8611311196844768, "MAE_test": 0.2360509843194709, "hyperparameters": {"alpha": 0.001, "beta": 0.001}}