{"MSE_train": [862.9700254688702], "R2_train": -0.15027198054283097, "MAE_train": 21.607489309024285, "MSE_test": 883.5269964316054, "R2_test": -0.14264720036197853, "MAE_test": 21.965695962441334}