{"MSE_train": [2.6282796559277593], "R2_train": 0.9872668671595207, "MAE_train": 1.2059735181470672, "MSE_test": 1.9590939304632968, "R2_test": 0.9881909463548779, "MAE_test": 1.2063900461184107}