{"MSE_train": [207.305095979643], "R2_train": -0.0043236151311842885, "MAE_train": 12.579387267673221, "MSE_test": 190.49440641062228, "R2_test": -0.14826483274680946, "MAE_test": 12.004875204348474}