{"MSE_train": [207.0099341663029], "R2_train": -0.0028936552065546017, "MAE_train": 12.574298134767215, "MSE_test": 190.8691500370615, "R2_test": -0.15052371759095862, "MAE_test": 12.015847533703752}