{"MSE_train": [795.9470894619233], "R2_train": -0.06093561535376302, "MAE_train": 20.845938546889357, "MSE_test": 814.6056108049161, "R2_test": -0.05351259706239353, "MAE_test": 21.248768876908482}