{"MSE_train": [0.06907865269051498], "R2_train": 0.8624481401472397, "MAE_train": 0.21504299590553116, "MSE_test": 0.09807661855265261, "R2_test": 0.8170905439477704, "MAE_test": 0.28223317210464466, "hyperparameters": {"alpha": 0.001, "beta": 0.001}}