{"MSE_train": [55.56223582007088], "R2_train": 0.7308196150225623, "MAE_train": 5.29688177524667, "MSE_test": 29.98514221801173, "R2_test": 0.8192551426437338, "MAE_test": 4.474081122072336}