{"MSE_train": [206.81959768080134], "R2_train": -0.001971538814253826, "MAE_train": 13.56640091485617, "MSE_test": 217.96353448700665, "R2_test": -0.3138436250623162, "MAE_test": 14.646363935845846, "MAX_ITER": 1000}