{"MSE_train": [125.79365468676743], "R2_train": 0.3905719613955645, "MAE_train": 7.936116782999318, "MSE_test": 182.51565038924764, "R2_test": -0.10017037621634994, "MAE_test": 9.711608077361143, "BATCH_SIZE": 32, "NUM_CORES": 16, "TOLERANCE": 1e-06, "MAX_ITER": 500, "NUM_QUBITS": 5}