{"MSE_train": [0.07452538207957539], "R2_train": 0.851602419676452, "MAE_train": 0.22369724445910774, "MSE_test": 0.08993542226782217, "R2_test": 0.8322735896731217, "MAE_test": 0.2700017254318411}