{"MSE_train": [0.24116124487294188], "R2_train": 0.9668867456679778, "MAE_train": 0.38889488580953085, "MSE_test": 0.49043766286662827, "R2_test": 0.9511079465540728, "MAE_test": 0.46787121816485655, "BATCH_SIZE": 32, "NUM_CORES": 16, "TOLERANCE": 1e-06, "MAX_ITER": 1000, "NUM_QUBITS": 5}