{"MSE_train": [60.082760029532594], "R2_train": 0.7089191923876048, "MAE_train": 5.410453326163731, "MSE_test": 84.90095578694752, "R2_test": 0.48823283773172554, "MAE_test": 5.963098382934954, "hyperparameters": {"alpha": 0.001, "beta": 0.001}}