{"MSE_train": [79.39266763449696], "R2_train": 0.6153691707539284, "MAE_train": 5.876818643951188, "MSE_test": 92.18149258458158, "R2_test": 0.4443471167503872, "MAE_test": 6.031775482207715, "hyperparameters": {"alpha": 0.001, "beta": 0.001}}