Time,Iteration,Cost,Parameters
Thu Apr  4 14:45:29 2024,0,0.1847733858270345,[-3.07030053  1.95934946 -1.63562244 -0.11653103  0.55388708 -2.77010897
  3.06858498  2.18960145  1.18551998 -1.06648309  0.60271511  1.14432445
  1.31029898 -1.8735468   0.7296508 ]
Thu Apr  4 14:45:38 2024,1,0.15740586515095895,[-3.11601248  1.74110751 -1.48022004 -0.11653103  0.55388708 -2.77010897
  3.06858498  2.18960145  1.18551998 -1.06648309  0.60271511  1.14432445
  1.31029898 -1.8735468   0.7296508 ]
Thu Apr  4 14:45:45 2024,2,0.14109289865166247,[-3.1316592   1.5491088  -1.50532806 -0.11653103  0.55388708 -2.77010897
  3.06858498  2.18960144  1.18551998 -1.06648309  0.60271511  1.14432445
  1.31029898 -1.8735468   0.7296508 ]
Thu Apr  4 14:45:52 2024,3,0.12765289250629208,[-3.18667516  1.1976876  -1.56763291 -0.11653103  0.55388708 -2.77010897
  3.06858498  2.18960145  1.18551998 -1.06648309  0.60271511  1.14432446
  1.31029898 -1.8735468   0.7296508 ]
Thu Apr  4 14:45:59 2024,4,0.12683184698741,[-3.18524722  1.12669335 -1.55015899 -0.11653103  0.55388708 -2.77010897
  3.06858499  2.18960145  1.18551998 -1.06648309  0.60271511  1.14432446
  1.31029898 -1.8735468   0.7296508 ]
Thu Apr  4 14:46:08 2024,5,0.12671425712430442,[-3.18437666  1.08677278 -1.54144604 -0.11653103  0.55388708 -2.77010897
  3.06858499  2.18960145  1.18551998 -1.06648309  0.60271511  1.14432446
  1.31029898 -1.8735468   0.7296508 ]
Thu Apr  4 14:46:15 2024,6,0.12671408046067184,[-3.18469458  1.08509988 -1.54163802 -0.11653102  0.55388708 -2.77010897
  3.06858498  2.18960145  1.18551998 -1.06648309  0.60271511  1.14432446
  1.31029898 -1.87354681  0.7296508 ]
Thu Apr  4 14:46:22 2024,7,0.12671407659445688,[-3.18464729  1.08521447 -1.541586   -0.11653103  0.55388708 -2.77010897
  3.06858498  2.18960145  1.18551998 -1.06648309  0.60271511  1.14432446
  1.31029898 -1.87354681  0.7296508 ]
