{"MSE_train": [758.1979085641997], "R2_train": -0.010618890793715696, "MAE_train": 20.037401520123364, "MSE_test": 783.2437271851501, "R2_test": -0.01295292128458847, "MAE_test": 20.629649919950403}