{"MSE_train": [8.713813688491907], "R2_train": -0.19647221518080382, "MAE_train": 2.6279670833114905, "MSE_test": 10.18636982972303, "R2_test": -0.015485913589461608, "MAE_test": 2.7994169909780062, "hyperparameters": {"alpha": 0.001, "beta": 0.001}}