Time,Iteration,Cost,Parameters
Mon Apr  1 16:26:23 2024,0,0.6440941799502575,[ 0.02460876  2.23743464 -2.12427964 -0.11653087  0.55388708]
Mon Apr  1 16:26:28 2024,1,0.35945664360728996,[ 1.55125744  2.23743456 -2.12427964 -0.11653083  0.553887  ]
Mon Apr  1 16:26:30 2024,2,0.3594558193448467,[ 1.54959705  2.23743456 -2.12427964 -0.11653083  0.553887  ]
