Time,Iteration,Cost,Parameters
Mon Apr  1 17:22:52 2024,0,0.27332026367751977,[-2.78496381  2.31049689 -2.37284523 -0.11653103  0.55388708 -2.77010898
  3.06858498  2.18960145  1.18551998 -1.06648309  0.6027151   1.14432445
  1.31029898 -1.8735468   0.7296508 ]
Mon Apr  1 17:23:01 2024,1,0.25654280036231547,[-2.70740298  2.35575358 -2.53917987 -0.11653103  0.55388707 -2.77010898
  3.06858498  2.18960145  1.18551998 -1.06648308  0.6027151   1.14432445
  1.31029898 -1.8735468   0.7296508 ]
Mon Apr  1 17:23:06 2024,2,0.2563056381009967,[-2.71702363  2.37034081 -2.54668543 -0.11653103  0.55388707 -2.77010898
  3.06858498  2.18960145  1.18551998 -1.06648308  0.6027151   1.14432445
  1.31029898 -1.8735468   0.7296508 ]
Mon Apr  1 17:23:11 2024,3,0.25625655771180966,[-2.72521749  2.38020948 -2.54939081 -0.11653103  0.55388707 -2.77010898
  3.06858498  2.18960145  1.18551998 -1.06648309  0.6027151   1.14432445
  1.31029898 -1.8735468   0.72965079]
Mon Apr  1 17:23:15 2024,4,0.25625647519709,[-2.72501735  2.3802941  -2.54978593 -0.11653103  0.55388707 -2.77010898
  3.06858498  2.18960145  1.18551998 -1.06648309  0.6027151   1.14432445
  1.31029898 -1.8735468   0.72965079]
Mon Apr  1 17:23:21 2024,5,0.25625647437525506,[-2.72503394  2.38028452 -2.5497496  -0.11653103  0.55388707 -2.77010898
  3.06858497  2.18960145  1.18551998 -1.06648309  0.6027151   1.14432444
  1.31029897 -1.87354681  0.72965079]
