{"MSE_train": [124.06983640325163], "R2_train": 0.39892328243834196, "MAE_train": 9.27348390686463, "MSE_test": 115.13603405913469, "R2_test": 0.30598141235148013, "MAE_test": 8.603475276458816}