{"MSE_train": [26.203709378419056], "R2_train": 0.8730518224435495, "MAE_train": 3.6376223198093633, "MSE_test": 16.02037324741408, "R2_test": 0.9034321712952007, "MAE_test": 3.599287386662995, "BATCH_SIZE": 32, "NUM_CORES": 16, "TOLERANCE": 1e-06, "MAX_ITER": 500, "NUM_QUBITS": 5}