{"MSE_train": [8.63641698823434], "R2_train": -0.1858450656094106, "MAE_train": 2.612638911715117, "MSE_test": 10.02867051880045, "R2_test": 0.00023523452331997152, "MAE_test": 2.7921296606418955}