{"MSE_train": [753.0912534714611], "R2_train": -0.0038121164051359013, "MAE_train": 20.285910805293664, "MSE_test": 787.9583018606435, "R2_test": -0.019050183253501052, "MAE_test": 21.026555786757175}