Time,Iteration,Cost,Parameters
Tue Mar 18 15:01:25 2025,998,0.1046637708794012,[-3.61696144  3.0842992  -2.02468474 -0.05988524  0.71813868 -2.60364457
  2.95030216  2.40343178  1.21682401 -0.99686694  1.41821522  1.11476104
  1.46407897 -1.88575032  0.77125726  3.03697327 -0.74845289 -0.5043254
 -2.01335381  0.90860943]
Tue Mar 18 15:02:06 2025,999,0.10523891120025204,[-3.6175498   3.08371085 -2.02409639 -0.05929688  0.71755032 -2.60305621
  2.95089051  2.40402013  1.21741237 -0.99627858  1.41880357  1.1153494
  1.46349061 -1.88516196  0.77184562  3.03638491 -0.74786453 -0.50491375
 -2.01276546  0.90802107]
