{"MSE_train": [1523.3713127950234], "R2_train": -1.0305355752290541, "MAE_train": 33.23201109488037, "MSE_test": 1610.1498395631895, "R2_test": -1.0823735027575814, "MAE_test": 34.437770215630174}