{"MSE_train": [3.445702133349397], "R2_train": 0.5268791585724981, "MAE_train": 1.381149028818802, "MSE_test": 16.06872329857454, "R2_test": -0.6019016030083515, "MAE_test": 2.6640186635879033}