Time,Iteration,Cost,Parameters
Mon Apr  1 21:14:34 2024,0,0.21200693585728828,[-2.46263199  2.23743466 -2.12427966 -0.11653105  0.55388708 -2.77010897
  3.06858498  2.18960148  1.18552001 -1.06648311]
Mon Apr  1 21:15:06 2024,1,0.21190527990491256,[-2.43812562  2.23743466 -2.12427966 -0.11653105  0.55388708 -2.77010897
  3.06858498  2.18960148  1.18552001 -1.06648311]
Mon Apr  1 21:15:22 2024,2,0.21190499087402534,[-2.43670154  2.23743466 -2.12427966 -0.11653105  0.55388708 -2.77010897
  3.06858498  2.18960148  1.18552001 -1.06648311]
Mon Apr  1 21:15:39 2024,3,0.211904990202149,[-2.43676708  2.23743466 -2.12427966 -0.11653105  0.55388708 -2.77010897
  3.06858498  2.18960148  1.18552001 -1.06648311]
