{"MSE_train": [1179.6819116261277], "R2_train": -0.5724243123733943, "MAE_train": 27.267503953495183, "MSE_test": 1207.093437055876, "R2_test": -0.5611089893097412, "MAE_test": 27.608176467676483}