{"MSE_train": [202.18230359575188], "R2_train": 0.020494594678097333, "MAE_train": 12.609905353774515, "MSE_test": 168.6513622390783, "R2_test": -0.016599027251952947, "MAE_test": 11.017397771001841}