{"MSE_train": [207.41122528644846], "R2_train": -0.00483777600397195, "MAE_train": 12.597538922016648, "MSE_test": 193.58390612849956, "R2_test": -0.1668877621212954, "MAE_test": 12.111674774210986}