{"MSE_train": [1021.1916618550605], "R2_train": -0.36116912607437723, "MAE_train": 25.265436963451506, "MSE_test": 1029.9513098089508, "R2_test": -0.33201473799386383, "MAE_test": 25.472572259371205}