{"MSE_train": [0.00047636867212003824], "R2_train": -0.2218265100410921, "MAE_train": 0.01579855621782307, "MSE_test": 0.0004728550078546192, "R2_test": -0.21705304945847548, "MAE_test": 0.015761806919708986}