{"MSE_train": [6.041662066559417], "R2_train": 0.1704343179041229, "MAE_train": 1.985986422007877, "MSE_test": 10.128137190614211, "R2_test": -0.009680663464574524, "MAE_test": 2.7568511649773186}