{"MSE_train": [0.10352608762989482], "R2_train": 0.7938551876428366, "MAE_train": 0.26466553613256794, "MSE_test": 0.07334087454697961, "R2_test": 0.863221839539858, "MAE_test": 0.24245857467608442, "BATCH_SIZE": 32, "NUM_CORES": 16, "TOLERANCE": 1e-06, "MAX_ITER": 1000, "NUM_QUBITS": 5}