{"MSE_train": [0.45992594729791714], "R2_train": 0.08417916416517346, "MAE_train": 0.5683313216926165, "MSE_test": 0.4480864780437145, "R2_test": 0.16433442371042595, "MAE_test": 0.5935758982829957}