{"MSE_train": [1024.6770607615083], "R2_train": -0.36581489195821937, "MAE_train": 24.122425764000283, "MSE_test": 1037.896183507248, "R2_test": -0.34228967891276496, "MAE_test": 24.58401688633039}