{"MSE_train": [787.0921791415285], "R2_train": -0.04913270803234626, "MAE_train": 20.52323636928641, "MSE_test": 804.2518656931354, "R2_test": -0.04012231254022325, "MAE_test": 21.038188217174916}