{"MSE_train": [1160.0929508534148], "R2_train": -0.5463137499670558, "MAE_train": 26.809688137012767, "MSE_test": 1144.5379774216697, "R2_test": -0.48020730650087184, "MAE_test": 26.849906303281127}