{"MSE_train": [1942.6175701499053], "R2_train": -1.589358255681662, "MAE_train": 36.99467667832504, "MSE_test": 2002.2873680731143, "R2_test": -1.589516862177745, "MAE_test": 36.9379605272598, "BATCH_SIZE": 25, "NUM_CORES": 16, "TOLERANCE": 1e-06, "MAX_ITER": 1000}