{"MSE_train": [679.1764788871617], "R2_train": 0.0947105340267429, "MAE_train": 18.902224125408473, "MSE_test": 726.5983770423052, "R2_test": 0.06030533909190261, "MAE_test": 19.505385158332775}