{"MSE_train": [0.12816221941814204], "R2_train": 0.7447988494679547, "MAE_train": 0.29565268808508244, "MSE_test": 0.11030427946811308, "R2_test": 0.7942863849153371, "MAE_test": 0.29635867043236097}