{"MSE_train": [909.0589803747541], "R2_train": -0.2117049757525269, "MAE_train": 23.151332854296047, "MSE_test": 930.2265702064773, "R2_test": -0.20304279375920364, "MAE_test": 23.77518119265917}