{"MSE_train": [756.2260277236611], "R2_train": -0.007990526872722725, "MAE_train": 20.019018337425397, "MSE_test": 777.3573861907887, "R2_test": -0.005340238158042299, "MAE_test": 20.53319173669659}