Time,Iteration,Cost,Parameters
Fri Apr  5 03:08:23 2024,0,0.32778046549978745,[-1.79022485  2.23743461 -2.12427959 -0.116531    0.5538871  -2.770109
  3.06858496  2.18960148  1.18552001 -1.06648308  0.60271515  1.14432443
  1.31029901 -1.8735467 ]
Fri Apr  5 03:09:20 2024,1,0.29804496284661897,[-1.62992113  2.23743461 -2.12427958 -0.116531    0.55388711 -2.770109
  3.06858495  2.18960148  1.18552001 -1.06648308  0.60271516  1.14432442
  1.31029901 -1.87354669]
Fri Apr  5 03:09:38 2024,2,0.2963024255012584,[-1.57906925  2.2374346  -2.12427958 -0.11653101  0.55388711 -2.77010901
  3.06858495  2.18960148  1.18552    -1.0664831   0.60271515  1.14432442
  1.31029901 -1.87354669]
Fri Apr  5 03:09:54 2024,3,0.29629956482436237,[-1.58105113  2.2374346  -2.12427958 -0.11653101  0.55388711 -2.77010901
  3.06858495  2.18960148  1.18552    -1.0664831   0.60271515  1.14432442
  1.310299   -1.87354669]
