{"MSE_train": [748.5277079173622], "R2_train": 0.002270735174742078, "MAE_train": 20.066642506341136, "MSE_test": 774.4684414380624, "R2_test": -0.0016040256291265376, "MAE_test": 20.698818063197958}