{"MSE_train": [5.9201926733641255], "R2_train": 0.1871129799857988, "MAE_train": 2.2008603677608427, "MSE_test": 10.978625130053455, "R2_test": -0.09446636598817526, "MAE_test": 2.748806048104994}