{"MSE_train": [206.9328143488061], "R2_train": -0.0025200355734209534, "MAE_train": 12.576301569013804, "MSE_test": 193.49184921782086, "R2_test": -0.16633286019459104, "MAE_test": 12.089330339889603}