{"MSE_train": [193.33731012705283], "R2_train": 0.0633456195133375, "MAE_train": 12.547811369989656, "MSE_test": 169.60280955515222, "R2_test": -0.022334174618453773, "MAE_test": 11.40632396463148}