{"MSE_train": [1726.3798019253468], "R2_train": -1.3011301149780694, "MAE_train": 32.90113646519952, "MSE_test": 1659.6828256971967, "R2_test": -1.1464334897870474, "MAE_test": 32.748327413554435}