{"MSE_train": [1108.9845367725172], "R2_train": -0.47819020575090976, "MAE_train": 25.619626867004932, "MSE_test": 1082.3519599552747, "R2_test": -0.39978341561058617, "MAE_test": 25.33684574007022}