{"MSE_train": [623.5079156271318], "R2_train": -2.0206865920316908, "MAE_train": 22.428241716975016, "MSE_test": 541.6739523170432, "R2_test": -2.2651097844831516, "MAE_test": 20.985704281461242}