{"MSE_train": [2.9971644068713625], "R2_train": 0.5884667649152975, "MAE_train": 1.2526990694846554, "MSE_test": 14.850122924999923, "R2_test": -0.4804185296126622, "MAE_test": 2.520066115595591}