{"MSE_train": [0.840929874933863], "R2_train": -0.6744893508727123, "MAE_train": 0.8156519703343192, "MSE_test": 0.9828795489288495, "R2_test": -0.8330359091950403, "MAE_test": 0.8896682244995237}