{"MSE_train": [2.2072121672308285], "R2_train": 0.7458816794113343, "MAE_train": 1.2435615639338922, "MSE_test": 3.7844273119462195, "R2_test": 0.6227279501406922, "MAE_test": 1.4603901116682838}