{"MSE_train": [794.092309151248], "R2_train": -0.05846333733892317, "MAE_train": 20.792585427876485, "MSE_test": 813.330249806604, "R2_test": -0.051863199047326836, "MAE_test": 21.296981677111667}