{"MSE_train": [227.6305360764044], "R2_train": -0.1027935508587472, "MAE_train": 13.231385708407208, "MSE_test": 214.8609325783672, "R2_test": -0.2951417181201017, "MAE_test": 12.615998634448655, "hyperparameters": {"alpha": 0.001, "beta": 0.001}}