Time,Iteration,Cost,Parameters
Thu Apr  4 17:45:11 2024,0,0.3597146207892242,[-7.59805192  2.23743527 -2.12427837 -0.11653103  0.55388708 -2.77010897
  3.06858498  2.18960145  1.18551998 -1.06648308  0.6027151   1.14432445
  1.31029899 -1.8735468 ]
Thu Apr  4 17:45:53 2024,1,0.35939792055373604,[-7.57667226  2.23743527 -2.12427837 -0.11653103  0.55388708 -2.77010897
  3.06858498  2.18960145  1.18551998 -1.06648308  0.6027151   1.14432445
  1.31029899 -1.8735468 ]
Thu Apr  4 17:46:11 2024,2,0.3593828342803901,[-7.57087207  2.23743527 -2.12427837 -0.11653102  0.55388708 -2.77010897
  3.06858498  2.18960146  1.18551999 -1.06648308  0.60271511  1.14432446
  1.31029899 -1.8735468 ]
