{"MSE_train": [879.6048144248705], "R2_train": -0.17244486149305183, "MAE_train": 23.028700336123308, "MSE_test": 912.1361275603173, "R2_test": -0.17964679824754448, "MAE_test": 23.77701021876173}