{"MSE_train": [256.2689583859259], "R2_train": -0.24153709543797275, "MAE_train": 14.428502659546291, "MSE_test": 224.7467360897383, "R2_test": -0.3547315020378694, "MAE_test": 12.87281871996665}