{"MSE_train": [256.2982273406416], "R2_train": -0.24167889370044282, "MAE_train": 14.479338406621318, "MSE_test": 226.04489486851577, "R2_test": -0.362556561582025, "MAE_test": 12.99887528062683}