{"MSE_train": [0.22645545436545572], "R2_train": 0.5490738787085903, "MAE_train": 0.40851173338225094, "MSE_test": 0.2723163038636332, "R2_test": 0.49213963787800585, "MAE_test": 0.470499356197995}