{"MSE_train": [210.40590386538466], "R2_train": -0.01934598865711612, "MAE_train": 12.676631296932666, "MSE_test": 186.80038776555412, "R2_test": -0.12599797577411942, "MAE_test": 12.019261581251287}