{"MSE_train": [3.6074097495673714], "R2_train": 0.5046754855649551, "MAE_train": 1.5830354170852012, "MSE_test": 7.171707618404902, "R2_test": 0.28504774668382293, "MAE_test": 2.096270042187366}