{"MSE_train": [750.7413562044462], "R2_train": -0.0006798859641854449, "MAE_train": 19.98598828498221, "MSE_test": 776.6496275298945, "R2_test": -0.0044249085125769305, "MAE_test": 20.58703689252369}