{"MSE_train": [832.9608075667221], "R2_train": -0.11027202516536505, "MAE_train": 22.197503635109072, "MSE_test": 857.2412708938825, "R2_test": -0.10865241489818467, "MAE_test": 22.585953579197337}