{"MSE_train": [758.196021968292], "R2_train": -0.010616376107982495, "MAE_train": 20.195281048250624, "MSE_test": 776.5111849105923, "R2_test": -0.00424586353489631, "MAE_test": 20.64537448011962}