{"MSE_train": [4.3918062247728615], "R2_train": 0.3969719447480806, "MAE_train": 1.3645818802108987, "MSE_test": 3.592703217427446, "R2_test": 0.6418410513272806, "MAE_test": 1.5701882534512814, "hyperparameters": {"alpha": 0.001, "beta": 0.001}}