{"MSE_train": [119.55683914416252], "R2_train": 0.4207872395249087, "MAE_train": 8.948972337794649, "MSE_test": 153.05110752282116, "R2_test": 0.07743640512687278, "MAE_test": 9.78778637958499, "MAX_ITER": 1000}