{"MSE_train": [118.92649864877072], "R2_train": 0.42384102767277765, "MAE_train": 8.928058354451725, "MSE_test": 148.75315422062891, "R2_test": 0.10334366782653082, "MAE_test": 9.67690560262379}