{"MSE_train": [117.30362494206202], "R2_train": 0.43170330611953167, "MAE_train": 7.978271649633449, "MSE_test": 100.49854140842851, "R2_test": 0.3942134941595187, "MAE_test": 7.158716427844283, "BATCH_SIZE": 32, "NUM_CORES": 16, "TOLERANCE": 1e-06, "MAX_ITER": 500, "NUM_QUBITS": 5}