{"MSE_train": [1115.6777165796525], "R2_train": -0.4871116942912559, "MAE_train": 25.664935782432917, "MSE_test": 1109.3011545090592, "R2_test": -0.43463625183773114, "MAE_test": 25.848916429704417}