{"MSE_train": [2.697327312629317], "R2_train": 0.6296366550651111, "MAE_train": 1.3677139542326395, "MSE_test": 3.411112984098428, "R2_test": 0.6599439012211623, "MAE_test": 1.4583195801907027}