{"MSE_train": [769.3410931241432], "R2_train": -0.025471889849339124, "MAE_train": 20.477291505627736, "MSE_test": 795.4166152755643, "R2_test": -0.028695865816004584, "MAE_test": 21.170348827628516}