{"MSE_train": [0.08752659883643357], "R2_train": 0.8257139363954186, "MAE_train": 0.24216611954789719, "MSE_test": 0.057709425009276415, "R2_test": 0.8923739450512673, "MAE_test": 0.20883616465968274}