{"MSE_train": [228.89927131265713], "R2_train": -0.10894014727065016, "MAE_train": 13.543787736293472, "MSE_test": 202.25702367394683, "R2_test": -0.21916770070515668, "MAE_test": 12.184673904374034}