{"MSE_train": [1.031633383253633], "R2_train": 0.8583489705608378, "MAE_train": 0.7738885846548387, "MSE_test": 2.007264189977933, "R2_test": 0.799894511602415, "MAE_test": 1.1387366373656105, "BATCH_SIZE": 32, "NUM_CORES": 16, "TOLERANCE": 1e-06, "MAX_ITER": 1000, "NUM_QUBITS": 5}