{"MSE_train": [0.00042978173576727465], "R2_train": -0.10233680135793954, "MAE_train": 0.014633684369068548, "MSE_test": 0.00042706991504039467, "R2_test": -0.09920955429891176, "MAE_test": 0.014618100666268119}