{"MSE_train": [884.8547498970137], "R2_train": -0.1794426174927266, "MAE_train": 22.757706399028827, "MSE_test": 885.7249026147542, "R2_test": -0.14548970699389407, "MAE_test": 22.985790194563446}