{"MSE_train": [1.0848523956213296], "R2_train": 0.851041599541257, "MAE_train": 0.861883243104707, "MSE_test": 12.946674788098344, "R2_test": -0.2906625318840568, "MAE_test": 2.2039498569343747, "hyperparameters": {"alpha": 0.001, "beta": 0.001}}