{"MSE_train": [665.0920778668426], "R2_train": 0.11348394605527723, "MAE_train": 19.30059728770388, "MSE_test": 711.1227064166145, "R2_test": 0.08031970400162103, "MAE_test": 20.180670142010214}