{"MSE_train": [665.0865049110955], "R2_train": 0.1134913743722008, "MAE_train": 19.301190980676097, "MSE_test": 711.1930221944133, "R2_test": 0.08022876605974982, "MAE_test": 20.18262594263837}