{"MSE_train": [877.508660849188], "R2_train": -0.16965085167363525, "MAE_train": 22.675893494328868, "MSE_test": 917.9850109994943, "R2_test": -0.18721103829228714, "MAE_test": 23.12663932145528}