{"MSE_train": [0.08713042163543483], "R2_train": 0.8265028184697807, "MAE_train": 0.25067253979023024, "MSE_test": 0.09611948458295641, "R2_test": 0.8207405302044467, "MAE_test": 0.27064018384537847, "hyperparameters": {"alpha": 0.001, "beta": 0.001}}