{"MSE_train": [0.47538759581490264], "R2_train": 0.05339138202024096, "MAE_train": 0.6059506007621465, "MSE_test": 0.6018343915949738, "R2_test": -0.12240004625632506, "MAE_test": 0.7094220652308645}