{"MSE_train": [85.93580233639803], "R2_train": 0.5836698791033803, "MAE_train": 6.500680001353646, "MSE_test": 78.9616580758866, "R2_test": 0.5240338190903289, "MAE_test": 5.850518926205123}