{"MSE_train": [85.98481506782232], "R2_train": 0.5834324288690824, "MAE_train": 6.492683658379022, "MSE_test": 78.42258826370798, "R2_test": 0.5272832316026619, "MAE_test": 5.893734265196974, "MAX_ITER": 1000}