{"MSE_train": [764.6859653073525], "R2_train": -0.01926696623036328, "MAE_train": 20.02568886318339, "MSE_test": 786.4050955435548, "R2_test": -0.017041453631232883, "MAE_test": 20.616984194388202}