{"MSE_train": [64.1785717075567], "R2_train": 0.689076359427176, "MAE_train": 5.924845653404416, "MSE_test": 72.97719750134138, "R2_test": 0.56010703378566, "MAE_test": 5.657818039851248, "hyperparameters": {"alpha": 0.001, "beta": 0.001}}