{"MSE_train": [64.17857197525603], "R2_train": 0.6890763581302626, "MAE_train": 5.9248456071217666, "MSE_test": 72.97719150624432, "R2_test": 0.5601070699229893, "MAE_test": 5.657817769174176, "hyperparameters": {"alpha": 0.001, "beta": 0.001}}