Time,Iteration,Cost,Parameters
Thu Apr  4 13:16:59 2024,0,0.2589418146145701,[-4.14791726  2.23743453 -2.12427964 -0.11653103  0.55388708]
Thu Apr  4 13:17:07 2024,1,0.25438520607790016,[-4.36978874  2.23743451 -2.12427964 -0.11653103  0.55388708]
Thu Apr  4 13:17:09 2024,2,0.254382273464965,[-4.37606053  2.23743451 -2.12427964 -0.11653103  0.55388708]
Thu Apr  4 13:17:11 2024,3,0.2543822332406225,[-4.3754061   2.23743451 -2.12427964 -0.11653103  0.55388708]
