{"MSE_train": [108.81463099309967], "R2_train": 0.4728296327607534, "MAE_train": 7.642998880126283, "MSE_test": 114.88685771914766, "R2_test": 0.30748340095970683, "MAE_test": 8.141407752854384, "hyperparameters": {"alpha": 0.001, "beta": 0.001}}