{"MSE_train": [759.1958860837732], "R2_train": -0.011949117272153753, "MAE_train": 20.196677070776108, "MSE_test": 775.666429003706, "R2_test": -0.003153358183173749, "MAE_test": 20.62358395365697}