{"MSE_train": [0.34113013288274685], "R2_train": 0.3207295973176387, "MAE_train": 0.49399011516172264, "MSE_test": 0.23968538724697225, "R2_test": 0.5529951536667657, "MAE_test": 0.4633592456839728}