{"MSE_train": [0.34113013288274685], "R2_train": 0.3207295973176387, "MAE_train": 0.49399011516172264, "MSE_test": 0.23968538724697225, "R2_test": 0.5529951536667657, "MAE_test": 0.4633592456839728, "BATCH_SIZE": 32, "NUM_CORES": 16, "TOLERANCE": 1e-06, "MAX_ITER": 1000, "NUM_QUBITS": 5}