{"MSE_train": [0.138638794937185], "R2_train": 0.7239375212369522, "MAE_train": 0.31725046070822105, "MSE_test": 0.1608528120984981, "R2_test": 0.7000151432666613, "MAE_test": 0.35979060462491974}