Time,Iteration,Cost,Parameters
Mon Nov  4 14:52:07 2024,280,0.11253894982745315,[-2.90522007  2.24040951 -2.11880742 -0.09588702  0.54914523 -2.77360915
  3.07634376  2.19460514  1.19140241 -1.06427524  0.62344906  1.13773505
  1.3063552  -1.88784265  0.72800345  2.87700145 -0.53396062 -0.47680002
 -2.04302121  0.72455515  1.59713043  2.83752177 -1.26471782 -0.25255648
 -2.39010035 -2.27436045  3.13157582  2.5489632  -0.67323361 -2.68767771
  1.51836308 -0.05575678 -2.34173438  2.04166078  1.15164048 -0.64726487
  1.02798161 -1.92572161 -0.31927948  2.3219089  -0.20450454  0.58152793
  2.68193398  1.07210532  2.57788967  2.94492713  2.77387242 -2.93841215]
