{"MSE_train": [2.9252718148530574], "R2_train": 0.9858280398248238, "MAE_train": 1.1911564952068594, "MSE_test": 54.20885138973622, "R2_test": 0.6732391315456434, "MAE_test": 3.014598712649177, "BATCH_SIZE": 32, "NUM_CORES": 16, "TOLERANCE": 1e-06, "MAX_ITER": 500, "NUM_QUBITS": 5}