{"MSE_train": [1.9178918435834973], "R2_train": 0.9907084576928705, "MAE_train": 1.049036346617856, "MSE_test": 53.28536397352036, "R2_test": 0.6788057418388564, "MAE_test": 2.926197397860804}