{"MSE_train": [97.64789816067427], "R2_train": 0.5269287056005588, "MAE_train": 8.422954687714341, "MSE_test": 108.54136299524139, "R2_test": 0.34573286232255607, "MAE_test": 8.789224388295931, "hyperparameters": {"alpha": 0.001, "beta": 0.001}}