{"MSE_train": [1253.6637470485625], "R2_train": -0.6710363496910539, "MAE_train": 27.869579131275366, "MSE_test": 1347.190488702513, "R2_test": -0.7422936101414028, "MAE_test": 29.28820315553376}