Time,Iteration,Cost,Parameters
Tue Mar 19 17:17:21 2024,0,0.43575234130266094,[-5.48589409  2.237434   -2.12427964 -0.11653103  0.55388676]
Tue Mar 19 17:17:27 2024,1,0.37734451595329677,[-4.1806639   2.23743431 -2.12427964 -0.11653103  0.55388692]
Tue Mar 19 17:17:31 2024,2,0.37731206678691176,[-4.20222792  2.23743431 -2.12427964 -0.11653103  0.55388691]
Tue Mar 19 17:17:32 2024,3,0.3773120663292492,[-4.20230919  2.23743431 -2.12427964 -0.11653103  0.55388691]
