Time,Iteration,Cost,Parameters
Mon Mar 18 18:44:49 2024,0,0.43575234130266094,[-5.48589409  2.237434   -2.12427964 -0.11653103  0.55388676]
Mon Mar 18 18:44:53 2024,1,0.37734451595329677,[-4.1806639   2.23743431 -2.12427964 -0.11653103  0.55388692]
Mon Mar 18 18:44:55 2024,2,0.37731206678691176,[-4.20222792  2.23743431 -2.12427964 -0.11653103  0.55388691]
Mon Mar 18 18:44:57 2024,3,0.3773120663292492,[-4.20230919  2.23743431 -2.12427964 -0.11653103  0.55388691]
