{"MSE_train": [2.2136710678850027], "R2_train": 0.6960462983306663, "MAE_train": 0.8237227451590174, "MSE_test": 12.519089425424918, "R2_test": -0.24803626561744974, "MAE_test": 2.016287789259181}