{"MSE_train": [626.629652446808], "R2_train": 0.16475137013567487, "MAE_train": 19.137358929598374, "MSE_test": 623.2190101626419, "R2_test": 0.19400373723630537, "MAE_test": 18.985275652129864}