{"MSE_train": [762.4207809396411], "R2_train": -0.0162476515009482, "MAE_train": 20.386640767927155, "MSE_test": 798.4396631102875, "R2_test": -0.03260551108871046, "MAE_test": 21.201691032214335}