{"MSE_train": [1118.2909674656955], "R2_train": -0.49059495464054903, "MAE_train": 25.390916504119918, "MSE_test": 1177.3243773517954, "R2_test": -0.5226092797755011, "MAE_test": 26.174457685449365, "BATCH_SIZE": 25, "NUM_CORES": 16, "TOLERANCE": 1e-06, "MAX_ITER": 1000}