{"MSE_train": [831.0014834978913], "R2_train": -0.10766039844524267, "MAE_train": 21.89825251203067, "MSE_test": 843.7185379242453, "R2_test": -0.09116374388823822, "MAE_test": 22.274184072238523}