{"MSE_train": [100.13996092486931], "R2_train": 0.5148554978839672, "MAE_train": 6.960714076837054, "MSE_test": 76.59490992490882, "R2_test": 0.5383001365163548, "MAE_test": 5.907186052250606}