{"MSE_train": [1150.5433885412378], "R2_train": -0.5335849255236151, "MAE_train": 25.779030430217198, "MSE_test": 1246.5326705717944, "R2_test": -0.6121149347346073, "MAE_test": 26.862350976595184, "BATCH_SIZE": 25, "NUM_CORES": 16, "TOLERANCE": 1e-06, "MAX_ITER": 1000}