{"MSE_train": [0.23519699938998212], "R2_train": 0.9677056814703697, "MAE_train": 0.38040577009326326, "MSE_test": 12.384876486035209, "R2_test": -0.23465648934288375, "MAE_test": 1.780598808241973}