{"MSE_train": [663.0658541405132], "R2_train": 0.11618474481991725, "MAE_train": 19.499818268083533, "MSE_test": 696.0912629616182, "R2_test": 0.09975955909447032, "MAE_test": 19.822189409624745}