{"MSE_train": [2.8561123257949044], "R2_train": 0.9861630943382851, "MAE_train": 1.2571393376500037, "MSE_test": 2.1139899292531665, "R2_test": 0.9872572620987627, "MAE_test": 1.237105483422249}