{"MSE_train": [2.8658537584002204], "R2_train": 0.9861159003666922, "MAE_train": 1.2596175628603379, "MSE_test": 2.121401448671816, "R2_test": 0.9872125868389166, "MAE_test": 1.2381992536280075}