{"MSE_train": [4.498491740731415], "R2_train": 0.9782063172815935, "MAE_train": 1.630719320649203, "MSE_test": 3.4208142840376334, "R2_test": 0.9793799680750136, "MAE_test": 1.4481727518274732}