{"MSE_train": [4.922243328725375], "R2_train": 0.3241389373568022, "MAE_train": 1.7167201966657184, "MSE_test": 7.8752526026250065, "R2_test": 0.21491088409246528, "MAE_test": 2.375925643589759}