{"MSE_train": [2.911880883246737], "R2_train": 0.6001768347053298, "MAE_train": 1.375331084896112, "MSE_test": 6.342637926048495, "R2_test": 0.36769825005699286, "MAE_test": 1.9622067253586344}