{"MSE_train": [3.2759392387766533], "R2_train": 0.5501888819365869, "MAE_train": 1.2945465714395865, "MSE_test": 4.881692947188559, "R2_test": 0.5133408166789686, "MAE_test": 1.7109343688212466, "hyperparameters": {"alpha": 0.001, "beta": 0.001}}