{"MSE_train": [1.0930288936188681], "R2_train": 0.8499189048152432, "MAE_train": 0.8489491423389502, "MSE_test": 1.690228284633201, "R2_test": 0.8315000296978061, "MAE_test": 1.0466089267227, "hyperparameters": {"alpha": 0.001, "beta": 0.001}}