{"MSE_train": [808.9098800941713], "R2_train": -0.07821400789794963, "MAE_train": 20.817292548669208, "MSE_test": 824.4537228324795, "R2_test": -0.06624895676910847, "MAE_test": 21.186271976161894}