{"MSE_train": [923.0762534011201], "R2_train": -0.23038891138179407, "MAE_train": 23.065086375644132, "MSE_test": 930.8454056140181, "R2_test": -0.20384312079931388, "MAE_test": 23.265393112337367}