Time,Iteration,Cost,Parameters
Wed Mar 19 10:31:29 2025,997,0.11671710851126574,[-3.42279318  2.12422539 -2.25321766 -0.18130149  0.63547588 -2.80044196
  2.98681986  2.21708124  1.17217036 -0.97814781  1.69663533  1.09594548
  1.30166164 -1.80371378  0.79731768  2.90241005 -0.54923309 -0.243088
 -1.72837976  0.81218302]
Wed Mar 19 10:32:28 2025,998,0.1172258710816599,[-3.42159109  2.12542748 -2.25201557 -0.18250358  0.63667797 -2.79923987
  2.98561777  2.21587915  1.17337245 -0.9793499   1.69783742  1.09714757
  1.30286373 -1.80491586  0.79611559  2.90120796 -0.548031   -0.24429009
 -1.72717767  0.81098093]
Wed Mar 19 10:33:23 2025,999,0.11831103338025178,[-3.42165341  2.12536516 -2.2520779  -0.1825659   0.63674029 -2.79930219
  2.98555544  2.21594147  1.17331012 -0.97928758  1.6977751   1.09708525
  1.30292605 -1.80497819  0.79605327  2.90127029 -0.54809332 -0.24422776
 -1.72711535  0.81104325]
