{"MSE_train": [0.415237521412214], "R2_train": 0.17316434055548735, "MAE_train": 0.5552144715833807, "MSE_test": 0.5322255498573718, "R2_test": 0.007418003820669039, "MAE_test": 0.6405509640972012}