{"MSE_train": [141.15084375548832], "R2_train": 0.3161715344747258, "MAE_train": 10.84265530812114, "MSE_test": 135.63034275672027, "R2_test": 0.18244553330751478, "MAE_test": 10.275606046240148, "hyperparameters": {"alpha": 0.001, "beta": 0.001}}