{"MSE_train": [141.15084360785573], "R2_train": 0.316171535189956, "MAE_train": 10.842655335701696, "MSE_test": 135.63034493209386, "R2_test": 0.18244552019476767, "MAE_test": 10.275606121983028, "hyperparameters": {"alpha": 0.001, "beta": 0.001}}