{"MSE_train": [611.7290474166039], "R2_train": 0.1714631729183812, "MAE_train": 18.680541204859185, "MSE_test": 634.6316935553476, "R2_test": 0.17924394972561042, "MAE_test": 18.8462845646384}