{"MSE_train": [1503.1541141923728], "R2_train": -1.0035876206172314, "MAE_train": 32.062739811711154, "MSE_test": 1517.1217488105083, "R2_test": -0.9620621960483473, "MAE_test": 32.46515043026887}