{"MSE_train": [1.3150150628977897], "R2_train": 0.8194385327082032, "MAE_train": 1.0471803661447052, "MSE_test": 10.79313758709733, "R2_test": -0.07597499073213032, "MAE_test": 2.266941675487915, "BATCH_SIZE": 32, "NUM_CORES": 16, "TOLERANCE": 1e-06, "MAX_ITER": 1000, "NUM_QUBITS": 5}