{"MSE_train": [4.508727348303819], "R2_train": 0.38091779432973216, "MAE_train": 1.699665813179961, "MSE_test": 12.643523141790562, "R2_test": -0.2604411447114905, "MAE_test": 2.7229244312915197}