{"MSE_train": [1.0841127830332153], "R2_train": 0.8511431539172526, "MAE_train": 0.7647333817422611, "MSE_test": 9.026328902112345, "R2_test": 0.10015933009083133, "MAE_test": 1.90285206446236, "BATCH_SIZE": 32, "NUM_CORES": 16, "TOLERANCE": 1e-06, "MAX_ITER": 1000, "NUM_QUBITS": 5}