{"MSE_train": [0.18889912412714213], "R2_train": 0.6238573736425299, "MAE_train": 0.368409423160608, "MSE_test": 0.15831124209944822, "R2_test": 0.70475508223382, "MAE_test": 0.33365122767220545, "BATCH_SIZE": 32, "NUM_CORES": 16, "TOLERANCE": 1e-06, "MAX_ITER": 1000, "NUM_QUBITS": 5}