{"MSE_train": [823.0147078277797], "R2_train": -0.09701464714789143, "MAE_train": 21.402371366421963, "MSE_test": 838.6902233102064, "R2_test": -0.08466072854238438, "MAE_test": 21.95881854523677}