{"MSE_train": [931.0293284044856], "R2_train": -0.24098974230933012, "MAE_train": 23.167721477266905, "MSE_test": 917.9563251902574, "R2_test": -0.18717393952818928, "MAE_test": 23.03662170622813}