{"MSE_train": [670.051204799401], "R2_train": 0.10687381523946116, "MAE_train": 19.20533702287311, "MSE_test": 711.6909723796406, "R2_test": 0.07958477737873881, "MAE_test": 20.071569330868265}