{"MSE_train": [7.872439683213654], "R2_train": -0.0809452305701146, "MAE_train": 2.3346701779116517, "MSE_test": 16.949225771815573, "R2_test": -0.6896794741639745, "MAE_test": 3.0883298921514983, "hyperparameters": {"alpha": 0.001, "beta": 0.001}}