{"MSE_train": [1.0561640323080213], "R2_train": 0.8549807277841202, "MAE_train": 0.8263047868327419, "MSE_test": 1.9886069929337409, "R2_test": 0.8017544598570088, "MAE_test": 1.1752926726197994, "BATCH_SIZE": 32, "NUM_CORES": 16, "TOLERANCE": 1e-06, "MAX_ITER": 1000, "NUM_QUBITS": 5}