{"MSE_train": [3.8017607315583595], "R2_train": 0.4779896327044073, "MAE_train": 1.4322377009095173, "MSE_test": 7.154159462282648, "R2_test": 0.2867971339188732, "MAE_test": 2.130867141406684}