{"MSE_train": [1515.535434186598], "R2_train": -1.0200909579883688, "MAE_train": 31.199177149268163, "MSE_test": 1652.106879170796, "R2_test": -1.1366356747531592, "MAE_test": 32.78141155553125}