{"MSE_train": [1520.3687342461442], "R2_train": -1.0265333713607587, "MAE_train": 33.15276674913673, "MSE_test": 1606.4771123830762, "R2_test": -1.0776236406175457, "MAE_test": 34.38028106704508}