{"MSE_train": [204.8962395557682], "R2_train": 0.007346485791927981, "MAE_train": 12.558639262786988, "MSE_test": 191.2602567138079, "R2_test": -0.15288123585736013, "MAE_test": 12.078459828333575}