{"MSE_train": [206.7106308770608], "R2_train": -0.001443631221124786, "MAE_train": 13.575865674373654, "MSE_test": 218.9899913438203, "R2_test": -0.3200309159818737, "MAE_test": 14.690217855545836}