{"MSE_train": [3.789266490752058], "R2_train": 0.479705186021121, "MAE_train": 1.4997827452580528, "MSE_test": 3.9304437368577823, "R2_test": 0.6081714766247077, "MAE_test": 1.6293848592057578, "hyperparameters": {"alpha": 0.001, "beta": 0.001}}