{"MSE_train": [4.546614249998372], "R2_train": 0.37571563752246806, "MAE_train": 1.6370421735781542, "MSE_test": 12.505980107490192, "R2_test": -0.2467293890832174, "MAE_test": 2.6610260013713565}