{"MSE_train": [1.315015062897789], "R2_train": 0.8194385327082033, "MAE_train": 1.0471803661447048, "MSE_test": 10.793137587097332, "R2_test": -0.07597499073213054, "MAE_test": 2.266941675487916, "BATCH_SIZE": 32, "NUM_CORES": 16, "TOLERANCE": 1e-06, "MAX_ITER": 1000, "NUM_QUBITS": 5}