{"MSE_train": [0.5020736998958185], "R2_train": 0.0002530664106441538, "MAE_train": 0.6191903917670812, "MSE_test": 0.569467939576406, "R2_test": -0.06203774767362469, "MAE_test": 0.6784149392967912}