{"MSE_train": [0.4985262447464994], "R2_train": 0.007316884747102348, "MAE_train": 0.6199313562799781, "MSE_test": 0.5520369128660562, "R2_test": -0.029529493809730356, "MAE_test": 0.6703566770202827}