{"MSE_train": [762.3112787025609], "R2_train": -0.016101693528593586, "MAE_train": 20.119957553796716, "MSE_test": 772.056496307476, "R2_test": 0.0015152931489327282, "MAE_test": 20.383347870478822}