{"MSE_train": [3296.9532262032853], "R2_train": -3.394582436628016, "MAE_train": 47.39703283189296, "MSE_test": 3396.4447425378917, "R2_test": -3.392551774783838, "MAE_test": 47.51944763514321}