{"MSE_train": [808.0952234543598], "R2_train": -0.07712813390594264, "MAE_train": 21.453985225196437, "MSE_test": 801.9803299508214, "R2_test": -0.03718458232149735, "MAE_test": 21.477729096281564}