{"MSE_train": [761.2688235716494], "R2_train": -0.014712181850700778, "MAE_train": 20.16672750785378, "MSE_test": 779.3222436136558, "R2_test": -0.007881347645830594, "MAE_test": 20.5791916160394}