{"MSE_train": [3.0607272483116823], "R2_train": 0.5797391082978827, "MAE_train": 1.2787969615078774, "MSE_test": 14.7359088135667, "R2_test": -0.4690324496614764, "MAE_test": 2.472454300777633}