{"MSE_train": [7.929932054260015e-05], "R2_train": 0.7966070866163506, "MAE_train": 0.0064254454435595946, "MSE_test": 7.801353008107933e-05, "R2_test": 0.7992056695878544, "MAE_test": 0.006392805195374082}