{"MSE_train": [764.7129948989027], "R2_train": -0.01930299457536755, "MAE_train": 20.211454025048315, "MSE_test": 809.2285455406367, "R2_test": -0.046558549709899255, "MAE_test": 21.051588014032472}