Time,Iteration,Cost,Parameters
Mon Mar 18 18:16:13 2024,0,0.25772946118425,[-2.47875077  2.29833538 -1.99191923 -0.11653102  0.55388709 -2.77010897
  3.06858498  2.18960146  1.18551999 -1.06648309  0.02396758  1.14432446
  0.61475601 -1.87354679  0.72965081  2.8857842  -0.54534334 -0.47522485
 -2.0265424   0.7289737   1.60512664  2.83077108 -1.26456709 -0.25136104]
