{"MSE_train": [2976.224526839769], "R2_train": -2.967076004949404, "MAE_train": 44.37192269016517, "MSE_test": 2954.1850899178, "R2_test": -2.8205865083682036, "MAE_test": 43.2729442173189, "BATCH_SIZE": 25, "NUM_CORES": 16, "TOLERANCE": 1e-06, "MAX_ITER": 1000}