{"MSE_train": [0.043699432184366886], "R2_train": 0.9117456867693564, "MAE_train": 0.17604553215250868, "MSE_test": 0.02815065979850077, "R2_test": 0.9475000061457983, "MAE_test": 0.15303218527000992}