{"MSE_train": [743.875297571595], "R2_train": 0.008472036616024692, "MAE_train": 19.652484590529845, "MSE_test": 770.9103423263941, "R2_test": 0.0029975903995614894, "MAE_test": 20.326812234125605}