{"MSE_train": [876.7753939017177], "R2_train": -0.1686734638165368, "MAE_train": 22.759892249654015, "MSE_test": 885.8695057422434, "R2_test": -0.1456767192294639, "MAE_test": 23.14310796966059}