{"MSE_train": [743.8901200819345], "R2_train": 0.008452279361633841, "MAE_train": 19.653372306547904, "MSE_test": 770.9046258763999, "R2_test": 0.0030049833661695002, "MAE_test": 20.32720656244845}