Time,Iteration,Cost,Parameters
Wed Mar 19 10:36:32 2025,998,0.1071393393335992,[-3.14421829  1.92196114 -2.31615278 -0.07920377  0.4652132  -3.00085386
  3.29412579  1.88795649  1.35211789 -1.10097362  1.80726491  0.92773063
  1.29809645 -1.85163347  0.84199158  2.67921151 -0.59826415 -0.39121864
 -1.96205141  0.78819783]
Wed Mar 19 10:37:26 2025,999,0.10848727320952048,[-3.14490728  1.92265013 -2.31546379 -0.07851477  0.46452421 -3.00154286
  3.29343679  1.8872675   1.35280688 -1.10028462  1.80657592  0.92841963
  1.29878545 -1.85232247  0.84268058  2.6799005  -0.59895315 -0.39052964
 -1.96136241  0.78750883]
