{"MSE_train": [1153.5143978511032], "R2_train": -0.5375450500496244, "MAE_train": 26.48594795785394, "MSE_test": 1241.1185888624464, "R2_test": -0.6051130147789034, "MAE_test": 27.90985915701234}