{"MSE_train": [856.993550301538], "R2_train": -0.14230580359055822, "MAE_train": 22.281553206029386, "MSE_test": 898.9981178958426, "R2_test": -0.1626556819352285, "MAE_test": 23.187175962201966}