{"MSE_train": [72.11373314924977], "R2_train": 0.6506331654086684, "MAE_train": 5.602787508063034, "MSE_test": 68.40144788641838, "R2_test": 0.5876888009633541, "MAE_test": 6.0517761718625}