{"MSE_train": [25.14678053061313], "R2_train": 0.8781722879890231, "MAE_train": 3.27113496497599, "MSE_test": 13.910228865623498, "R2_test": 0.9161517289519513, "MAE_test": 3.2233560996747608}