{"MSE_train": [76.29845809247834], "R2_train": 0.6303595775190314, "MAE_train": 5.934445291801239, "MSE_test": 79.22555208455584, "R2_test": 0.522443115114096, "MAE_test": 6.516727257161728, "MAX_ITER": 1000}