{"MSE_train": [0.2847221549433659], "R2_train": 0.43305116083824124, "MAE_train": 0.3932892098409912, "MSE_test": 0.2421576421943299, "R2_test": 0.5483844848415466, "MAE_test": 0.3737245620941462, "BATCH_SIZE": 32, "NUM_CORES": 16, "TOLERANCE": 1e-06, "MAX_ITER": 1000, "NUM_QUBITS": 5}