{"MSE_train": [756.0678625060324], "R2_train": -0.007779704929010478, "MAE_train": 20.20545992046074, "MSE_test": 776.6303738609224, "R2_test": -0.00440000814050423, "MAE_test": 20.662384533742244}