{"MSE_train": [795.4673530751143], "R2_train": -0.06029616403157645, "MAE_train": 21.31150385406818, "MSE_test": 820.7317723012862, "R2_test": -0.06143543508665816, "MAE_test": 21.749579337408495}