{"MSE_train": [800.7097352139425], "R2_train": -0.06728385202492948, "MAE_train": 21.033416429168756, "MSE_test": 831.0826663395707, "R2_test": -0.07482203237441287, "MAE_test": 21.813761404471443}