{"MSE_train": [690.4259444970078], "R2_train": 0.07971587059094665, "MAE_train": 19.118141618068023, "MSE_test": 726.9961552116606, "R2_test": 0.05979090080827931, "MAE_test": 19.770635262391323}