{"MSE_train": [628.9961282426319], "R2_train": 0.161597041804178, "MAE_train": 18.746835549757837, "MSE_test": 636.0689506743324, "R2_test": 0.17738517480436755, "MAE_test": 18.88153227793104}