{"MSE_train": [0.23320121807093672], "R2_train": 0.9679797172692953, "MAE_train": 0.3615257197662566, "MSE_test": 5.515534110346244, "R2_test": 0.450152773892455, "MAE_test": 1.2256467327797431, "BATCH_SIZE": 32, "NUM_CORES": 16, "TOLERANCE": 1e-06, "MAX_ITER": 1000, "NUM_QUBITS": 5}