{"MSE_train": [0.250056988618976], "R2_train": 0.5437629852429825, "MAE_train": 0.4304209572699586, "MSE_test": 0.1995941962164413, "R2_test": 0.5616194280999794, "MAE_test": 0.38920451891653585}