{"MSE_train": [0.2615034197951665], "R2_train": 0.493427575803819, "MAE_train": 0.4281542457219492, "MSE_test": 0.2873669871878609, "R2_test": 0.5055641115700369, "MAE_test": 0.4783437246193819}