{"MSE_train": [0.03271758826117552], "R2_train": 0.9403057083876472, "MAE_train": 0.14968160753356033, "MSE_test": 0.0658605237241451, "R2_test": 0.8553466252870567, "MAE_test": 0.22587378904566294}