{"MSE_train": [0.03659997398970106], "R2_train": 0.9291002099934192, "MAE_train": 0.15755298849370838, "MSE_test": 0.05985790103185571, "R2_test": 0.8970101097350803, "MAE_test": 0.19825245352057902}