{"MSE_train": [0.01739261819264532], "R2_train": 0.9663078182003577, "MAE_train": 0.097268180126343, "MSE_test": 0.07497888597975973, "R2_test": 0.8709933508170996, "MAE_test": 0.21068029938510086}