{"MSE_train": [0.015254814890550767], "R2_train": 0.9721670998088329, "MAE_train": 0.09344700501581678, "MSE_test": 0.06698458510111069, "R2_test": 0.8528777826121399, "MAE_test": 0.21954307898308884}