{"MSE_train": [0.0], "R2_train": 1.0, "MAE_train": 0.0, "MSE_test": 0.06923025993328218, "R2_test": 0.8808842817634704, "MAE_test": 0.20633241713612968}