{"MSE_train": [0.0], "R2_train": 1.0, "MAE_train": 0.0, "MSE_test": 0.07166849780978513, "R2_test": 0.8425902273080175, "MAE_test": 0.2283767722847549}