{"MSE_train": [0.03197889481047501], "R2_train": 0.9416534783365275, "MAE_train": 0.1497766759006452, "MSE_test": 0.06683263433847039, "R2_test": 0.8532115210849492, "MAE_test": 0.22476807344580152}