{"MSE_train": [0.031078206798936154], "R2_train": 0.9397967239964243, "MAE_train": 0.14437459064321542, "MSE_test": 0.14182418830652582, "R2_test": 0.7559811263207006, "MAE_test": 0.25312873601629665}