{"MSE_train": [0.22443663462965197], "R2_train": 0.5652316509977939, "MAE_train": 0.39172737449945816, "MSE_test": 0.23842563986663534, "R2_test": 0.5897712739185441, "MAE_test": 0.4368822839652601}