{"MSE_train": [0.25006485937158], "R2_train": 0.5437486248018215, "MAE_train": 0.4304555464889793, "MSE_test": 0.19945152533125415, "R2_test": 0.561932784627511, "MAE_test": 0.3891047461169939}