{"MSE_train": [0.01775712912170474], "R2_train": 0.967601547047797, "MAE_train": 0.10596999223369748, "MSE_test": 0.06767641129970697, "R2_test": 0.8513582836971154, "MAE_test": 0.2205526627368534}