{"MSE_train": [0.019013899771256854], "R2_train": 0.9631671459283653, "MAE_train": 0.1057273703707075, "MSE_test": 0.06760041960739283, "R2_test": 0.8836885410745905, "MAE_test": 0.197913360863133}