{"MSE_train": [0.23578332699116888], "R2_train": 0.5432513592651497, "MAE_train": 0.4057401634890078, "MSE_test": 0.2545789482440909, "R2_test": 0.5619783271474204, "MAE_test": 0.45531077801112724}