{"MSE_train": [0.25004022025021055], "R2_train": 0.5437935796708773, "MAE_train": 0.4303143662595965, "MSE_test": 0.20004312805274815, "R2_test": 0.5606334124799115, "MAE_test": 0.38951198129385906}