{"MSE_train": [0.03900423124130235], "R2_train": 0.9244427931791807, "MAE_train": 0.15861316760574493, "MSE_test": 0.055989145420187535, "R2_test": 0.9036665863077461, "MAE_test": 0.1987250064061734}