{"MSE_train": [0.03456205776786217], "R2_train": 0.9369404144752929, "MAE_train": 0.14588437512719013, "MSE_test": 0.06969712708407615, "R2_test": 0.8469200657629699, "MAE_test": 0.2297363985562893}