{"MSE_train": [184.64887519209168], "R2_train": 0.1054381707961537, "MAE_train": 12.693099472470625, "MSE_test": 193.75785524643453, "R2_test": -0.16793629503402308, "MAE_test": 12.078284892924838}