{"MSE_train": [187.18240037712732], "R2_train": 0.09316409156603789, "MAE_train": 12.716476378599252, "MSE_test": 205.03124931083894, "R2_test": -0.23589021658880505, "MAE_test": 12.376266734928542}