{"MSE_train": [90.0045441169198], "R2_train": 0.5639581907112619, "MAE_train": 8.560491892423949, "MSE_test": 89.22216493791142, "R2_test": 0.46218539310335216, "MAE_test": 9.082915044382693, "BATCH_SIZE": 32, "NUM_CORES": 16, "TOLERANCE": 1e-06, "MAX_ITER": 500, "NUM_QUBITS": 5}