{"MSE_train": [288.1240938216785], "R2_train": -0.39586453553365764, "MAE_train": 14.36978938257182, "MSE_test": 233.13806791520173, "R2_test": -0.40531288873916127, "MAE_test": 12.809742059724147}