{"MSE_train": [0.0005479318970014584], "R2_train": -0.40537729837277814, "MAE_train": 0.017249202946237226, "MSE_test": 0.000547534616271357, "R2_test": -0.40926639952602883, "MAE_test": 0.017209144347368727}