{"MSE_train": [0.2810552965976216], "R2_train": 0.9614089920521753, "MAE_train": 0.4276272708371465, "MSE_test": 10.21807289708402, "R2_test": -0.01864641324349181, "MAE_test": 1.6983479887457924}