{"MSE_train": [726.9768922259165], "R2_train": 0.030996297727444166, "MAE_train": 19.665822756713702, "MSE_test": 765.4120581155605, "R2_test": 0.01010840770981647, "MAE_test": 20.28224572098129}