{"MSE_train": [1202.9266108811396], "R2_train": -0.6034076900806997, "MAE_train": 27.213487784623307, "MSE_test": 1290.1989095122467, "R2_test": -0.6685875788950706, "MAE_test": 28.541490846917913}