{"MSE_train": [851.7233724931716], "R2_train": -0.13528106612977697, "MAE_train": 21.578997290728516, "MSE_test": 874.2976843465092, "R2_test": -0.1307111218291268, "MAE_test": 21.991532643288178}