{"MSE_train": [750.8385607161458], "R2_train": -0.0008094520242922787, "MAE_train": 19.998778266539716, "MSE_test": 778.3629673137576, "R2_test": -0.006640735437172474, "MAE_test": 20.629659219769593}