{"MSE_train": [76.94208880674692], "R2_train": 0.6272414027211133, "MAE_train": 6.030523386608814, "MSE_test": 93.30365765471907, "R2_test": 0.437582914531251, "MAE_test": 6.526579210094285, "hyperparameters": {"alpha": 0.001, "beta": 0.001}}