{"MSE_train": [1220.791162382145], "R2_train": -0.6272197489357059, "MAE_train": 26.49491122769591, "MSE_test": 1312.1615424942959, "R2_test": -0.696991398122861, "MAE_test": 27.270606646937175}