Time,Iteration,Cost,Parameters
Wed Mar 19 10:25:54 2025,998,0.11507216930050512,[-3.19354391  2.23071399 -1.61433505 -0.27579083  0.68662745 -2.76082146
  3.02208217  2.09343834  1.14957519 -0.91620957  0.55647198  1.19834563
  1.24606715 -1.96783721  0.72678565]
Wed Mar 19 10:26:41 2025,999,0.11950095978329665,[-3.19480797  2.22944993 -1.61307098 -0.27705489  0.68789151 -2.76208553
  3.02081811  2.0947024   1.15083926 -0.91494551  0.55520791  1.19708156
  1.24480308 -1.96657314  0.72804971]
