{"MSE_train": [0.2012675484508482], "R2_train": 0.5992289290665185, "MAE_train": 0.386019513937208, "MSE_test": 0.19523791273396301, "R2_test": 0.63588813576632, "MAE_test": 0.40385377348881535}