{"MSE_train": [0.42793807539493545], "R2_train": 0.14787454763913543, "MAE_train": 0.5652423948995919, "MSE_test": 0.42739822048133924, "R2_test": 0.20291729894863575, "MAE_test": 0.5818663674107707, "hyperparameters": {"alpha": 0.001, "beta": 0.001}}