Time,Iteration,Cost,Parameters
Thu Apr  4 22:15:14 2024,0,0.26105715518523115,[-0.01728144  2.23743464 -2.12427964 -0.11653068  0.55388708]
Thu Apr  4 22:15:15 2024,1,0.24897772023900205,[-0.66507797  2.23743464 -2.12427964 -0.11653076  0.55388708]
Thu Apr  4 22:15:18 2024,2,0.24896646538301143,[-0.65219509  2.23743464 -2.12427964 -0.11653076  0.55388708]
