{"MSE_train": [0.09186342700475318], "R2_train": 0.8170782905456536, "MAE_train": 0.24863275038187024, "MSE_test": 0.09220058917696995, "R2_test": 0.8280491327808064, "MAE_test": 0.27041556014525264}