{"MSE_train": [202.39906487145126], "R2_train": 0.019444459045868445, "MAE_train": 12.383622953499966, "MSE_test": 184.18678002285748, "R2_test": -0.11024363466730369, "MAE_test": 11.784071141759956}