{"MSE_train": [776.4814353462881], "R2_train": -0.034989411138862225, "MAE_train": 20.721558612267003, "MSE_test": 794.880022870249, "R2_test": -0.028001901950559294, "MAE_test": 21.130779611012034}