{"MSE_train": [889.6564227882826], "R2_train": -0.18584287430762325, "MAE_train": 23.13427214408638, "MSE_test": 869.6290605463363, "R2_test": -0.12467328717737725, "MAE_test": 22.900728180230953}