Time,Iteration,Cost,Parameters
Mon Nov  4 13:39:48 2024,220,0.12192103893166663,[-3.11573962  2.2793467  -1.77020718 -0.1460258   0.53830043 -2.74371207
  3.09301509  2.1605233   1.12268949 -1.05117261  0.61380345  1.19808305
  1.3139914  -1.8868129   0.7723337   2.91133027 -0.59357048 -0.48893212
 -2.04544003  0.69633499  1.62747564  2.86888863 -1.27685054 -0.25699361
 -2.41494241 -2.2174176   3.13892137  2.53722335 -0.69317764 -2.63314605
  1.52075857 -0.08061951 -2.36466162  1.99405922  1.13142372 -0.63735804
  1.00295578 -1.84433266 -0.30509574  2.3127166  -0.12430823  0.51263779
  2.65341765  1.12117049  2.60571767  2.92448972  2.74122939 -2.96680215]
