{"MSE_train": [3.381256960948254], "R2_train": 0.5357279658728353, "MAE_train": 1.252599777783327, "MSE_test": 6.77673858552456, "R2_test": 0.3244224695633814, "MAE_test": 1.8807983648290574, "hyperparameters": {"alpha": 0.001, "beta": 0.001}}