Time,Iteration,Cost,Parameters
Thu Mar 28 02:14:24 2024,0,0.15501992547434545,[-3.59277842  2.23743461 -2.12427961 -0.11653103  0.55388707 -2.77010897
  3.06858498  2.18960145  1.18552    -1.0664831   0.6027151   1.14432445
  1.31029901 -1.87354675]
Thu Mar 28 02:15:03 2024,1,0.15098006133887007,[-3.6629866   2.23743461 -2.12427961 -0.11653103  0.55388707 -2.77010897
  3.06858498  2.18960145  1.18552    -1.0664831   0.6027151   1.14432445
  1.31029901 -1.87354675]
Thu Mar 28 02:15:22 2024,2,0.1497241245599535,[-3.7389444   2.23743461 -2.12427961 -0.11653103  0.55388706 -2.77010897
  3.06858498  2.18960145  1.18552    -1.0664831   0.6027151   1.14432445
  1.31029901 -1.87354674]
Thu Mar 28 02:15:42 2024,3,0.14968535163298674,[-3.72722833  2.2374346  -2.12427961 -0.11653103  0.55388706 -2.77010897
  3.06858498  2.18960145  1.18552    -1.0664831   0.6027151   1.14432445
  1.31029901 -1.87354674]
Thu Mar 28 02:16:01 2024,4,0.14968518371273148,[-3.72794539  2.23743461 -2.12427961 -0.11653103  0.55388706 -2.77010897
  3.06858498  2.18960145  1.18552    -1.0664831   0.6027151   1.14432445
  1.31029901 -1.87354674]
