{"MSE_train": [0.0005977521468486184], "R2_train": -0.5331600548022184, "MAE_train": 0.018531280628904422, "MSE_test": 0.0005934770685394237, "R2_test": -0.5275149127143297, "MAE_test": 0.01847751338459241}