{"MSE_train": [46.12778590176942], "R2_train": 0.7765263585251585, "MAE_train": 6.093714889835676, "MSE_test": 92.92162706690958, "R2_test": 0.4398857238225099, "MAE_test": 7.943778447217514}