{"MSE_train": [0.00152942137007594], "R2_train": -2.922775959774425, "MAE_train": 0.03514248448145208, "MSE_test": 0.0015242261259619488, "R2_test": -2.9231139014110084, "MAE_test": 0.03511095028002863}