{"MSE_train": [1.0717357934586498], "R2_train": 0.8528426077572064, "MAE_train": 0.7399115870757402, "MSE_test": 1.746910093587113, "R2_test": 0.8258493828519089, "MAE_test": 1.0607166103350891}