{"MSE_train": [0.259757756193231], "R2_train": 0.4827611558141346, "MAE_train": 0.4330897409675714, "MSE_test": 0.29390023043107255, "R2_test": 0.4518863713382122, "MAE_test": 0.48785119962045165, "hyperparameters": {"alpha": 0.001, "beta": 0.001}}