{"MSE_train": [383.9289627907424], "R2_train": -0.8600069720496812, "MAE_train": 16.981961895776237, "MSE_test": 202.34492939380067, "R2_test": -0.21969758002606365, "MAE_test": 13.058213691584621, "BATCH_SIZE": 32, "NUM_CORES": 16, "TOLERANCE": 1e-06, "MAX_ITER": 500, "NUM_QUBITS": 5}