{"MSE_train": [228.78568029706904], "R2_train": -0.10838983692307891, "MAE_train": 13.492107399774586, "MSE_test": 200.9661308797763, "R2_test": -0.21138643916408473, "MAE_test": 12.042638253825832}