{"MSE_train": [229.29445084451132], "R2_train": -0.11085465947394213, "MAE_train": 13.316696509797277, "MSE_test": 197.52677436296023, "R2_test": -0.19065463811043326, "MAE_test": 11.579591614582787, "MAX_ITER": 1000}