{"MSE_train": [0.0004935745469785516], "R2_train": -0.265957443204732, "MAE_train": 0.019196403459698693, "MSE_test": 0.000490320561010441, "R2_test": -0.2620065856919491, "MAE_test": 0.01918932681373952}