{"ridge": {"MSE_train": [595.9446221662681], "R2_train": 0.2124708897852583, "MAE_train": 18.318014539765148, "MSE_test": 1187.4777869524764, "R2_test": -0.5832496015403561, "MAE_test": 27.18846630093544}, "lasso": {"MSE_train": [596.0392863857188], "R2_train": 0.21234579287903543, "MAE_train": 18.295424925914237, "MSE_test": 1182.4964387528894, "R2_test": -0.5766080309452797, "MAE_test": 27.12657088516154}, "elastic": {"MSE_train": [595.6232691604696], "R2_train": 0.21289555146909311, "MAE_train": 18.329930223418444, "MSE_test": 1207.8654607199196, "R2_test": -0.6104322374795754, "MAE_test": 27.4763353800394}, "knn": {"MSE_train": [8.62774016612915], "R2_train": 0.9885986108717666, "MAE_train": 0.7892668359700721, "MSE_test": 1030.9012714431778, "R2_test": -0.37448804952271364, "MAE_test": 23.699353299330312}, "rfr": {"MSE_train": [38.63396026859323], "R2_train": 0.9489459805110747, "MAE_train": 4.111479804567341, "MSE_test": 951.7211627918765, "R2_test": -0.26891817962744446, "MAE_test": 23.25574940886718}, "grad": {"MSE_train": [43.47297762278952], "R2_train": 0.9425513141452446, "MAE_train": 4.866840015662923, "MSE_test": 1189.9106167344462, "R2_test": -0.5864932637168119, "MAE_test": 26.53034166770214}, "svr": {"MSE_train": [170.62044230166157], "R2_train": 0.7745284375218601, "MAE_train": 9.094800785819844, "MSE_test": 1505.910802542562, "R2_test": -1.0078124443907996, "MAE_test": 29.745203171283308}, "krr": {"MSE_train": [136.9249949595084], "R2_train": 0.8190563092009336, "MAE_train": 7.938467988993502, "MSE_test": 912.0842342448813, "R2_test": -0.21607074785411617, "MAE_test": 22.470714580013016}, "gpr": {"MSE_train": [87.01203412710079], "R2_train": 0.8850153063467495, "MAE_train": 6.0616302216970634, "MSE_test": 1049.05662039839, "R2_test": -0.39869435410794263, "MAE_test": 24.219961008329385}}