{"MSE_train": [750.0127445281028], "R2_train": 0.000291296778272887, "MAE_train": 19.98483929028878, "MSE_test": 775.6949662952181, "R2_test": -0.003190264872368287, "MAE_test": 20.627667182225963}