{"MSE_train": [759.9071803545713], "R2_train": -0.012897217258796001, "MAE_train": 19.81205097633249, "MSE_test": 790.2668975641943, "R2_test": -0.022035842353997248, "MAE_test": 20.64767129253126}