{"MSE_train": [774.9529116800024], "R2_train": -0.0329520078768315, "MAE_train": 20.529463306761148, "MSE_test": 788.9024435568946, "R2_test": -0.02027122219212263, "MAE_test": 20.994548983350736}