{"MSE_train": [206.9380924230839], "R2_train": -0.0025456060718911377, "MAE_train": 12.577389248143833, "MSE_test": 191.43234331396, "R2_test": -0.1539185418594884, "MAE_test": 12.01284553142658}