{"MSE_train": [2109.905963304328], "R2_train": -1.8123406833865126, "MAE_train": 38.02886142801137, "MSE_test": 2221.9650068393807, "R2_test": -1.8736214112545713, "MAE_test": 39.10737183899612}