{"MSE_train": [1194.4184975948685], "R2_train": -0.5920670362553659, "MAE_train": 28.808458381186398, "MSE_test": 1273.2024934974622, "R2_test": -0.6466064654102328, "MAE_test": 29.960136590217754}