{"MSE_train": [2018.7853294054105], "R2_train": -1.6908839595955807, "MAE_train": 37.42324378854236, "MSE_test": 2028.1793812241704, "R2_test": -1.6230024675506192, "MAE_test": 38.14067201536667}