{"MSE_train": [757.165065792848], "R2_train": -0.009242191644117215, "MAE_train": 20.122942270964927, "MSE_test": 775.2538212079343, "R2_test": -0.002619741050261748, "MAE_test": 20.5788400611124}