{"MSE_train": [206.94028222416745], "R2_train": -0.0025562149232087883, "MAE_train": 12.577186136488255, "MSE_test": 191.32980032222886, "R2_test": -0.15330043178755437, "MAE_test": 12.013492315869673}