{"MSE_train": [206.96019834381195], "R2_train": -0.0026527018387196843, "MAE_train": 12.578007910316646, "MSE_test": 191.77593143634815, "R2_test": -0.1559896271229444, "MAE_test": 12.0108754767403}