{"MSE_train": [207.00678483010228], "R2_train": -0.0028783977296298335, "MAE_train": 12.575800140320553, "MSE_test": 191.67210979679714, "R2_test": -0.1553638095998957, "MAE_test": 12.040771475079735}