{"MSE_train": [1520.3933188135247], "R2_train": -1.0265661406785531, "MAE_train": 33.14779699336097, "MSE_test": 1606.441356348453, "R2_test": -1.0775773980771102, "MAE_test": 34.377081727760604}