{"MSE_train": [0.5021881497884422], "R2_train": 2.51697308858434e-05, "MAE_train": 0.6191464976033901, "MSE_test": 0.5691176926987166, "R2_test": -0.06138454952275496, "MAE_test": 0.6778296425365544}