{"MSE_train": [1341.2333945707912], "R2_train": -0.7877598845972671, "MAE_train": 28.40383384214075, "MSE_test": 1387.9518014942228, "R2_test": -0.795009373363847, "MAE_test": 29.32949682150377}