{"MSE_train": [0.3354289755094818], "R2_train": 0.3320819438018595, "MAE_train": 0.49800391374530567, "MSE_test": 0.3888312013673795, "R2_test": 0.2748434378367054, "MAE_test": 0.5656113559392691, "hyperparameters": {"alpha": 0.001, "beta": 0.001}}