{"MSE_train": [759.4643335518273], "R2_train": -0.012306936885392972, "MAE_train": 20.152948034231592, "MSE_test": 777.7970218261487, "R2_test": -0.005908809837178675, "MAE_test": 20.56788085227862}