{"MSE_train": [0.5057323256892823], "R2_train": -0.007032118849857216, "MAE_train": 0.6218131674582491, "MSE_test": 0.5738556184689656, "R2_test": -0.07022061502175903, "MAE_test": 0.6804672491946592}