Time,Iteration,Cost,Parameters
Mon Apr  1 19:01:59 2024,0,0.19989290840252028,[-2.59250353  2.23743449 -2.12427949 -0.11653103  0.55388715 -2.77010912
  3.06858484  2.18960145  1.18551998 -1.0664833   0.6027151   1.14432445
  1.31029891 -1.87354673  0.72965066  2.88578412 -0.54534342 -0.47522485
 -2.0265424   0.7289737 ]
Mon Apr  1 19:02:18 2024,1,0.1997979647909808,[-2.57556786  2.23743449 -2.12427949 -0.11653103  0.55388715 -2.77010912
  3.06858483  2.18960145  1.18551999 -1.06648331  0.6027151   1.14432445
  1.31029891 -1.87354673  0.72965065  2.88578412 -0.54534342 -0.47522485
 -2.0265424   0.7289737 ]
Mon Apr  1 19:02:27 2024,2,0.19973983330373676,[-2.54497424  2.23743446 -2.12427947 -0.11653104  0.55388714 -2.77010915
  3.0685848   2.18960145  1.18551997 -1.06648334  0.6027151   1.14432445
  1.3102989  -1.87354672  0.72965064  2.88578411 -0.54534344 -0.47522485
 -2.0265424   0.7289737 ]
Mon Apr  1 19:02:37 2024,3,0.19973836959204774,[-2.54935276  2.23743447 -2.12427947 -0.11653104  0.55388714 -2.77010915
  3.0685848   2.18960145  1.18551998 -1.06648333  0.6027151   1.14432444
  1.3102989  -1.87354672  0.72965064  2.88578412 -0.54534343 -0.47522485
 -2.0265424   0.7289737 ]
Mon Apr  1 19:02:48 2024,4,0.1997383600111607,[-2.54902849  2.23743446 -2.12427947 -0.11653104  0.55388714 -2.77010914
  3.06858481  2.18960145  1.18551998 -1.06648333  0.60271509  1.14432445
  1.3102989  -1.87354672  0.72965065  2.88578411 -0.54534343 -0.47522485
 -2.0265424   0.7289737 ]
