{"MSE_train": [762.7411277116911], "R2_train": -0.016674648853198137, "MAE_train": 20.161976906371972, "MSE_test": 775.7038095064071, "R2_test": -0.003201701614593544, "MAE_test": 20.531607597604456}