{"MSE_train": [8.893760555172494e-05], "R2_train": 0.7711112587391313, "MAE_train": 0.006078456683906514, "MSE_test": 9.196272983952537e-05, "R2_test": 0.7643446643328937, "MAE_test": 0.00616626349506199}