{"MSE_train": [798.1669693694494], "R2_train": -0.06389454275846607, "MAE_train": 20.855304831274957, "MSE_test": 823.755715671761, "R2_test": -0.0653462385372392, "MAE_test": 21.477562820739845}