{"MSE_train": [3.1615513401958224], "R2_train": 0.5658952014997001, "MAE_train": 1.226904246853391, "MSE_test": 12.750388709367094, "R2_test": -0.27109464348836165, "MAE_test": 2.3111430472796686, "hyperparameters": {"alpha": 0.001, "beta": 0.001}}