{"MSE_train": [27.706080400500856], "R2_train": 0.8657733390611936, "MAE_train": 3.7142073827762006, "MSE_test": 29.529836461759214, "R2_test": 0.8219996410145941, "MAE_test": 3.4958361961915374}