{"MSE_train": [0.0004999985013149998], "R2_train": -0.282434088641206, "MAE_train": 0.019248735484527737, "MSE_test": 0.0004977014977905217, "R2_test": -0.2810039347034652, "MAE_test": 0.01924413061913028}