{"MSE_train": [7.548475749204191], "R2_train": -0.03646254369847535, "MAE_train": 2.375206108765073, "MSE_test": 9.413170379628049, "R2_test": 0.06159484855560582, "MAE_test": 2.7519990874101716, "hyperparameters": {"alpha": 0.001, "beta": 0.001}}