Time,Iteration,Cost,Parameters
Mon Apr  1 16:36:20 2024,0,0.3595374284307452,[-1.92930591  2.23743452 -2.12427964 -0.11653103  0.55388708]
Mon Apr  1 16:36:22 2024,1,0.35719408163227506,[ 1.79183637  2.23743408 -2.12427965 -0.11653103  0.55388706]
Mon Apr  1 16:36:26 2024,2,0.35704545076599903,[ 1.75314708  2.23743409 -2.12427965 -0.11653103  0.55388706]
Mon Apr  1 16:36:28 2024,3,0.35704340705052806,[ 1.74800082  2.23743409 -2.12427965 -0.11653103  0.55388706]
Mon Apr  1 16:36:30 2024,4,0.3570434066865398,[ 1.74806863  2.23743409 -2.12427966 -0.11653103  0.55388706]
