{"MSE_train": [4.646916220307485], "R2_train": 0.3619434219469576, "MAE_train": 1.483720460645753, "MSE_test": 12.97858383059857, "R2_test": -0.2938435653353022, "MAE_test": 2.531975862480583, "hyperparameters": {"alpha": 0.001, "beta": 0.001}}