{"MSE_train": [147.9083184644662], "R2_train": 0.28343383742580874, "MAE_train": 10.976254785918496, "MSE_test": 167.3673969668236, "R2_test": -0.008859523523847557, "MAE_test": 10.95079813178329, "hyperparameters": {"alpha": 0.001, "beta": 0.001}}