{"MSE_train": [69.11335091616908], "R2_train": 0.6651690103519055, "MAE_train": 6.057411789599334, "MSE_test": 91.75261490642299, "R2_test": 0.4469323115844972, "MAE_test": 6.4670327672406644}