{"MSE_train": [20.97052768308225], "R2_train": 0.8984048314183752, "MAE_train": 3.1936867551958246, "MSE_test": 32.58506309148834, "R2_test": 0.8035833034375874, "MAE_test": 3.8107875632962647, "BATCH_SIZE": 32, "NUM_CORES": 16, "TOLERANCE": 1e-06, "MAX_ITER": 500, "NUM_QUBITS": 5}