Time,Iteration,Cost,Parameters
Mon Apr  1 20:34:44 2024,0,0.1066846264094925,[-3.87594337  2.23743459 -2.12427962 -0.11653105  0.55388708 -2.77010901
  3.06858494  2.18960143  1.18551998 -1.06648313]
Mon Apr  1 20:35:15 2024,1,0.10668369657414441,[-3.87430015  2.23743459 -2.12427962 -0.11653105  0.55388708 -2.77010901
  3.06858494  2.18960143  1.18551998 -1.06648313]
