{"MSE_train": [882.6521539536856], "R2_train": -0.17650672826912217, "MAE_train": 22.656790655358478, "MSE_test": 877.6066614003963, "R2_test": -0.13499055345029598, "MAE_test": 22.617208977362}