{"MSE_train": [1439.8378263232094], "R2_train": -0.9191919293435835, "MAE_train": 30.71395314389935, "MSE_test": 1420.2927305546016, "R2_test": -0.8368352283713323, "MAE_test": 30.69984189762056}