Time,Iteration,Cost,Parameters
Mon Nov  4 14:26:45 2024,350,0.125307798845183,[-3.1450879   2.56317398 -1.54545756 -0.25776754  0.50624581 -2.75838326
  3.1066284   2.26320089  1.3877433  -0.88380793  0.62094626  1.07528762
  1.35870161 -1.75108028  0.75360221  2.51550077 -0.18979258 -0.61834927
 -2.17311006  0.75469329  1.49307827  2.89841004 -1.32936226 -0.17759365
 -2.16773241 -2.13429854  3.29566558  2.43511304 -0.69360957 -2.73579244
  1.48585348 -0.03667138 -2.25614695  2.07951525  0.90050779 -0.87545642
  1.19949029 -1.89015004 -0.1773862   2.41909496 -0.44400699  0.28730289
  2.77762067  1.10283938  2.74102004  2.96256635  2.77442356 -2.67054753]
