{"MSE_train": [0.7531099649418618], "R2_train": 0.8965923325605697, "MAE_train": 0.5726851743277656, "MSE_test": 2.5946000194018044, "R2_test": 0.741342616148356, "MAE_test": 0.9118519850847868}