{"MSE_train": [0.259757756224677], "R2_train": 0.48276115575151823, "MAE_train": 0.43308974114164817, "MSE_test": 0.29390023002032634, "R2_test": 0.45188637210423943, "MAE_test": 0.4878511994213725, "hyperparameters": {"alpha": 0.001, "beta": 0.001}}