{"MSE_train": [47.36837484946069], "R2_train": 0.7705161214349934, "MAE_train": 5.440922480830414, "MSE_test": 75.8078906912968, "R2_test": 0.5430441420001905, "MAE_test": 5.926905132676799, "MAX_ITER": 1000}