{"MSE_train": [32.60078487777447], "R2_train": 0.8420601386095415, "MAE_train": 4.59148309356987, "MSE_test": 70.77583653005061, "R2_test": 0.5733764280694261, "MAE_test": 5.550454955692958}