{"MSE_train": [318.95902381791313], "R2_train": -0.5452494226720632, "MAE_train": 15.611338676226456, "MSE_test": 394.4486929325377, "R2_test": -1.3776633180559452, "MAE_test": 18.157166973449648}