{"MSE_train": [0.5572811088760564], "R2_train": -0.10967788167697545, "MAE_train": 0.6450246559596271, "MSE_test": 0.6779212731195926, "R2_test": -0.26429941348325614, "MAE_test": 0.7189647170605807}