{"MSE_train": [756.1414854432587], "R2_train": -0.007877838582923458, "MAE_train": 19.91790781021026, "MSE_test": 781.6263358519624, "R2_test": -0.01086118250782131, "MAE_test": 20.643649713867013}