{"MSE_train": [1180.305100968866], "R2_train": -0.5732549753377716, "MAE_train": 26.181469225165667, "MSE_test": 1278.4660975313436, "R2_test": -0.6534137756989051, "MAE_test": 27.261196791373347, "BATCH_SIZE": 25, "NUM_CORES": 16, "TOLERANCE": 1e-06, "MAX_ITER": 1000}