{"MSE_train": [0.10987259510364089], "R2_train": 0.781217797181643, "MAE_train": 0.2731686528498396, "MSE_test": 0.16577559013334478, "R2_test": 0.6908343347731847, "MAE_test": 0.3427564676737037}