{"MSE_train": [1584.800097917682], "R2_train": -1.112415372023838, "MAE_train": 32.10671939538489, "MSE_test": 1594.0938402961262, "R2_test": -1.0616086108124327, "MAE_test": 32.258081552703594}