{"MSE_train": [984.7512855026558], "R2_train": -0.3125969362629959, "MAE_train": 24.435462433416017, "MSE_test": 983.5951895782157, "R2_test": -0.2720633259654561, "MAE_test": 24.473756468391468}