Time,Iteration,Cost,Parameters
Tue Oct 22 15:05:09 2024,635,0.1402454697911884,[-3.31065129  2.11914661 -1.47566074 -0.076209    0.53191994 -2.8191398
  3.207346    2.06725487  1.27203064 -1.18566885  0.59209795  1.21318154
  1.32300493 -1.70626693  0.77757223]
