{"MSE_train": [322.73150773416654], "R2_train": -0.5635258411406567, "MAE_train": 16.55376646011674, "MSE_test": 301.1515605306635, "R2_test": -0.8152855655970617, "MAE_test": 16.304477363287884, "hyperparameters": {"alpha": 0.001, "beta": 0.001}}