{"MSE_train": [0.12999059159954518], "R2_train": 0.7411581300233847, "MAE_train": 0.2979752434050621, "MSE_test": 0.17541620959886223, "R2_test": 0.6728549173700686, "MAE_test": 0.36241823368989906}