{"MSE_train": [0.0520450345598081], "R2_train": 0.8963660838627537, "MAE_train": 0.18485747768622265, "MSE_test": 0.0436349729748123, "R2_test": 0.9186223047913106, "MAE_test": 0.1734992015486206}