{"MSE_train": [1390.5577664058342], "R2_train": -0.85350543914176, "MAE_train": 29.41350398920765, "MSE_test": 1387.276752032234, "R2_test": -0.7941363458491673, "MAE_test": 29.32594529860761}