{"MSE_train": [918.7251073019365], "R2_train": -0.22458917176926274, "MAE_train": 23.512663365865187, "MSE_test": 961.6536806356968, "R2_test": -0.2436868260213172, "MAE_test": 24.20235614882229}