{"MSE_train": [0.29013414125215464], "R2_train": 0.4222746220194148, "MAE_train": 0.45581733882077413, "MSE_test": 0.3536321112214272, "R2_test": 0.34048850724408053, "MAE_test": 0.518405472056498, "hyperparameters": {"alpha": 0.001, "beta": 0.001}}