{"MSE_train": [0.0714058054342743], "R2_train": 0.8578142311811852, "MAE_train": 0.22227556631145423, "MSE_test": 0.06937754283132987, "R2_test": 0.8706133142762639, "MAE_test": 0.23375125827656196}