{"MSE_train": [167.76461720874332], "R2_train": 0.1872367340997262, "MAE_train": 10.383406694513091, "MSE_test": 154.00277703128137, "R2_test": 0.07169991842601531, "MAE_test": 9.460977410270981}