{"MSE_train": [750.7308627619616], "R2_train": -0.0006658990208230353, "MAE_train": 19.988267882659848, "MSE_test": 777.0762491442644, "R2_test": -0.0049766494273906225, "MAE_test": 20.597846496547778}