{"MSE_train": [0.0002296130718008774], "R2_train": 0.41107097381167257, "MAE_train": 0.012570454868527422, "MSE_test": 0.0002263846059315922, "R2_test": 0.41732228606488664, "MAE_test": 0.012579599324252164}