{"MSE_train": [52.33227780945816], "R2_train": 0.7464676775586567, "MAE_train": 4.74685122009304, "MSE_test": 74.36992777505189, "R2_test": 0.5517119148688536, "MAE_test": 5.949964653675993, "MAX_ITER": 1000}