{"MSE_train": [0.20002525484634676], "R2_train": 0.6017026280911351, "MAE_train": 0.3755535807924928, "MSE_test": 0.22793487396156573, "R2_test": 0.5749094490929927, "MAE_test": 0.40820089703457274}