{"MSE_train": [2.5772298655082517], "R2_train": 0.6461269386230754, "MAE_train": 1.3365013630513833, "MSE_test": 4.485737702552337, "R2_test": 0.552813855657653, "MAE_test": 1.7941888598841231}