{"MSE_train": 0.00021414586073260382, "R2_train": 0.4507424501820909, "MAE_train": 0.010886917746798702, "MSE_test": 0.00021144016587317394, "R2_test": 0.45578688101137677, "MAE_test": 0.010858320821336306}