{"MSE_train": [0.0008096463909064517], "R2_train": -1.0766424873534066, "MAE_train": 0.02284412002455602, "MSE_test": 0.0008087555726046611, "R2_test": -1.0816072993936952, "MAE_test": 0.02283786345968773}