{"MSE_train": [0.05720263546806018], "R2_train": 0.8860960862632526, "MAE_train": 0.19815662610121954, "MSE_test": 0.07878214155621242, "R2_test": 0.8530740672819941, "MAE_test": 0.2649517289396041, "BATCH_SIZE": 32, "NUM_CORES": 16, "TOLERANCE": 1e-06, "MAX_ITER": 1000, "NUM_QUBITS": 5}