{"MSE_train": [0.14823202756458775], "R2_train": 0.7048351366578647, "MAE_train": 0.3165273135761224, "MSE_test": 0.18169885119047197, "R2_test": 0.6611380110059333, "MAE_test": 0.3854225773888359}