Time,Iteration,Cost,Parameters
Thu Apr  4 13:43:09 2024,0,0.111333381396274,[-3.61308652  2.23743462 -2.12427964 -0.11653103  0.55388708 -2.77010898
  3.06858497  2.18960145  1.18551998 -1.06648309  0.6027151   1.14432445
  1.31029898 -1.8735468   0.7296508   2.88578419 -0.54534335 -0.47522485
 -2.0265424   0.7289737 ]
Thu Apr  4 13:43:16 2024,1,0.016720712132039045,[-4.16303155  2.23743462 -2.12427964 -0.11653102  0.55388708 -2.77010898
  3.06858497  2.18960146  1.18551998 -1.06648309  0.60271511  1.14432445
  1.31029898 -1.8735468   0.72965081  2.88578419 -0.54534335 -0.47522485
 -2.0265424   0.7289737 ]
Thu Apr  4 13:43:22 2024,2,0.009355501641441895,[-4.31250773  2.23743462 -2.12427964 -0.11653103  0.55388708 -2.77010898
  3.06858498  2.18960146  1.18551998 -1.06648309  0.60271511  1.14432445
  1.31029898 -1.8735468   0.72965081  2.88578419 -0.54534335 -0.47522485
 -2.0265424   0.7289737 ]
Thu Apr  4 13:43:29 2024,3,0.00552485219286354,[-4.4765266   2.23743462 -2.12427964 -0.11653103  0.55388707 -2.77010898
  3.06858497  2.18960146  1.18551998 -1.06648309  0.60271511  1.14432445
  1.31029897 -1.87354681  0.7296508   2.88578419 -0.54534335 -0.47522485
 -2.0265424   0.7289737 ]
Thu Apr  4 13:43:38 2024,4,0.004413570587231352,[-4.58993998  2.23743462 -2.12427964 -0.11653103  0.55388707 -2.77010898
  3.06858497  2.18960146  1.18551998 -1.06648309  0.6027151   1.14432445
  1.31029897 -1.87354681  0.7296508   2.88578419 -0.54534335 -0.47522485
 -2.0265424   0.7289737 ]
Thu Apr  4 13:43:44 2024,5,0.00409233141601158,[-4.67415496  2.23743462 -2.12427964 -0.11653103  0.55388708 -2.77010898
  3.06858497  2.18960146  1.18551998 -1.06648309  0.6027151   1.14432445
  1.31029897 -1.87354681  0.7296508   2.88578419 -0.54534335 -0.47522485
 -2.0265424   0.7289737 ]
Thu Apr  4 13:43:51 2024,6,0.004059457522982128,[-4.70842389  2.23743462 -2.12427964 -0.11653103  0.55388707 -2.77010898
  3.06858497  2.18960146  1.18551998 -1.06648309  0.6027151   1.14432445
  1.31029897 -1.87354681  0.7296508   2.88578419 -0.54534335 -0.47522485
 -2.0265424   0.7289737 ]
Thu Apr  4 13:43:58 2024,7,0.0040591017040580695,[-4.71235127  2.23743462 -2.12427965 -0.11653103  0.55388707 -2.77010898
  3.06858497  2.18960146  1.18551998 -1.06648309  0.6027151   1.14432445
  1.31029897 -1.87354681  0.7296508   2.88578419 -0.54534335 -0.47522485
 -2.0265424   0.7289737 ]
