{"MSE_train": [826.3406894725973], "R2_train": -0.10144792221066634, "MAE_train": 21.730564677965177, "MSE_test": 837.9757268986219, "R2_test": -0.08373668510323329, "MAE_test": 22.068021392642375}