{"MSE_train": [806.8255896967368], "R2_train": -0.07543581077322226, "MAE_train": 21.296358311724447, "MSE_test": 819.5540775545292, "R2_test": -0.059912346815787165, "MAE_test": 21.73208878650075}