{"MSE_train": [0.0669613619925403], "R2_train": 0.8666641643748714, "MAE_train": 0.2083574359079357, "MSE_test": 0.10491675000266754, "R2_test": 0.8043339385375184, "MAE_test": 0.2878207492652356}