{"MSE_train": [0.0004116241136414531], "R2_train": -0.05576475459864505, "MAE_train": 0.0126572608601533, "MSE_test": 0.00041010253307830933, "R2_test": -0.055538230922271836, "MAE_test": 0.012642837271260875}