{"MSE_train": [3.559431143180974], "R2_train": 0.5112633093946329, "MAE_train": 1.3690597779850198, "MSE_test": 4.397472350990522, "R2_test": 0.561613086656267, "MAE_test": 1.7030250119555816, "hyperparameters": {"alpha": 0.001, "beta": 0.001}}