{"MSE_train": [205.10046147496487], "R2_train": 0.006357099133547206, "MAE_train": 12.505850079665729, "MSE_test": 189.2153805119518, "R2_test": -0.14055510264350168, "MAE_test": 11.905374656965522}