{"MSE_train": [671.7357092807517], "R2_train": 0.20153666127889647, "MAE_train": 19.30330478526739, "MSE_test": 672.4497971403251, "R2_test": 0.13033457812870197, "MAE_test": 19.30549782901717}