{"MSE_train": [0.6826844882347611], "R2_train": 0.9955477686757892, "MAE_train": 0.6573652270255659, "MSE_test": 1.190619516553727, "R2_test": 0.994095833364823, "MAE_test": 0.8472314902611459}