{"MSE_train": [0.9216572331645908], "R2_train": 0.9947384074622869, "MAE_train": 0.7219720637509057, "MSE_test": 0.8530428030162831, "R2_test": 0.9955650001820641, "MAE_test": 0.7893479141228182}