{"MSE_train": [0.6070174671401841], "R2_train": 0.9960412427290786, "MAE_train": 0.6866226115820689, "MSE_test": 1.0718716837799098, "R2_test": 0.9946846923432917, "MAE_test": 0.7337854652643065}