{"MSE_train": [0.8896383881375918], "R2_train": 0.9949211978858826, "MAE_train": 0.71940287483629, "MSE_test": 0.9583649849026912, "R2_test": 0.9950174264192478, "MAE_test": 0.7820771180519591}