{"MSE_train": [0.36877296296583834], "R2_train": 0.997594990708689, "MAE_train": 0.5225413457526998, "MSE_test": 7.050549793426908, "R2_test": 0.9650370078171593, "MAE_test": 2.1390203901912903}