{"MSE_train": [0.6582118188764883], "R2_train": 0.9962423748549732, "MAE_train": 0.6389011013695487, "MSE_test": 2.523448962313778, "R2_test": 0.9868804992564731, "MAE_test": 1.2659474990552058}