{"MSE_train": [0.0], "R2_train": 1.0, "MAE_train": 0.0, "MSE_test": 1.5796689617315658, "R2_test": 0.9917872449859414, "MAE_test": 0.9805276426664495}