{"MSE_train": [0.0], "R2_train": 1.0, "MAE_train": 0.0, "MSE_test": 4.594255367250051, "R2_test": 0.9772175334977581, "MAE_test": 1.4836457866353208}