{"MSE_train": [0.9282219477816491], "R2_train": 0.9947009305650214, "MAE_train": 0.7360051926112575, "MSE_test": 0.8999176960744217, "R2_test": 0.9953212959488842, "MAE_test": 0.7991430681893714}