{"MSE_train": [0.6886902765015369], "R2_train": 0.9955086010088673, "MAE_train": 0.6582157675852308, "MSE_test": 1.2440314346146668, "R2_test": 0.9938309688466862, "MAE_test": 0.87452508767356}