{"MSE_train": [0.9216579976891982], "R2_train": 0.9947384030977392, "MAE_train": 0.7219648746045583, "MSE_test": 0.8530232945486075, "R2_test": 0.9955651016072801, "MAE_test": 0.7893442011654981}