{"MSE_train": [0.6829319780390114], "R2_train": 0.9955461546331709, "MAE_train": 0.6577229218621243, "MSE_test": 1.1910710574499508, "R2_test": 0.9940935942173398, "MAE_test": 0.8471226037447239}