{"MSE_train": [0.30986110927062316], "R2_train": 0.9979791933746487, "MAE_train": 0.4065858004220663, "MSE_test": 4.347825085035713, "R2_test": 0.9784395573516578, "MAE_test": 1.5444083859548}