{"MSE_train": [0.285343732755288], "R2_train": 0.9983710186380317, "MAE_train": 0.38834576218720473, "MSE_test": 1.6609675842547413, "R2_test": 0.9913645705611484, "MAE_test": 1.1030394527552736}