{"MSE_train": [0.9222168836677943], "R2_train": 0.9947352125078012, "MAE_train": 0.719529176796349, "MSE_test": 0.8467542116498171, "R2_test": 0.9955976947918382, "MAE_test": 0.7880862434651511}