{"MSE_train": [0.6776720778918225], "R2_train": 0.9955804578766181, "MAE_train": 0.6508032301060632, "MSE_test": 1.1804257430073983, "R2_test": 0.9941463832985524, "MAE_test": 0.8503775492961061}