{"MSE_train": [0.9480284336353985], "R2_train": 0.994587858530846, "MAE_train": 0.7081595125532579, "MSE_test": 0.8210149874340423, "R2_test": 0.9957315139323399, "MAE_test": 0.7780468649123049}