{"MSE_train": [0.6775857319302038], "R2_train": 0.9955810209950156, "MAE_train": 0.6508032301060549, "MSE_test": 1.198039250703225, "R2_test": 0.994059039623247, "MAE_test": 0.860087735311952}