{"MSE_train": [771.6836932449298], "R2_train": -0.02859439376144568, "MAE_train": 20.161195882294628, "MSE_test": 808.342394628582, "R2_test": -0.0454125090537032, "MAE_test": 20.8856205499647}