{"MSE_train": [775.8651340101454], "R2_train": -0.034167929351993864, "MAE_train": 20.742297786814518, "MSE_test": 786.1365144151081, "R2_test": -0.016694103209877076, "MAE_test": 20.88884004234531}