{"MSE_train": [0.00046356319236481625], "R2_train": -0.18898204407507202, "MAE_train": 0.014491514952280135, "MSE_test": 0.0004621603254427978, "R2_test": -0.18952664997853397, "MAE_test": 0.014443062333971681}