{"MSE_train": [0.0007337358679458035], "R2_train": -0.8819414190996333, "MAE_train": 0.022445767651005335, "MSE_test": 0.0007322803949083807, "R2_test": -0.8847724416104974, "MAE_test": 0.02245073485977121}