{"MSE_train": [0.0005697217654233207], "R2_train": -0.46126560599312016, "MAE_train": 0.018936206625200902, "MSE_test": 0.0005746356559817731, "R2_test": -0.47902013476234484, "MAE_test": 0.019039642823896724}