{"MSE_train": [17.258949101153252], "R2_train": 0.9163861839829666, "MAE_train": 2.991785272250042, "MSE_test": 62.417590049648354, "R2_test": 0.6237583824675399, "MAE_test": 4.658307541091455}