{"MSE_train": [28.695739203355913], "R2_train": 0.8609787743066089, "MAE_train": 4.129912769971814, "MSE_test": 65.79455643443563, "R2_test": 0.6034026575195808, "MAE_test": 5.431247280988972}