{"MSE_train": [1091.1227343602945], "R2_train": -0.454381811217613, "MAE_train": 25.236431229902685, "MSE_test": 1062.2050724900885, "R2_test": -0.37372786252496515, "MAE_test": 25.03015538476263}