{"MSE_train": [0.4071508973283537], "R2_train": 0.18926671284188024, "MAE_train": 0.5538781923664289, "MSE_test": 0.41711845037859996, "R2_test": 0.22208870988818175, "MAE_test": 0.5713555088366133, "hyperparameters": {"alpha": 0.001, "beta": 0.001}}