{"MSE_train": [76.41579913841464], "R2_train": 0.6297910995329928, "MAE_train": 6.000621678094403, "MSE_test": 95.42277711567581, "R2_test": 0.42480925676745906, "MAE_test": 6.637614308642595}