{"MSE_train": [0.41637413707586673], "R2_train": 0.17090107118957099, "MAE_train": 0.5549121911109045, "MSE_test": 0.5121739848590068, "R2_test": 0.044813469742833845, "MAE_test": 0.627006539006391}