{"MSE_train": [155.74724832546053], "R2_train": 0.24545685311893617, "MAE_train": 8.796419489599744, "MSE_test": 62.55790094524362, "R2_test": 0.6229126144993405, "MAE_test": 5.8990490264162965}