{"MSE_train": [763.3644165370495], "R2_train": -0.017505444420177207, "MAE_train": 20.13771040308377, "MSE_test": 785.474044330015, "R2_test": -0.015837344343297532, "MAE_test": 20.791409584732932}