{"MSE_train": [763.334373625278], "R2_train": -0.017465399553490357, "MAE_train": 20.137068210255855, "MSE_test": 785.4670590351913, "R2_test": -0.015828310405900714, "MAE_test": 20.790851315860824}