{"MSE_train": [826.1257941845719], "R2_train": -0.10116148349174092, "MAE_train": 21.701588159617046, "MSE_test": 848.204481053501, "R2_test": -0.09696532140463487, "MAE_test": 22.25306144381515}