{"MSE_train": [1189.0915110943022], "R2_train": -0.5849665772226178, "MAE_train": 28.655940031242864, "MSE_test": 1267.0846722712297, "R2_test": -0.6386944136849286, "MAE_test": 29.774159369915324}