{"MSE_train": [193.24510237180948], "R2_train": 0.06379233514110116, "MAE_train": 12.576626096660382, "MSE_test": 169.18972260164992, "R2_test": -0.01984416333407646, "MAE_test": 11.370996005933899, "hyperparameters": {"alpha": 0.001, "beta": 0.001}}