Time,Iteration,Cost,Parameters
Thu Mar 14 01:20:57 2024,0,0.3275028397518906,[ 1.5760501   2.23743478 -2.12427935 -0.11653088  0.55388722 -2.77010883
  3.06858513  2.1896016   1.18552027 -1.06648308  0.60271539  1.14432445
  1.31029913 -1.8735468 ]
Thu Mar 14 01:21:08 2024,1,0.3055546770717478,[ 1.3194697   2.23743477 -2.12427936 -0.11653089  0.55388722 -2.77010884
  3.06858512  2.18960159  1.18552026 -1.06648308  0.60271538  1.14432445
  1.31029912 -1.8735468 ]
Thu Mar 14 01:21:13 2024,2,0.30537243087956734,[ 1.34022137  2.23743477 -2.12427936 -0.11653089  0.55388721 -2.77010884
  3.06858512  2.18960159  1.18552026 -1.06648309  0.60271537  1.14432445
  1.31029912 -1.8735468 ]
Thu Mar 14 01:21:19 2024,3,0.305372025007903,[ 1.34125351  2.23743477 -2.12427936 -0.1165309   0.55388721 -2.77010884
  3.06858512  2.18960158  1.18552026 -1.06648309  0.60271537  1.14432445
  1.31029912 -1.8735468 ]
