{"MSE_train": [89.74705502836767], "R2_train": 0.56520563892786, "MAE_train": 8.481528342937583, "MSE_test": 207.79839811226148, "R2_test": -0.2525700746251711, "MAE_test": 10.734429761373152, "hyperparameters": {"alpha": 0.001, "beta": 0.001}}