{"MSE_train": [0.11570264995773413], "R2_train": 0.769608785468329, "MAE_train": 0.28322377946821975, "MSE_test": 0.16995203779784687, "R2_test": 0.6830454062618028, "MAE_test": 0.3554881384240039}