Time,Iteration,Cost,Parameters
Mon Apr  1 18:23:59 2024,0,0.14843409407278668,[-2.45687503  2.23743461 -2.12427964 -0.11653105  0.55388708 -2.77010899
  3.06858494  2.18960143  1.18551998 -1.06648311  0.60271508  1.14432443
  1.31029896 -1.8735468   0.72965076  2.88578417 -0.54534337 -0.47522485
 -2.0265424   0.7289737 ]
Mon Apr  1 18:24:16 2024,1,0.14809737516507132,[-2.41499944  2.23743461 -2.12427964 -0.11653105  0.55388708 -2.770109
  3.06858494  2.18960143  1.18551998 -1.06648311  0.60271508  1.14432443
  1.31029896 -1.8735468   0.72965076  2.88578417 -0.54534337 -0.47522485
 -2.0265424   0.7289737 ]
Mon Apr  1 18:24:23 2024,2,0.14809465236586955,[-2.41063394  2.23743461 -2.12427964 -0.11653105  0.55388708 -2.77010899
  3.06858494  2.18960143  1.18551998 -1.06648311  0.60271508  1.14432443
  1.31029896 -1.8735468   0.72965076  2.88578417 -0.54534337 -0.47522485
 -2.0265424   0.7289737 ]
Mon Apr  1 18:24:30 2024,3,0.14809463297723247,[-2.4109741   2.23743461 -2.12427964 -0.11653105  0.55388708 -2.77010899
  3.06858493  2.18960143  1.18551998 -1.06648311  0.60271508  1.14432443
  1.31029896 -1.8735468   0.72965076  2.88578417 -0.54534337 -0.47522485
 -2.0265424   0.7289737 ]
