{"MSE_train": [4.648558140561943], "R2_train": 0.36171797393599137, "MAE_train": 1.549127230825972, "MSE_test": 12.610030375182747, "R2_test": -0.2571022287614597, "MAE_test": 2.5033097954997436, "hyperparameters": {"alpha": 0.001, "beta": 0.001}}