{"MSE_train": [3.461421919623205], "R2_train": 0.5247207135818701, "MAE_train": 1.4055384775444482, "MSE_test": 15.279955796458893, "R2_test": -0.5232688515095418, "MAE_test": 2.6170934801036188, "hyperparameters": {"alpha": 0.001, "beta": 0.001}}