{"MSE_train": [1054.7201029679923], "R2_train": -0.40585993250479935, "MAE_train": 24.873921129436635, "MSE_test": 1029.7556427409838, "R2_test": -0.33176168581965904, "MAE_test": 24.495288700917413}