{"MSE_train": [1950.7857837165807], "R2_train": -1.6002458495951721, "MAE_train": 37.73072005613134, "MSE_test": 2008.0953740641446, "R2_test": -1.5970282362638106, "MAE_test": 38.79305154322306}