{"MSE_train": [41.58766700247001], "R2_train": 0.7985217108560899, "MAE_train": 4.563847521590053, "MSE_test": 25.47987168412006, "R2_test": 0.8464120750364205, "MAE_test": 3.6994738445559867}