Time,Iteration,Cost,Parameters
Wed Mar 27 18:55:54 2024,0,0.15198260378656386,[-3.80861506  2.23743635 -2.12427792 -0.11653017  0.55388708 -2.77010897
  3.06858498  2.18960231  1.1855217  -1.06648223  0.60271596  1.14432531
  1.3103007  -1.8735468   0.7296508   2.88578505 -0.54534335 -0.47522485
 -2.0265424   0.7289737 ]
Wed Mar 27 18:56:06 2024,1,0.15198158899445285,[-3.80604967  2.23743634 -2.12427793 -0.11653017  0.55388708 -2.77010897
  3.06858498  2.18960231  1.18552169 -1.06648223  0.60271596  1.14432531
  1.31030069 -1.8735468   0.7296508   2.88578505 -0.54534335 -0.47522485
 -2.0265424   0.7289737 ]
