{"MSE_train": [0.1476050311449652], "R2_train": 0.7060836341354646, "MAE_train": 0.3229108134623952, "MSE_test": 0.18686896659747368, "R2_test": 0.6514959269824689, "MAE_test": 0.38090960566438314}