{"MSE_train": [0.5033495018602616], "R2_train": -0.0022873556470814904, "MAE_train": 0.6197457205496404, "MSE_test": 0.5690437880965912, "R2_test": -0.06124672003011944, "MAE_test": 0.6774775680903881}