{"MSE_train": [58.350769555283875], "R2_train": 0.7173101049517661, "MAE_train": 5.014153598163297, "MSE_test": 77.60513085589736, "R2_test": 0.5322107127363283, "MAE_test": 5.135573915606559}