{"MSE_train": [0.21101848730046247], "R2_train": 0.9987956590785815, "MAE_train": 0.3936196156844025, "MSE_test": 1.3414429368682452, "R2_test": 0.9933479146606161, "MAE_test": 0.8950287794502095}