{"MSE_train": [0.9537383248777125], "R2_train": 0.9848200289196677, "MAE_train": 0.8400644691496012, "MSE_test": 1.5326331464231715, "R2_test": 0.9869313951132453, "MAE_test": 0.9565331204580229}