{"MSE_train": [0.00013434116334625745], "R2_train": 0.9999992332777923, "MAE_train": 0.008012951600796958, "MSE_test": 4.171243950407712, "R2_test": 0.9793152060614068, "MAE_test": 1.6500651747672088}