{"MSE_train": [2.6014903715195397], "R2_train": 0.9585939375871331, "MAE_train": 1.0778923022202087, "MSE_test": 5.194297389425634, "R2_test": 0.955708761483381, "MAE_test": 1.4710566819189912}