{"MSE_train": [1.2361550576035907e-07], "R2_train": 0.9999999992944921, "MAE_train": 0.0003132081905572459, "MSE_test": 13.299987251583454, "R2_test": 0.93404665395846, "MAE_test": 2.9708302889512646}