{"MSE_train": [1.449643068950905], "R2_train": 0.976927067635349, "MAE_train": 0.9462821565338642, "MSE_test": 15.442923410714936, "R2_test": 0.8683197836207279, "MAE_test": 2.980848191262012}