{"MSE_train": [0.0], "R2_train": 1.0, "MAE_train": 0.0, "MSE_test": 13.028221254197666, "R2_test": 0.9353943151651107, "MAE_test": 2.9073290215256122}