{"MSE_train": [9.818887507060987], "R2_train": 0.8437197871676871, "MAE_train": 2.3614596157415355, "MSE_test": 41.95142643760566, "R2_test": 0.6422845102702428, "MAE_test": 4.794877575619919}