{"MSE_train": [0.21473990563107537], "R2_train": 0.9987744199140011, "MAE_train": 0.4016558121245264, "MSE_test": 1.4030662744543176, "R2_test": 0.9930423305099573, "MAE_test": 0.9215925657850761}