{"MSE_train": [2.4491612833655174], "R2_train": 0.9610184507817433, "MAE_train": 1.047398093107363, "MSE_test": 4.650299872316372, "R2_test": 0.9603473722475211, "MAE_test": 1.4523901331025209}