{"MSE_train": [0.21101848747249863], "R2_train": 0.9987956590775996, "MAE_train": 0.39361944600273935, "MSE_test": 1.341442523319436, "R2_test": 0.9933479167113645, "MAE_test": 0.8950285616008464}