{"MSE_train": [0.9539025073312573], "R2_train": 0.9848174157449302, "MAE_train": 0.8401359666146572, "MSE_test": 1.532958349446603, "R2_test": 0.9869286221405799, "MAE_test": 0.956756342194856}