{"MSE_train": [9.709047244282324], "R2_train": 0.8454680361044696, "MAE_train": 2.1284308288505676, "MSE_test": 45.28739615154143, "R2_test": 0.6138390403237319, "MAE_test": 5.152370157363804}