{"MSE_train": [1.8204083600261411], "R2_train": 0.9896104255616703, "MAE_train": 1.081157285039733, "MSE_test": 19.053281447760234, "R2_test": 0.9055166263861362, "MAE_test": 3.1444636463213005}