{"MSE_train": [2.093768822881086], "R2_train": 0.9666749785017692, "MAE_train": 1.1804057227027256, "MSE_test": 4.804176582184185, "R2_test": 0.9590352814009742, "MAE_test": 1.6522245842686334}