{"MSE_train": [0.21101848206406432], "R2_train": 0.998795659108467, "MAE_train": 0.39362887528844115, "MSE_test": 1.3414655100722337, "R2_test": 0.9933478027222882, "MAE_test": 0.8950406675870056}