{"MSE_train": [3.422219573276969], "R2_train": 0.9455309776299987, "MAE_train": 1.2614137854136955, "MSE_test": 34.94222088160475, "R2_test": 0.7020512836792593, "MAE_test": 3.8062780257408697}