{"MSE_train": [0.23508976344954005], "R2_train": 0.9986582776421586, "MAE_train": 0.3959530990105762, "MSE_test": 1.2568525199660205, "R2_test": 0.9937673903286913, "MAE_test": 0.8607755952415121}