{"MSE_train": [858.2489226232292], "R2_train": -0.1439791173374707, "MAE_train": 21.439727411905437, "MSE_test": 877.9916715587065, "R2_test": -0.1354884791291726, "MAE_test": 21.675631402059388}