{"MSE_train": [7.8640490806052785], "R2_train": -0.07979313766929863, "MAE_train": 2.2860991456702404, "MSE_test": 17.17336835262875, "R2_test": -0.7120243955889956, "MAE_test": 3.1185847061992633}