{"MSE_train": [760.9317767860872], "R2_train": -0.014262924678235533, "MAE_train": 20.16045761529451, "MSE_test": 775.1885377942923, "R2_test": -0.002535311360926551, "MAE_test": 20.551906655855536}