{"MSE_train": [1523.7129401286077], "R2_train": -1.0309909379160676, "MAE_train": 33.237170978292745, "MSE_test": 1610.5254738547953, "R2_test": -1.0828593028218658, "MAE_test": 34.441499882884756}