{"MSE_train": [213.02286038393473], "R2_train": -0.032024264697225524, "MAE_train": 13.53225386485828, "MSE_test": 199.47178155748645, "R2_test": -0.20237877953272676, "MAE_test": 12.58550126350317}