{"MSE_train": [239.61638619463164], "R2_train": -0.16086097203946248, "MAE_train": 13.358422081319276, "MSE_test": 208.14843754743112, "R2_test": -0.25468004720154913, "MAE_test": 11.96991276234795, "MAX_ITER": 1000}