{"MSE_train": [125.40960033836572], "R2_train": 0.39243257581881774, "MAE_train": 7.865517801694139, "MSE_test": 179.8713610194237, "R2_test": -0.08423109197075362, "MAE_test": 9.590253080275986, "BATCH_SIZE": 32, "NUM_CORES": 16, "TOLERANCE": 1e-06, "MAX_ITER": 500, "NUM_QUBITS": 5}