{"MSE_train": [3.45530971561476], "R2_train": 0.5255599652036116, "MAE_train": 1.5209485039397437, "MSE_test": 5.950852828225286, "R2_test": 0.4067555643548536, "MAE_test": 1.9169836144716494}