{"MSE_train": [0.07760972566970917], "R2_train": 0.8454607654790463, "MAE_train": 0.22803153456597122, "MSE_test": 0.11394317252159045, "R2_test": 0.78749997691243, "MAE_test": 0.30352633123679246}