{"MSE_train": [883.6281842493424], "R2_train": -0.17780770080364916, "MAE_train": 22.72090413988372, "MSE_test": 921.7362024612693, "R2_test": -0.19206237666579518, "MAE_test": 23.343482988909887}