{"MSE_train": [17.92400054667695], "R2_train": 0.9131642329312559, "MAE_train": 2.8542042276469415, "MSE_test": 30.50881718199788, "R2_test": 0.8160985274114783, "MAE_test": 3.7277556202339497}