{"MSE_train": [33.78051310141416], "R2_train": 0.8363447513015786, "MAE_train": 3.9304236219304456, "MSE_test": 55.80310032067159, "R2_test": 0.6636292956636843, "MAE_test": 4.515171004375298}