{"MSE_train": [0.12999058521276682], "R2_train": 0.741158142740964, "MAE_train": 0.2979841604876357, "MSE_test": 0.17538542775053786, "R2_test": 0.6729123244383013, "MAE_test": 0.3623947160581622}