{"MSE_train": 0.0005876317530387871, "R2_train": -0.5072025009734229, "MAE_train": 0.020702367206185693, "MSE_test": 0.0005897289016124364, "R2_test": -0.5178677314164808, "MAE_test": 0.02078606663906966}