{"MSE_train": [163.36687287738428], "R2_train": 0.2085423294321579, "MAE_train": 11.019071698721973, "MSE_test": 161.75386702339, "R2_test": 0.02497779035360903, "MAE_test": 10.776672692864768, "hyperparameters": {"alpha": 0.001, "beta": 0.001}}