Time,Iteration,Cost,Parameters
Thu Mar 21 12:33:16 2024,0,0.39705388119620844,[-3.00687863  2.32206722 -2.10356805 -0.11653103  0.55388708 -2.77010897
  3.06858498  2.18960146  1.18551998 -1.06648308  0.67494418  1.14432445
  1.42159469 -1.8735468   0.7296508   2.88578419 -0.54534335 -0.47522485
 -2.02654241  0.7289737   1.60512664  2.83077107 -1.2645671  -0.25136105]
Thu Mar 21 12:33:24 2024,1,0.30136515949432485,[-3.04363646  3.09176172 -1.90324062 -0.11653105  0.55388706 -2.77010896
  3.06858495  2.18960147  1.18551995 -1.06648311  1.29039953  1.14432442
  1.47931888 -1.8735468   0.72965075  2.88578419 -0.54534337 -0.47522484
 -2.02654244  0.72897371  1.60512664  2.83077105 -1.2645671  -0.25136105]
Thu Mar 21 12:33:28 2024,2,0.2975551576391709,[-3.09775213  3.50983267 -1.71723527 -0.11653107  0.55388704 -2.77010896
  3.06858493  2.18960147  1.18551993 -1.06648312  1.6482282   1.14432439
  1.5566628  -1.8735468   0.72965072  2.88578419 -0.54534339 -0.47522483
 -2.02654246  0.72897372  1.60512664  2.83077104 -1.2645671  -0.25136105]
