{"MSE_train": [0.45521133079658416], "R2_train": 0.9374960575467787, "MAE_train": 0.541503422949364, "MSE_test": 0.8576215231247698, "R2_test": 0.9145031458230471, "MAE_test": 0.6813609409604505}