{"MSE_train": [819.246517864319], "R2_train": -0.09199194276140155, "MAE_train": 21.619576012287368, "MSE_test": 842.7059938188697, "R2_test": -0.08985424152789911, "MAE_test": 22.209176531685735}