{"MSE_train": [1.6862496622141117], "R2_train": 0.7684652276463377, "MAE_train": 0.7542130927098094, "MSE_test": 7.162880914787164, "R2_test": 0.2859276865777278, "MAE_test": 1.5589456440345422}