{"MSE_train": [260.10475955538305], "R2_train": -0.26012026474806005, "MAE_train": 13.88609009941654, "MSE_test": 127.91383099733227, "R2_test": 0.228959230227743, "MAE_test": 10.435691588347833}