{"MSE_train": [262.8800801371227], "R2_train": -0.2735657615248228, "MAE_train": 13.535597516717264, "MSE_test": 111.8343628056625, "R2_test": 0.3258832722595397, "MAE_test": 9.396324612117853, "MAX_ITER": 1000}