{"MSE_train": [2.856112325794902], "R2_train": 0.9861630943382851, "MAE_train": 1.2571393376500026, "MSE_test": 2.1139899292531696, "R2_test": 0.9872572620987627, "MAE_test": 1.2371054834222504, "BATCH_SIZE": 32, "NUM_CORES": 16, "TOLERANCE": 1e-06, "MAX_ITER": 500, "NUM_QUBITS": 5}