{"MSE_train": [4.4346764774395195], "R2_train": 0.9785154808148245, "MAE_train": 1.6178066587233555, "MSE_test": 3.3685223376064384, "R2_test": 0.9796951741970946, "MAE_test": 1.4385878668056793, "MAX_ITER": 1000}