{"MSE_train": [204.86098287957446], "R2_train": 0.0075172925553849135, "MAE_train": 12.493930759926688, "MSE_test": 189.49147307271386, "R2_test": -0.14221933722172198, "MAE_test": 11.972689553876823}