{"MSE_train": [0.06600525313442314], "R2_train": 0.8685680021964474, "MAE_train": 0.21368018982869366, "MSE_test": 0.08497122226841493, "R2_test": 0.8415316486786797, "MAE_test": 0.2557561016590258, "hyperparameters": {"alpha": 0.001, "beta": 0.001}}