{"MSE_train": [2.7314086791699346], "R2_train": 0.6249570268817481, "MAE_train": 1.0278615990673081, "MSE_test": 12.953923408010226, "R2_test": -0.2913851515745378, "MAE_test": 2.182269865344311, "hyperparameters": {"alpha": 0.001, "beta": 0.001}}