{"MSE_train": [783.41594173264], "R2_train": -0.04423256925525476, "MAE_train": 20.85065447755846, "MSE_test": 786.4939445303992, "R2_test": -0.017156360189247266, "MAE_test": 21.04518848840887}