{"MSE_train": [839.672153327586], "R2_train": -0.11921772751031301, "MAE_train": 22.119270497902164, "MSE_test": 859.4907379230154, "R2_test": -0.1115616041063543, "MAE_test": 22.51993338185863}