{"MSE_train": [45.90410365198819], "R2_train": 0.7776100239540249, "MAE_train": 6.071828650930955, "MSE_test": 94.76574082704465, "R2_test": 0.42876974924747113, "MAE_test": 8.033051467006045, "MAX_ITER": 1000}