{"MSE_train": [45.89835550093105], "R2_train": 0.7776378718167257, "MAE_train": 6.071747103191012, "MSE_test": 94.49104285866709, "R2_test": 0.43042557748231725, "MAE_test": 8.026207801945722}