{"MSE_train": [45.896607828064035], "R2_train": 0.7776463387052196, "MAE_train": 6.071694806290288, "MSE_test": 94.24980758368135, "R2_test": 0.43187969882846866, "MAE_test": 8.020117013057318}