{"MSE_train": [45.896607828064035], "R2_train": 0.7776463387052196, "MAE_train": 6.071694806290288, "MSE_test": 94.24980758368135, "R2_test": 0.43187969882846866, "MAE_test": 8.020117013057318, "BATCH_SIZE": 32, "NUM_CORES": 16, "TOLERANCE": 1e-06, "MAX_ITER": 500, "NUM_QUBITS": 5}