Time,Iteration,Cost,Parameters
Mon Apr  1 16:55:40 2024,0,0.2974645301724347,[-4.62868628  2.23743446 -2.12427964 -0.11653103  0.55388708]
Mon Apr  1 16:55:46 2024,1,0.29740885871526557,[-4.65125836  2.23743446 -2.12427964 -0.11653103  0.55388708]
Mon Apr  1 16:55:49 2024,2,0.2974088500187408,[-4.65154428  2.23743446 -2.12427964 -0.11653103  0.55388708]
