{"MSE_train": [0.0005570181258459388], "R2_train": -0.42868234744134615, "MAE_train": 0.01984587641664786, "MSE_test": 0.0005520800346241106, "R2_test": -0.42096557829201564, "MAE_test": 0.0198174550485985}