{"MSE_train": [750.7330044457367], "R2_train": -0.0006687537188601045, "MAE_train": 19.989086191700398, "MSE_test": 777.2079465953466, "R2_test": -0.005146971018447299, "MAE_test": 20.601175952691417}