Time,Iteration,Cost,Parameters
Thu Apr  4 12:00:46 2024,0,0.03257910094659293,[-0.67004089  2.23743464 -2.1242796  -0.11653103  0.55388708]
Thu Apr  4 12:00:48 2024,1,0.029889230074453217,[-0.51259794  2.23743463 -2.1242796  -0.11653103  0.55388708]
Thu Apr  4 12:00:51 2024,2,0.029779531607277566,[-0.47624699  2.23743463 -2.1242796  -0.11653103  0.55388708]
Thu Apr  4 12:00:52 2024,3,0.029778446844122747,[-0.47229384  2.23743463 -2.1242796  -0.11653103  0.55388708]
