{"MSE_train": [0.33576759130633216], "R2_train": 0.3314076800341371, "MAE_train": 0.49923327800067197, "MSE_test": 0.3741330576203721, "R2_test": 0.30225496076048275, "MAE_test": 0.5401744887721929}