{"MSE_train": [0.16544400420312744], "R2_train": 0.6705620391644842, "MAE_train": 0.3378385049856897, "MSE_test": 0.2387844129367597, "R2_test": 0.5546754391765025, "MAE_test": 0.39558684430520824, "BATCH_SIZE": 32, "NUM_CORES": 16, "TOLERANCE": 1e-06, "MAX_ITER": 1000, "NUM_QUBITS": 5}