Time,Iteration,Cost,Parameters
Thu Apr  4 13:54:03 2024,0,0.40254991577958255,[-1.11690592  2.23743479 -2.12427948 -0.11653103  0.55388708 -2.77010913
  3.06858483  2.18960145  1.18551998 -1.06648324  0.6027151   1.14432445
  1.31029899 -1.87354664  0.72965065  2.88578419 -0.54534335 -0.47522485
 -2.0265424   0.7289737 ]
Thu Apr  4 13:54:17 2024,1,0.4014819009461361,[-1.17493455  2.23743479 -2.12427948 -0.11653103  0.55388708 -2.77010912
  3.06858483  2.18960145  1.18551999 -1.06648324  0.6027151   1.14432445
  1.31029899 -1.87354665  0.72965065  2.88578419 -0.54534335 -0.47522485
 -2.0265424   0.7289737 ]
Thu Apr  4 13:54:25 2024,2,0.4014732588858403,[-1.18082955  2.23743478 -2.12427949 -0.11653103  0.55388707 -2.77010913
  3.06858482  2.18960145  1.18551998 -1.06648324  0.6027151   1.14432445
  1.31029899 -1.87354665  0.72965065  2.88578419 -0.54534335 -0.47522485
 -2.0265424   0.7289737 ]
Thu Apr  4 13:54:32 2024,3,0.40147324021038844,[-1.18056732  2.23743478 -2.12427949 -0.11653104  0.55388707 -2.77010913
  3.06858482  2.18960145  1.18551998 -1.06648324  0.6027151   1.14432445
  1.31029899 -1.87354665  0.72965065  2.88578419 -0.54534335 -0.47522485
 -2.0265424   0.7289737 ]
