{"MSE_train": [782.2611576690693], "R2_train": -0.04269333183946955, "MAE_train": 20.794584786452457, "MSE_test": 804.0189149281529, "R2_test": -0.03982104213139093, "MAE_test": 21.32922559522616}