{"MSE_train": [29.441597371896847], "R2_train": 0.8573653418019023, "MAE_train": 3.9878860797990527, "MSE_test": 42.88657526739596, "R2_test": 0.7414877050492026, "MAE_test": 4.393941102404268}