{"MSE_train": [27.596741574093414], "R2_train": 0.866303048979287, "MAE_train": 3.716400113522018, "MSE_test": 32.2747651110535, "R2_test": 0.80545372192031, "MAE_test": 3.6413518581204207, "BATCH_SIZE": 32, "NUM_CORES": 16, "TOLERANCE": 1e-06, "MAX_ITER": 500, "NUM_QUBITS": 5}