{"MSE_train": [0.4071508973296904], "R2_train": 0.18926671283921848, "MAE_train": 0.5538781923976808, "MSE_test": 0.4171184497438456, "R2_test": 0.22208871107197647, "MAE_test": 0.5713555085332401, "hyperparameters": {"alpha": 0.001, "beta": 0.001}}