Time,Iteration,Cost,Parameters
Fri Apr  5 06:42:33 2024,0,0.617660478305356,[12.35305871  2.2374359  -2.1242771  -0.11653039  0.55388771 -2.77010771
  3.06858625  2.18960272  1.18552062 -1.06648308  0.602717    1.14432445
  1.31029962 -1.8735449 ]
Fri Apr  5 06:44:03 2024,1,0.23843795852549932,[ 7.71460627  2.23743552 -2.12427787 -0.11653058  0.55388752 -2.77010808
  3.06858587  2.18960234  1.18552042 -1.06648309  0.60271644  1.14432445
  1.31029942 -1.87354548]
Fri Apr  5 06:44:50 2024,2,0.23842558620300736,[ 7.71968791  2.23743552 -2.12427787 -0.11653058  0.55388752 -2.77010808
  3.06858587  2.18960234  1.18552042 -1.06648309  0.60271644  1.14432445
  1.31029942 -1.87354548]
Fri Apr  5 06:45:14 2024,3,0.23842558418137788,[ 7.71975375  2.23743552 -2.12427787 -0.11653058  0.55388752 -2.77010808
  3.06858587  2.18960234  1.18552043 -1.06648309  0.60271644  1.14432445
  1.31029942 -1.87354548]
