{"MSE_train": [791.7077481666902], "R2_train": -0.05528490285628629, "MAE_train": 20.88096962909042, "MSE_test": 818.15999292581, "R2_test": -0.05810940598375014, "MAE_test": 21.460962536782006}