{"MSE_train": [0.3716519789500635], "R2_train": 0.2599534164110946, "MAE_train": 0.5225264676882916, "MSE_test": 0.45073938729274216, "R2_test": 0.15938684094445732, "MAE_test": 0.5926456442625286}