{"MSE_train": [73.42889228928976], "R2_train": 0.6442616607635174, "MAE_train": 5.4530966789409465, "MSE_test": 93.05215232956891, "R2_test": 0.4390989418286404, "MAE_test": 6.644900790007995, "hyperparameters": {"alpha": 0.001, "beta": 0.001}}