{"MSE_train": [1.1575169869257258], "R2_train": 0.841064204151452, "MAE_train": 0.7769807368353246, "MSE_test": 3.1758181561589547, "R2_test": 0.6834005975032654, "MAE_test": 1.0919211508911537}