{"MSE_train": [85.93496617225908], "R2_train": 0.5836739300380034, "MAE_train": 6.503502407788853, "MSE_test": 79.03249580391935, "R2_test": 0.5236068224479373, "MAE_test": 5.847272914466122, "hyperparameters": {"alpha": 0.001, "beta": 0.001}}