{"MSE_train": [763.7922908685248], "R2_train": -0.018075767652924624, "MAE_train": 20.16682795564677, "MSE_test": 776.1394618332965, "R2_test": -0.003765121763227297, "MAE_test": 20.52547261781512}