{"MSE_train": [88.61031276153844], "R2_train": 0.5707127737018476, "MAE_train": 6.519363108344112, "MSE_test": 97.76102554525862, "R2_test": 0.41071473035849004, "MAE_test": 6.256646547955488, "hyperparameters": {"alpha": 0.001, "beta": 0.001}}