{"MSE_train": [1279.6701390507408], "R2_train": -0.7057008492127672, "MAE_train": 28.19630239500499, "MSE_test": 1374.922386991535, "R2_test": -0.7781587009294091, "MAE_test": 29.621819314302908}