{"MSE_train": [776.1140943627157], "R2_train": -0.034499774154682195, "MAE_train": 20.388825094930564, "MSE_test": 792.9448173926081, "R2_test": -0.0254991407105718, "MAE_test": 20.76027890593773}