{"MSE_train": [834.8341692371088], "R2_train": -0.11276907068869946, "MAE_train": 22.226668763811542, "MSE_test": 859.1145553578583, "R2_test": -0.11107509497122003, "MAE_test": 22.62112234562191}