{"MSE_train": [0.2006206356613885], "R2_train": 0.6005170847251324, "MAE_train": 0.3805798048181556, "MSE_test": 0.21747760819716824, "R2_test": 0.5944118832203753, "MAE_test": 0.4022731166556059}