{"MSE_train": [0.48583331949607605], "R2_train": 0.03259148706150927, "MAE_train": 0.6035464272045926, "MSE_test": 0.633233657846179, "R2_test": -0.1809585772823905, "MAE_test": 0.7016186942500817}