{"MSE_train": [779.2587016095437], "R2_train": -0.038691291239963066, "MAE_train": 21.37534725608478, "MSE_test": 802.0951223094721, "R2_test": -0.037333040905972004, "MAE_test": 21.700464410144612}