{"MSE_train": [322.73054688664587], "R2_train": -0.5635211861568947, "MAE_train": 16.553674354631287, "MSE_test": 300.86647475515866, "R2_test": -0.8135671215939186, "MAE_test": 16.300834074964985}