{"MSE_train": [1300.7418224828052], "R2_train": -0.7337877656981959, "MAE_train": 28.508293150990315, "MSE_test": 1397.4063943722163, "R2_test": -0.8072368028891859, "MAE_test": 29.878361846718658}