{"MSE_train": [865.1133341297095], "R2_train": -0.1531288444262302, "MAE_train": 22.047228514984365, "MSE_test": 893.0332341203925, "R2_test": -0.15494142105352338, "MAE_test": 22.526125961914776}