{"MSE_train": [1305.3627592420237], "R2_train": -0.7399471152944945, "MAE_train": 28.558267186241256, "MSE_test": 1402.1004291203128, "R2_test": -0.813307500994594, "MAE_test": 29.930978862647105}