{"MSE_train": [1.4930410585336282], "R2_train": 0.7949942233652703, "MAE_train": 0.7377921725162973, "MSE_test": 3.9055426698922515, "R2_test": 0.6106538803818401, "MAE_test": 1.115734193045337}