{"MSE_train": [0.4091336756151581], "R2_train": 0.18531853449150726, "MAE_train": 0.5642930596714179, "MSE_test": 0.44821216406713554, "R2_test": 0.1641000236819934, "MAE_test": 0.6091253575446592}