{"MSE_train": [8.723793583628643], "R2_train": -0.19784252990962248, "MAE_train": 2.6282758292679005, "MSE_test": 10.02577993740857, "R2_test": 0.0005233984850262496, "MAE_test": 2.795991964796569}