{"MSE_train": [73.37151899746605], "R2_train": 0.6445396151070132, "MAE_train": 7.088834066324367, "MSE_test": 102.19663796741932, "R2_test": 0.3839776841006425, "MAE_test": 7.690880972274213}