{"MSE_train": [8.134129077327641e-05], "R2_train": 0.7920539159331303, "MAE_train": 0.005696881709129683, "MSE_test": 8.519573138124288e-05, "R2_test": 0.7824458565702916, "MAE_test": 0.0058779120941283665}