{"MSE_train": [0.00021506963973116162], "R2_train": 0.4501822019468048, "MAE_train": 0.009933586673746561, "MSE_test": 0.00021795730787857605, "R2_test": 0.44342850690981306, "MAE_test": 0.009870373628740051}