{"MSE_train": [155.60829622347768], "R2_train": 0.2461300294185057, "MAE_train": 7.484191030320469, "MSE_test": 239.01360319138675, "R2_test": -0.44072952200588156, "MAE_test": 9.085075760944097, "BATCH_SIZE": 32, "NUM_CORES": 16, "TOLERANCE": 1e-06, "MAX_ITER": 500, "NUM_QUBITS": 5}