{"MSE_train": [215.82963348288598], "R2_train": -0.045622138363913045, "MAE_train": 13.441657376366589, "MSE_test": 175.013399904405, "R2_test": -0.0549482063872091, "MAE_test": 11.410207468027366}