{"MSE_train": [28.64787851363519], "R2_train": 0.8612106432854965, "MAE_train": 3.4860500103928076, "MSE_test": 36.60391049294792, "R2_test": 0.7793584391687403, "MAE_test": 4.074337618223514}