{"MSE_train": [207.00678483010228], "R2_train": -0.0028783977296298335, "MAE_train": 12.575800140320553, "MSE_test": 191.67210979679712, "R2_test": -0.15536380959989549, "MAE_test": 12.040771475079733, "BATCH_SIZE": 32, "NUM_CORES": 16, "TOLERANCE": 1e-06, "MAX_ITER": 500, "NUM_QUBITS": 5}