{"MSE_train": [36.033693475818474], "R2_train": 0.8254288485907905, "MAE_train": 4.081229893274853, "MSE_test": 45.21520856859259, "R2_test": 0.7274511368448666, "MAE_test": 4.521234009790047}