{"MSE_train": [0.00043283544778901974], "R2_train": -0.11016919362167577, "MAE_train": 0.012274274680695814, "MSE_test": 0.0004310685395388767, "R2_test": -0.1095013732681065, "MAE_test": 0.012271604349965269}