{"MSE_train": [22.968942446915328], "R2_train": 0.8887231825874103, "MAE_train": 2.8000378284817184, "MSE_test": 55.46525146836798, "R2_test": 0.6656657856750912, "MAE_test": 3.6152808380621066, "BATCH_SIZE": 32, "NUM_CORES": 16, "TOLERANCE": 1e-06, "MAX_ITER": 500, "NUM_QUBITS": 5}