{"MSE_train": [83.49635002545696], "R2_train": 0.5954882068308618, "MAE_train": 6.532567546978749, "MSE_test": 96.92520696876785, "R2_test": 0.4157528892001311, "MAE_test": 6.356786030653469}