{"MSE_train": [89.0192116218833], "R2_train": 0.5687317959564434, "MAE_train": 6.784859652584697, "MSE_test": 100.07487706770755, "R2_test": 0.3967672639657045, "MAE_test": 6.435943323096041}