{"MSE_train": [0.13040589743002706], "R2_train": 0.7403311583445014, "MAE_train": 0.29878321761739174, "MSE_test": 0.20411466110699047, "R2_test": 0.6193333111773043, "MAE_test": 0.38378440917736684}