{"MSE_train": [227.63053609303788], "R2_train": -0.10279355093933096, "MAE_train": 13.23138567881667, "MSE_test": 214.8609329043698, "R2_test": -0.2951417200851849, "MAE_test": 12.615998637258159, "hyperparameters": {"alpha": 0.001, "beta": 0.001}}