Time,Iteration,Cost,Parameters
Tue Mar 19 15:45:43 2024,0,0.3597146207892242,[-7.59805192  2.23743464 -2.12427964 -0.11653103  0.55388708 -2.77011024
  3.06858372  2.18960019  1.18551998 -1.06648435  0.6027151   1.14432445
  1.31029899 -1.87354553]
Tue Mar 19 15:45:57 2024,1,0.35939792055473707,[-7.57667226  2.23743464 -2.12427964 -0.11653103  0.55388708 -2.77011023
  3.06858372  2.18960019  1.18551998 -1.06648435  0.6027151   1.14432445
  1.31029899 -1.87354554]
Tue Mar 19 15:46:04 2024,2,0.3593828342803501,[-7.57087207  2.23743464 -2.12427963 -0.11653103  0.55388708 -2.77011023
  3.06858372  2.18960019  1.18551998 -1.06648434  0.6027151   1.14432445
  1.31029899 -1.87354554]
