{"MSE_train": [834.0150007622127], "R2_train": -0.1116771827711498, "MAE_train": 21.85851567059784, "MSE_test": 834.5439652968668, "R2_test": -0.07929845876448782, "MAE_test": 21.99124677081461}