Time,Iteration,Cost,Parameters
Mon Nov  4 16:09:10 2024,255,0.121602688507465,[-3.10511288  2.21214131 -1.75895763 -0.10631665  0.50666526 -2.78069396
  3.04855354  2.17388518  1.1461166  -1.07101928  0.66844719  1.14939897
  1.29417947 -1.85475754  0.73318435  2.83868104 -0.52631428 -0.45001193
 -2.07798949  0.75081633  1.567987    2.810947   -1.3315147  -0.23255382
 -2.42678742 -2.25218761  3.16480748  2.54041108 -0.59696571 -2.75837082
  1.51141964 -0.0351047  -2.34403373  2.07946706  1.13315037 -0.71034571
  1.06000883 -1.89595974 -0.39226242  2.38469317 -0.17983008  0.55331105
  2.72142961  1.08700168  2.55687799  2.91501305  2.81397883 -2.93794677]
