{"MSE_train": [214.4164134919195], "R2_train": -0.038775561806805525, "MAE_train": 12.531802106708188, "MSE_test": 182.3862876030427, "R2_test": -0.09939060141422207, "MAE_test": 11.257106541717452, "hyperparameters": {"alpha": 0.001, "beta": 0.001}}