{"MSE_train": [107.50648481434959], "R2_train": 0.4791671619621163, "MAE_train": 7.544483719821313, "MSE_test": 123.74028845422231, "R2_test": 0.254116568023246, "MAE_test": 8.443883824461016, "hyperparameters": {"alpha": 0.001, "beta": 0.001}}