{"MSE_train": [3.1092309383445342], "R2_train": 0.9849368196111178, "MAE_train": 1.356670131814908, "MSE_test": 55.261764202225685, "R2_test": 0.6668923690484597, "MAE_test": 3.31323470032081, "hyperparameters": {"alpha": 0.001, "beta": 0.001}}