{"MSE_train": [2.227492107641749], "R2_train": 0.694148565530194, "MAE_train": 0.9416500172518297, "MSE_test": 15.100770556780642, "R2_test": -0.5054057570158126, "MAE_test": 2.2590001457203956}