{"MSE_train": [0.07899591805186235], "R2_train": 0.8427005301117881, "MAE_train": 0.2343898105386884, "MSE_test": 0.0916234214802698, "R2_test": 0.8291255303056422, "MAE_test": 0.26481221581169645}