{"MSE_train": [4.528014242577313], "R2_train": 0.9780632906683717, "MAE_train": 1.7566721455660406, "MSE_test": 4.91550572684978, "R2_test": 0.9703702462048124, "MAE_test": 1.8522118377536365}