{"MSE_train": [1434.0400910411856], "R2_train": -0.9114639987681352, "MAE_train": 30.048755883133882, "MSE_test": 1593.3292021497857, "R2_test": -1.0606197201042433, "MAE_test": 32.26603836531503}