{"MSE_train": [1967.7653449883387], "R2_train": -1.6228782852492398, "MAE_train": 35.75867333252933, "MSE_test": 1907.8783540825407, "R2_test": -1.4674196359911598, "MAE_test": 35.28253724683547}