Time,Iteration,Cost,Parameters
Mon Nov  4 13:47:15 2024,330,0.15700709891544173,[-3.33173028  3.12905862 -1.56495038 -0.00370973  0.57719753 -2.6176935
  3.27360667  2.06388554  1.23651706 -1.33222339  0.68125258  1.12449983
  1.34509419 -1.63178715  0.73332963  3.02602229 -0.59530124 -0.43868898
 -1.69796727  0.69350796  1.65463879  2.72070697 -1.46697053 -0.45748098
 -2.51110964 -2.53017464  3.10343082  2.68290949 -0.45612367 -2.86369604
  1.32455219 -0.03536646 -2.34413151  2.09623799  1.23551552 -0.70707735
  1.43116434 -2.01792929 -0.11195685  2.2187887   0.00978874  0.70513325
  2.71922426  1.02005253  2.62489056  3.03940455  2.59958897 -2.90834636]
