Time,Iteration,Cost,Parameters
Tue Nov 12 15:55:19 2024,970,0.02637182467183558,[-2.59380304  2.14983131 -2.30924604  0.06223584  0.49154015 -2.69244258
  2.9407461   2.34860603  1.3282298  -0.72865088  0.47607864  1.54032751
  0.8380809  -2.04712862  1.13302115  2.8558344  -0.75636368 -0.34672609
 -1.70772712  0.7688984   1.58453858  3.09053131 -1.25581032  0.13670851
 -2.21021042 -2.46579427  3.03582878  2.5140218  -0.55988028 -2.90454698
  1.44106772 -0.05423347 -2.29240067  1.70918233  1.00483753 -0.86985572
  0.76684237 -1.66859394 -0.6134489   2.16453082 -0.19680282  0.54188654
  2.59841381  0.79233506  2.75419672]
