{"MSE_train": [0.00011226454459875929], "R2_train": 0.7120553790449716, "MAE_train": 0.006329568854640178, "MSE_test": 0.00011104304184605279, "R2_test": 0.7141929968912701, "MAE_test": 0.006313689283743093}