{"MSE_train": [2018.7853294054087], "R2_train": -1.6908839595955785, "MAE_train": 37.42324378854234, "MSE_test": 2028.1793812241688, "R2_test": -1.623002467550617, "MAE_test": 38.14067201536664}