Time,Iteration,Cost,Parameters
Thu Apr  4 19:59:45 2024,0,0.09587137137514981,[-4.67463181  2.23743455 -2.12427964 -0.11653094  0.55388708 -2.77010906
  3.06858482  2.18960154  1.18552007 -1.06648317  0.6027151   1.14432437
  1.31029907 -1.87354655]
Thu Apr  4 20:00:34 2024,1,0.09544062548603666,[-4.70148701  2.23743455 -2.12427964 -0.11653094  0.55388708 -2.77010906
  3.06858481  2.18960154  1.18552007 -1.06648317  0.6027151   1.14432437
  1.31029907 -1.87354655]
Thu Apr  4 20:00:58 2024,2,0.09544006317475885,[-4.70249362  2.23743455 -2.12427964 -0.11653094  0.55388708 -2.77010906
  3.06858481  2.18960154  1.18552007 -1.06648317  0.6027151   1.14432437
  1.31029907 -1.87354655]
