{"MSE_train": [0.00030625456392360616], "R2_train": 0.21449506039589927, "MAE_train": 0.012423498272599035, "MSE_test": 0.000305874592259577, "R2_test": 0.21272779376835882, "MAE_test": 0.012458045095671577}