{"MSE_train": [0.14996007683289628], "R2_train": 0.7013941837510679, "MAE_train": 0.32074905290667893, "MSE_test": 0.16555678491966547, "R2_test": 0.6912423988276564, "MAE_test": 0.3487531695589393}