{"MSE_train": [8.658573195839358], "R2_train": -0.18888727970083563, "MAE_train": 2.5976585279452764, "MSE_test": 11.134687142437821, "R2_test": -0.11002429073191666, "MAE_test": 2.9929324791589735, "hyperparameters": {"alpha": 0.001, "beta": 0.001}}