{"MSE_train": [322.73150772633045], "R2_train": -0.5635258411026933, "MAE_train": 16.553766459775527, "MSE_test": 301.15155936264574, "R2_test": -0.8152855585564676, "MAE_test": 16.304477348468524, "hyperparameters": {"alpha": 0.001, "beta": 0.001}}