{"MSE_train": [2.0321440291768815], "R2_train": 0.7209713272425373, "MAE_train": 0.9442703989175504, "MSE_test": 4.3106850889752035, "R2_test": 0.5702649659350256, "MAE_test": 1.2876142735750176, "hyperparameters": {"alpha": 0.001, "beta": 0.001}}