{"MSE_train": [58.46803066275813], "R2_train": 0.7167420142407476, "MAE_train": 5.039792055676897, "MSE_test": 79.02592140022912, "R2_test": 0.5236464517299515, "MAE_test": 5.245053171601469, "MAX_ITER": 1000}