{"MSE_train": [58.42355592617296], "R2_train": 0.7169574794130732, "MAE_train": 5.026215835903974, "MSE_test": 78.7023029817988, "R2_test": 0.5255971633341111, "MAE_test": 5.221581687237718}