{"MSE_train": [1.0845000632991033], "R2_train": 0.851089977421382, "MAE_train": 0.8474588099002659, "MSE_test": 6.950317668447741, "R2_test": 0.3071182565268654, "MAE_test": 1.7391868778249322}