{"MSE_train": [0.10641557817018503], "R2_train": 0.7881015317395498, "MAE_train": 0.2666748364462282, "MSE_test": 0.13212600908411962, "R2_test": 0.7535896240248727, "MAE_test": 0.32461275597505185}