{"MSE_train": [0.10641557817018503], "R2_train": 0.7881015317395498, "MAE_train": 0.2666748364462282, "MSE_test": 0.13212600908411962, "R2_test": 0.7535896240248727, "MAE_test": 0.32461275597505185, "BATCH_SIZE": 32, "NUM_CORES": 16, "TOLERANCE": 1e-06, "MAX_ITER": 1000, "NUM_QUBITS": 5}