{"MSE_train": [772.6094406493887], "R2_train": -0.029828343109606026, "MAE_train": 20.38665854848175, "MSE_test": 793.9958381746786, "R2_test": -0.026858404161496985, "MAE_test": 20.964288136303484}