{"MSE_train": [8.38128895360316], "R2_train": -0.15081406590453628, "MAE_train": 2.4876761732466353, "MSE_test": 13.407097239282047, "R2_test": -0.3365623491195453, "MAE_test": 3.3394882633752494}