{"MSE_train": [0.00047139591194122517], "R2_train": -0.209071997475204, "MAE_train": 0.013839403054310476, "MSE_test": 0.00046906019729527537, "R2_test": -0.2072858149222041, "MAE_test": 0.01387667692376091}