{"MSE_train": [27.708903467706307], "R2_train": 0.8657596622480495, "MAE_train": 3.714968878299922, "MSE_test": 29.353778752859398, "R2_test": 0.8230608841212702, "MAE_test": 3.5003653005580384, "hyperparameters": {"alpha": 0.001, "beta": 0.001}}