{"MSE_train": [1020.1510024191293], "R2_train": -0.3597820079183456, "MAE_train": 24.178452084966985, "MSE_test": 1080.4763121559472, "R2_test": -0.397357679084795, "MAE_test": 25.160687935713632}