{"MSE_train": [0.508908019052636], "R2_train": -0.013355671951108539, "MAE_train": 0.6253693600657731, "MSE_test": 0.57720233509001, "R2_test": -0.07646212421885235, "MAE_test": 0.6853913955680031}