{"MSE_train": [1134.2660001811057], "R2_train": -0.5118884317932548, "MAE_train": 25.601319052692038, "MSE_test": 1197.0460444923656, "R2_test": -0.5481149042053799, "MAE_test": 26.415691069676598, "BATCH_SIZE": 25, "NUM_CORES": 16, "TOLERANCE": 1e-06, "MAX_ITER": 1000}