{"MSE_train": [45.24766248815861], "R2_train": 0.7807902610806752, "MAE_train": 4.385813936918835, "MSE_test": 69.36706319172568, "R2_test": 0.581868251594275, "MAE_test": 5.577576086519571}