{"MSE_train": [181.53173814889084], "R2_train": 0.12053965360965013, "MAE_train": 11.759293602049667, "MSE_test": 163.3563642561111, "R2_test": 0.015318235243411804, "MAE_test": 11.275623733830196}