{"MSE_train": [5.712152142363077], "R2_train": 0.9723265399594385, "MAE_train": 1.4399069680775622, "MSE_test": 1.4882179804132902, "R2_test": 0.9910292989564927, "MAE_test": 1.0667007554255354}