{"MSE_train": [764.6956867787095], "R2_train": -0.019279924196204057, "MAE_train": 20.034521667633502, "MSE_test": 786.0751165040233, "R2_test": -0.016614698560678542, "MAE_test": 20.620739557593488}