{"MSE_train": [3.5976549641745885], "R2_train": 0.5060148910313504, "MAE_train": 1.4165793215314042, "MSE_test": 8.305696647836681, "R2_test": 0.17199963388186823, "MAE_test": 2.0896875469292207}