{"MSE_train": [109.3556597718386], "R2_train": 0.4702085299056338, "MAE_train": 9.40521303705753, "MSE_test": 141.70654009488294, "R2_test": 0.14581934647238837, "MAE_test": 10.366191506062723}