{"MSE_train": [4.4132173520865035], "R2_train": 0.39403203578946877, "MAE_train": 1.7727174857030952, "MSE_test": 6.768447082424444, "R2_test": 0.32524905496538425, "MAE_test": 2.262074559555278}