{"MSE_train": [153.79008461376907], "R2_train": 0.25493865444678465, "MAE_train": 7.737015223005995, "MSE_test": 24.859878262156688, "R2_test": 0.8501492800094648, "MAE_test": 3.7128816032628706}