{"MSE_train": [85.9458725567255], "R2_train": 0.5836210922656198, "MAE_train": 6.494478818910141, "MSE_test": 78.74290444978513, "R2_test": 0.525352425240615, "MAE_test": 5.860947060614175}