{"MSE_train": [153.79008461376907], "R2_train": 0.25493865444678465, "MAE_train": 7.737015223005995, "MSE_test": 24.859878262156688, "R2_test": 0.8501492800094648, "MAE_test": 3.7128816032628706, "BATCH_SIZE": 32, "NUM_CORES": 16, "TOLERANCE": 1e-06, "MAX_ITER": 500, "NUM_QUBITS": 5}