Time,Iteration,Cost,Parameters
Fri Apr  5 04:45:02 2024,0,0.08118795431019815,[-4.61868072  2.23743464 -2.12427954 -0.11653103  0.55388708 -2.77010916
  3.06858479  2.18960145  1.18551998 -1.06648328  0.60271501  1.14432436
  1.31029889 -1.8735469 ]
Fri Apr  5 04:46:08 2024,1,0.07691654848201335,[-4.70465278  2.23743464 -2.12427954 -0.11653103  0.55388708 -2.77010917
  3.06858478  2.18960145  1.18551998 -1.06648328  0.602715    1.14432435
  1.31029889 -1.8735469 ]
Fri Apr  5 04:46:29 2024,2,0.0769164929104601,[-4.70496488  2.23743463 -2.12427954 -0.11653103  0.55388708 -2.77010917
  3.06858478  2.18960145  1.18551998 -1.06648329  0.602715    1.14432435
  1.31029889 -1.8735469 ]
