{"MSE_train": [765.5735462210453], "R2_train": -0.020450042612339514, "MAE_train": 20.177792260976343, "MSE_test": 777.0319987028654, "R2_test": -0.004919421246267097, "MAE_test": 20.5205084420045}