{"MSE_train": [1576.0897329425952], "R2_train": -1.100805132414762, "MAE_train": 31.32882573756552, "MSE_test": 1686.5829254751118, "R2_test": -1.1812228327554397, "MAE_test": 33.002667651688135}