{"MSE_train": [1.1710101067706589], "R2_train": 0.8392114972233835, "MAE_train": 0.7354832221696933, "MSE_test": 2.2851467095257543, "R2_test": 0.7721922203101663, "MAE_test": 0.9136033688895164}