{"MSE_train": [140.15648058384232], "R2_train": 0.32098889031724154, "MAE_train": 10.849158815312844, "MSE_test": 138.09857983751002, "R2_test": 0.16756745949865337, "MAE_test": 10.357025707433404, "hyperparameters": {"alpha": 0.001, "beta": 0.001}}