{"MSE_train": [2.0781368483691027], "R2_train": 0.7146561669432068, "MAE_train": 1.202295404466183, "MSE_test": 3.5149157712876864, "R2_test": 0.6495957330371998, "MAE_test": 1.5749632494618968}