{"MSE_train": [835.8562036709845], "R2_train": -0.11413136316438366, "MAE_train": 22.09283194570606, "MSE_test": 849.052915086633, "R2_test": -0.09806258360099718, "MAE_test": 22.464762893804828}