{"MSE_train": [836.5838974214266], "R2_train": -0.11510132238294957, "MAE_train": 22.231121882826386, "MSE_test": 841.8648580347242, "R2_test": -0.08876641800608276, "MAE_test": 22.439899432677404}