{"MSE_train": [750.2682666903676], "R2_train": -4.929440680467856e-05, "MAE_train": 20.064512940727816, "MSE_test": 777.3461019894379, "R2_test": -0.0053256445337004354, "MAE_test": 20.644717110052213}