{"MSE_train": [920.5185951647946], "R2_train": -0.2269797517143406, "MAE_train": 23.224164190993456, "MSE_test": 906.4089727946703, "R2_test": -0.1722399873799232, "MAE_test": 23.18267307236898}