{"MSE_train": [7.327772281161055], "R2_train": -0.006158296127013019, "MAE_train": 2.299934410152119, "MSE_test": 14.832425326147145, "R2_test": -0.4786542443334343, "MAE_test": 3.272621440582924}