{"MSE_train": [5.568761309882225], "R2_train": 0.23536715169301736, "MAE_train": 1.9196068282866974, "MSE_test": 10.673472833400297, "R2_test": -0.06404553266573343, "MAE_test": 2.7464849579284083, "BATCH_SIZE": 32, "NUM_CORES": 16, "TOLERANCE": 1e-06, "MAX_ITER": 1000, "NUM_QUBITS": 5}