{"MSE_train": [0.2005899305463407], "R2_train": 0.6005782258377239, "MAE_train": 0.3802003492357314, "MSE_test": 0.2163965531141224, "R2_test": 0.5964280130596831, "MAE_test": 0.4009322953774001}