{"MSE_train": [761.7987394509051], "R2_train": -0.015418518536753467, "MAE_train": 20.306626094837867, "MSE_test": 787.186412265337, "R2_test": -0.018051914396264523, "MAE_test": 20.930682710681886}