Time,Iteration,Cost,Parameters
Thu Apr  4 23:46:03 2024,0,0.45369157400566174,[-2.79651941  0.659811   -1.05779712 -0.11653103  0.55388708 -2.77010897
  3.06858491  2.18960145  1.18552002 -1.06648308  0.60271514  1.14432445
  1.31029899 -1.8735468   0.7296508 ]
Thu Apr  4 23:46:09 2024,1,0.18963612159748128,[-3.09029121  0.87184643 -1.55959321 -0.11653102  0.55388708 -2.77010897
  3.06858492  2.18960146  1.18552002 -1.06648308  0.60271514  1.14432445
  1.31029899 -1.8735468   0.72965081]
Thu Apr  4 23:46:16 2024,2,0.10234304155247648,[-3.30572165  0.17548944 -1.56266081 -0.11653102  0.55388708 -2.77010897
  3.06858491  2.18960146  1.18552003 -1.06648308  0.60271515  1.14432445
  1.31029899 -1.87354679  0.72965081]
Thu Apr  4 23:46:23 2024,3,0.07174206906213057,[-3.26804438 -0.18137319 -1.39852269 -0.11653102  0.55388709 -2.77010897
  3.06858489  2.18960146  1.18552003 -1.06648308  0.60271516  1.14432445
  1.31029899 -1.87354679  0.72965081]
Thu Apr  4 23:46:30 2024,4,0.0693452227762344,[-3.30176741 -0.28872998 -1.39741341 -0.11653102  0.55388709 -2.77010897
  3.06858489  2.18960146  1.18552003 -1.06648308  0.60271516  1.14432445
  1.31029899 -1.87354679  0.72965081]
Thu Apr  4 23:46:37 2024,5,0.06905818882832257,[-3.3168381  -0.33975865 -1.39669413 -0.11653102  0.55388709 -2.77010897
  3.06858489  2.18960146  1.18552003 -1.06648308  0.60271516  1.14432445
  1.31029899 -1.87354679  0.7296508 ]
Thu Apr  4 23:46:44 2024,6,0.06905614448444827,[-3.31818157 -0.34333633 -1.39700788 -0.11653102  0.55388709 -2.77010897
  3.06858489  2.18960146  1.18552003 -1.06648308  0.60271516  1.14432445
  1.31029899 -1.87354679  0.7296508 ]
Thu Apr  4 23:46:50 2024,7,0.0690561411831754,[-3.3182209  -0.34357699 -1.3969687  -0.11653102  0.55388709 -2.77010897
  3.06858489  2.18960146  1.18552003 -1.06648308  0.60271516  1.14432445
  1.31029899 -1.87354679  0.7296508 ]
