{"MSE_train": [0.4120423366217912], "R2_train": 0.1795267056766625, "MAE_train": 0.5561177797128062, "MSE_test": 0.4689240021613165, "R2_test": 0.1254731715784546, "MAE_test": 0.6118181065774887}