{"MSE_train": [92.35136834000112], "R2_train": 0.552588614982, "MAE_train": 7.400973534043294, "MSE_test": 105.21329550016715, "R2_test": 0.3657938338629174, "MAE_test": 7.217487985238423}