{"MSE_train": [152.0293878928051], "R2_train": 0.263468639142008, "MAE_train": 7.749963174653078, "MSE_test": 85.12508593224882, "R2_test": 0.4868818229242191, "MAE_test": 5.83749830113311, "BATCH_SIZE": 32, "NUM_CORES": 16, "TOLERANCE": 1e-06, "MAX_ITER": 500, "NUM_QUBITS": 5}