{"MSE_train": [0.46494030810139986], "R2_train": 0.07419439133554162, "MAE_train": 0.5935424425039177, "MSE_test": 0.5175352876901088, "R2_test": 0.034814827874469545, "MAE_test": 0.6468812733092556}