{"MSE_train": [1898.355365588234], "R2_train": -1.530360176719785, "MAE_train": 36.523449169888345, "MSE_test": 1957.5246941315463, "R2_test": -1.5316262212956602, "MAE_test": 37.71307817324178, "BATCH_SIZE": 25, "NUM_CORES": 16, "TOLERANCE": 1e-06, "MAX_ITER": 1000}