{"MSE_train": [1647.3804075719079], "R2_train": -1.1958300615315522, "MAE_train": 34.81025215423, "MSE_test": 1748.8768557834765, "R2_test": -1.2617862850934887, "MAE_test": 36.24079514958467}