{"MSE_train": [0.0004886562917476211], "R2_train": -0.25334272906419963, "MAE_train": 0.01757321464841564, "MSE_test": 0.0004859538450251883, "R2_test": -0.2507673581958012, "MAE_test": 0.01756591006521242}