{"MSE_train": [1150.5433885412383], "R2_train": -0.5335849255236154, "MAE_train": 25.7790304302172, "MSE_test": 1246.5326705717946, "R2_test": -0.6121149347346078, "MAE_test": 26.862350976595195}