{"MSE_train": [5.300948236868843], "R2_train": 0.272139902658061, "MAE_train": 1.554626072655997, "MSE_test": 14.149148472227477, "R2_test": -0.4105379249933958, "MAE_test": 2.590218646918206, "hyperparameters": {"alpha": 0.001, "beta": 0.001}}