Time,Iteration,Cost,Parameters
Mon Apr  1 23:02:45 2024,0,0.20577283546119968,[-2.36037789  2.23743466 -2.12427955 -0.11653103  0.55388711 -2.770109
  3.06858504  2.18960142  1.18552007 -1.06648314  0.60271513  1.14432445
  1.31029901 -1.87354674]
Mon Apr  1 23:03:35 2024,1,0.2057728260598899,[-2.36014683  2.23743466 -2.12427955 -0.11653103  0.55388711 -2.770109
  3.06858504  2.18960142  1.18552007 -1.06648314  0.60271513  1.14432445
  1.31029901 -1.87354674]
