{"MSE_train": [0.0005435693525449554], "R2_train": -0.3941879133855868, "MAE_train": 0.019807661907311386, "MSE_test": 0.000540202165515285, "R2_test": -0.3903938457739382, "MAE_test": 0.01979818718930751}