{"MSE_train": [118.91465233650658], "R2_train": 0.42389841907988646, "MAE_train": 8.931879724454841, "MSE_test": 147.36950445631172, "R2_test": 0.1116840511225059, "MAE_test": 9.646020215290193, "hyperparameters": {"alpha": 0.001, "beta": 0.001}}