Time,Iteration,Cost,Parameters
Thu Apr  4 12:54:34 2024,0,0.19524696203673586,[-2.86367679  2.23743464 -2.12427964 -0.11653103  0.55388708]
Thu Apr  4 12:54:36 2024,1,0.19262102760836242,[-2.77930672  2.23743464 -2.12427964 -0.11653103  0.55388708]
Thu Apr  4 12:54:38 2024,2,0.18933455723763248,[-2.58139671  2.23743464 -2.12427966 -0.11653103  0.55388708]
Thu Apr  4 12:54:40 2024,3,0.18914609022467932,[-2.520363    2.23743464 -2.12427966 -0.11653103  0.55388708]
Thu Apr  4 12:54:42 2024,4,0.18914597181739318,[-2.52186318  2.23743464 -2.12427966 -0.11653103  0.55388708]
