{"MSE_train": [0.064222446632066], "R2_train": 0.8721179896470638, "MAE_train": 0.2140925813078094, "MSE_test": 0.07452594762867226, "R2_test": 0.8610117197788655, "MAE_test": 0.23489806840355482}