{"MSE_train": [33.5292053564119], "R2_train": 0.8375622529832348, "MAE_train": 3.063171801210833, "MSE_test": 62.66469699494437, "R2_test": 0.6222688677854169, "MAE_test": 4.145240879638301}