{"MSE_train": [1161.000218485065], "R2_train": -0.5475230672141684, "MAE_train": 26.592365887879826, "MSE_test": 1249.4950177492938, "R2_test": -0.6159460771021195, "MAE_test": 28.020886732714814}