{"MSE_train": [41.89708708177476], "R2_train": 0.7970226744181625, "MAE_train": 4.986345740996823, "MSE_test": 57.110026855397294, "R2_test": 0.655751385718264, "MAE_test": 5.319778419605018}