{"MSE_train": [206.76869736878842], "R2_train": -0.0017249438855062582, "MAE_train": 12.57206292705202, "MSE_test": 192.7936260159498, "R2_test": -0.16212410066603988, "MAE_test": 12.049577580733835}