{"MSE_train": [6.161135209065731], "R2_train": 0.15402975606939773, "MAE_train": 2.264283330926929, "MSE_test": 8.231347829230259, "R2_test": 0.17941151654948317, "MAE_test": 2.523814874457295}