{"MSE_train": [0.19981438597641699], "R2_train": 0.6021225176534554, "MAE_train": 0.3772433763614842, "MSE_test": 0.2258618950753307, "R2_test": 0.5787754820586933, "MAE_test": 0.40831668045025254, "BATCH_SIZE": 32, "NUM_CORES": 16, "TOLERANCE": 1e-06, "MAX_ITER": 1000, "NUM_QUBITS": 5}