{"MSE_train": [0.2465660881858959], "R2_train": 0.5090288723704861, "MAE_train": 0.41468194463419666, "MSE_test": 0.2307965517189515, "R2_test": 0.5695725203761937, "MAE_test": 0.4306952294239813}