{"MSE_train": [0.6337226264006688], "R2_train": 0.9129851128649698, "MAE_train": 0.6071879230513721, "MSE_test": 1.1583462213808542, "R2_test": 0.8845237026993138, "MAE_test": 0.6627737861709274}