{"MSE_train": [764.3301362967422], "R2_train": -0.01879267381151961, "MAE_train": 20.40055946538424, "MSE_test": 799.5949301908496, "R2_test": -0.03409959412251262, "MAE_test": 21.209825927155155}