{"MSE_train": [0.0005440754508792865], "R2_train": -0.39548599278871244, "MAE_train": 0.01982076150666937, "MSE_test": 0.0005405600485989892, "R2_test": -0.39131497950655536, "MAE_test": 0.01980774894935412}