{"MSE_train": [0.17819474955426146], "R2_train": 0.6451723034176803, "MAE_train": 0.3530492533523278, "MSE_test": 0.16054082817860577, "R2_test": 0.7005969823423419, "MAE_test": 0.34472044404011803}