{"MSE_train": [0.8409261901209764], "R2_train": -0.6744820135427845, "MAE_train": 0.8156069525463497, "MSE_test": 0.9847675204274973, "R2_test": -0.8365569098673298, "MAE_test": 0.890003217172778}