{"MSE_train": [0.3661834777378795], "R2_train": 0.2708424897071965, "MAE_train": 0.5195025733137284, "MSE_test": 0.37468926285037113, "R2_test": 0.3012176575013179, "MAE_test": 0.5477068749878768}