Time,Iteration,Cost,Parameters
Wed Mar 19 10:42:13 2025,998,0.10400058118409286,[-1.54125327  2.2193052  -2.18711724  0.07937353  0.65083524]
Wed Mar 19 10:42:48 2025,999,0.11074479234909995,[-1.54132409  2.21937601 -2.18704642  0.07930272  0.65090605]
