{"MSE_train": [4.623524785143897], "R2_train": 0.3651552420807067, "MAE_train": 1.517788159100522, "MSE_test": 11.98163908636899, "R2_test": -0.19445748753571857, "MAE_test": 2.47062094561366, "hyperparameters": {"alpha": 0.001, "beta": 0.001}}