{"MSE_train": [0.36375526242555345], "R2_train": 0.2756776380391972, "MAE_train": 0.47437901856096315, "MSE_test": 0.3785115015111317, "R2_test": 0.29408931636702196, "MAE_test": 0.544970047865706, "BATCH_SIZE": 32, "NUM_CORES": 16, "TOLERANCE": 1e-06, "MAX_ITER": 1000, "NUM_QUBITS": 5}