{"MSE_train": [0.0011829488450728087], "R2_train": -2.03411694245133, "MAE_train": 0.022249214563617198, "MSE_test": 0.0011693191032531533, "R2_test": -2.0096400730979336, "MAE_test": 0.022126598473425574}