Time,Iteration,Cost,Parameters
Fri Apr  5 03:48:57 2024,0,0.30329993839961483,[ 1.358061    2.23743494 -2.12427933 -0.11653072  0.55388723 -2.77010897
  3.06858498  2.18960175  1.18552029 -1.06648308  0.60271541  1.14432475
  1.31029929 -1.8735462 ]
Fri Apr  5 03:49:51 2024,1,0.29445387176520516,[ 1.49857726  2.23743495 -2.12427932 -0.11653071  0.55388723 -2.77010897
  3.06858498  2.18960176  1.1855203  -1.06648309  0.60271541  1.14432476
  1.3102993  -1.87354618]
Fri Apr  5 03:50:09 2024,2,0.2944434984750979,[ 1.50366426  2.23743495 -2.12427933 -0.11653072  0.55388723 -2.77010897
  3.06858498  2.18960176  1.18552029 -1.06648309  0.60271541  1.14432476
  1.31029929 -1.87354618]
Fri Apr  5 03:50:28 2024,3,0.2944434891760408,[ 1.50351638  2.23743495 -2.12427933 -0.11653072  0.55388723 -2.77010897
  3.06858498  2.18960176  1.18552029 -1.06648309  0.60271541  1.14432476
  1.31029929 -1.87354618]
