{"MSE_train": [1166.3112747946288], "R2_train": -0.5546022925402825, "MAE_train": 26.247618768391476, "MSE_test": 1169.2678523769403, "R2_test": -0.5121899425686642, "MAE_test": 26.9042462327014}