{"MSE_train": [6.5447762297416405], "R2_train": 0.9682927556979871, "MAE_train": 1.9630424083033045, "MSE_test": 10.169723838240404, "R2_test": 0.9386987971865866, "MAE_test": 2.6576542285938443}