{"MSE_train": [0.5021877135574592], "R2_train": 2.6038369469683076e-05, "MAE_train": 0.6190799091216375, "MSE_test": 0.5703994539055983, "R2_test": -0.0637749892483428, "MAE_test": 0.6780066689261519}