{"MSE_train": [1647.3176212068606], "R2_train": -1.195746372186219, "MAE_train": 34.81374398060846, "MSE_test": 1748.6877854698148, "R2_test": -1.2615417643652602, "MAE_test": 36.24270160917181}