{"MSE_train": [788.4546265821415], "R2_train": -0.05094874459172494, "MAE_train": 20.843362990491624, "MSE_test": 809.3928565981561, "R2_test": -0.04677104980397817, "MAE_test": 21.3236542455264}