{"MSE_train": [886.0025118782033], "R2_train": -0.18097249501840018, "MAE_train": 22.69000868062195, "MSE_test": 910.4557429799851, "R2_test": -0.17747359160643117, "MAE_test": 23.33989349969803}