{"MSE_train": [67.2078583958774], "R2_train": 0.6744004820990965, "MAE_train": 5.41681420379596, "MSE_test": 50.741807752630535, "R2_test": 0.6941378254081055, "MAE_test": 5.393488864913566, "hyperparameters": {"alpha": 0.001, "beta": 0.001}}