{"MSE_train": [864.8979980872491], "R2_train": -0.15284181821589504, "MAE_train": 21.901712385723393, "MSE_test": 885.6334929658158, "R2_test": -0.145371488784527, "MAE_test": 22.20939492094703, "BATCH_SIZE": 25, "NUM_CORES": 16, "TOLERANCE": 1e-06, "MAX_ITER": 1000}