{"MSE_train": [950.6260342514613], "R2_train": -0.2671106282977731, "MAE_train": 24.34482246030165, "MSE_test": 1037.4059383776435, "R2_test": -0.3416556550209129, "MAE_test": 25.64111330180505}