{"MSE_train": [820.8977784282241], "R2_train": -0.09419294476978957, "MAE_train": 21.957136574286185, "MSE_test": 848.6106552826858, "R2_test": -0.0974906181388735, "MAE_test": 22.693582654139245}