{"MSE_train": [2.3370177528348015], "R2_train": 0.6791098699592404, "MAE_train": 1.073301857187063, "MSE_test": 7.618707269197635, "R2_test": 0.2404860572549824, "MAE_test": 1.856193624622763, "hyperparameters": {"alpha": 0.001, "beta": 0.001}}