Time,Iteration,Cost,Parameters
Mon Apr  1 18:36:47 2024,0,0.2125629535039979,[-3.362094    2.09326682 -1.2689016  -0.11653103  0.55388706 -2.77010897
  3.06858497  2.18960145  1.18551998 -1.06648308  0.6027151   1.14432445
  1.31029899 -1.8735468   0.7296508 ]
Mon Apr  1 18:36:55 2024,1,0.11773429604499651,[-3.71772446  2.10130929 -0.55166439 -0.11653103  0.55388706 -2.77010897
  3.06858497  2.18960145  1.18551999 -1.06648308  0.6027151   1.14432445
  1.31029899 -1.8735468   0.72965081]
Mon Apr  1 18:37:04 2024,2,0.10822546945558693,[-3.72071659  2.06125741 -0.65908612 -0.11653103  0.55388706 -2.77010897
  3.06858497  2.18960145  1.18551999 -1.06648308  0.6027151   1.14432445
  1.31029899 -1.8735468   0.72965081]
Mon Apr  1 18:37:18 2024,3,0.10246221984900365,[-3.73039584  2.00154921 -0.78088635 -0.11653102  0.55388707 -2.77010897
  3.06858497  2.18960145  1.18551999 -1.06648308  0.6027151   1.14432445
  1.31029899 -1.8735468   0.72965081]
Mon Apr  1 18:37:25 2024,4,0.10210901022702726,[-3.74657409  1.97765996 -0.79828641 -0.11653103  0.55388707 -2.77010897
  3.06858497  2.18960145  1.18551999 -1.06648308  0.6027151   1.14432446
  1.31029899 -1.8735468   0.72965081]
Mon Apr  1 18:37:34 2024,5,0.10200207352432855,[-3.75961464  1.96855649 -0.78971388 -0.11653102  0.55388707 -2.77010897
  3.06858497  2.18960145  1.18551999 -1.06648308  0.6027151   1.14432446
  1.31029899 -1.8735468   0.72965081]
Mon Apr  1 18:37:42 2024,6,0.10198482259481789,[-3.76580839  1.96561755 -0.78256667 -0.11653103  0.55388707 -2.77010898
  3.06858496  2.18960145  1.18551999 -1.06648308  0.6027151   1.14432446
  1.31029899 -1.8735468   0.72965081]
Mon Apr  1 18:37:49 2024,7,0.1019848144985987,[-3.76577839  1.96570965 -0.7824248  -0.11653103  0.55388707 -2.77010898
  3.06858496  2.18960145  1.18551999 -1.06648308  0.6027151   1.14432446
  1.31029899 -1.8735468   0.72965081]
