{"MSE_train": [0.362804272190429], "R2_train": 0.2775712834773797, "MAE_train": 0.5159234991853549, "MSE_test": 0.4849307188917935, "R2_test": 0.09562120590549572, "MAE_test": 0.6002968150961565}