{"MSE_train": [0.18084174906676176], "R2_train": 0.9751690665146036, "MAE_train": 0.3434137343796772, "MSE_test": 11.048459144070462, "R2_test": -0.10142816481436312, "MAE_test": 1.7430236639383168}