{"MSE_train": [2.030037894289188], "R2_train": 0.7212605154171566, "MAE_train": 1.1808034417442455, "MSE_test": 2.771542953695276, "R2_test": 0.7237030585544519, "MAE_test": 1.2885930370819498}