{"MSE_train": [2027.8094918007437], "R2_train": -1.7029124667799183, "MAE_train": 35.21646689285753, "MSE_test": 2179.541618286923, "R2_test": -1.818756119808905, "MAE_test": 35.94175864800919}