{"MSE_train": [1751.6718616243181], "R2_train": -1.334842465052032, "MAE_train": 35.622417610083204, "MSE_test": 1834.5225266853467, "R2_test": -1.3725500608178236, "MAE_test": 36.751960520713205}