{"MSE_train": [0.13000680902292286], "R2_train": 0.7411258373155694, "MAE_train": 0.29843593202632085, "MSE_test": 0.17385179942533197, "R2_test": 0.6757724875117164, "MAE_test": 0.3612103885217549}