{"MSE_train": [0.12246807971518128], "R2_train": 0.7561372221185152, "MAE_train": 0.29336483035548755, "MSE_test": 0.14504866051426663, "R2_test": 0.7294893320417043, "MAE_test": 0.3347759047434142}