{"MSE_train": [0.38617105942567764], "R2_train": 0.2310425091338476, "MAE_train": 0.5401011086212077, "MSE_test": 0.4120667694609549, "R2_test": 0.23150991774008023, "MAE_test": 0.5804022386408794}