{"MSE_train": [0.2935009782998238], "R2_train": 0.4155704568440616, "MAE_train": 0.4528140994284966, "MSE_test": 0.37667691207939635, "R2_test": 0.2975107613555412, "MAE_test": 0.5501991994577151, "BATCH_SIZE": 32, "NUM_CORES": 16, "TOLERANCE": 1e-06, "MAX_ITER": 1000, "NUM_QUBITS": 5}