{"MSE_train": [4.999497232003317], "R2_train": 0.014870200347758766, "MAE_train": 1.9189043824609886, "MSE_test": 7.050228025805208, "R2_test": -0.09105967973041773, "MAE_test": 2.054332176975959}