{"MSE_train": [5.655026905727463], "R2_train": 0.0, "MAE_train": 1.9473415647282237, "MSE_test": 7.125451061732565, "R2_test": -0.05538691922258998, "MAE_test": 2.1076323746730274}