{"MSE_train": [0.015494581833124845], "R2_train": 0.996946858136204, "MAE_train": 0.0885851739533925, "MSE_test": 2.8411651793325827, "R2_test": 0.5603148211266848, "MAE_test": 0.7664421043575687}