{"MSE_train": [0.02013161225102205], "R2_train": 0.996440050138288, "MAE_train": 0.11256604245941788, "MSE_test": 0.8333854240519963, "R2_test": 0.8765630319266573, "MAE_test": 0.3941642841954676}