{"MSE_train": [0.10329308515612291], "R2_train": 0.9817342893538655, "MAE_train": 0.26090418967968154, "MSE_test": 0.8556672779321186, "R2_test": 0.87326275284013, "MAE_test": 0.5559360553761119}