{"MSE_train": [0.09124384712182217], "R2_train": 0.9820207855583506, "MAE_train": 0.257956250159329, "MSE_test": 1.8857975867696612, "R2_test": 0.7081629553645095, "MAE_test": 0.8952772261342602}