{"MSE_train": [0.0], "R2_train": 1.0, "MAE_train": 0.0, "MSE_test": 1.858352264153266, "R2_test": 0.7124102626564637, "MAE_test": 0.7608912719178844}