{"MSE_train": [0.0], "R2_train": 1.0, "MAE_train": 0.0, "MSE_test": 0.6846187614689387, "R2_test": 0.8985976215051006, "MAE_test": 0.44473023465684874}