{"MSE_train": [0.02529276211735088], "R2_train": 0.9955273843009068, "MAE_train": 0.12074014008548742, "MSE_test": 0.039198472488181285, "R2_test": 0.9941941142028594, "MAE_test": 0.15428522074048764}