{"MSE_train": [0.019835821604890017], "R2_train": 0.9960914351870273, "MAE_train": 0.11235232661603517, "MSE_test": 0.07068070512071209, "R2_test": 0.9890617910215299, "MAE_test": 0.2060431332430949}