{"MSE_train": [5.074962947794472], "R2_train": 0.0, "MAE_train": 1.9253386786674964, "MSE_test": 6.910179837929235, "R2_test": -0.0693864898064176, "MAE_test": 2.0482750636505216}