{"MSE_train": [0.03994046432508579], "R2_train": 0.992937175191044, "MAE_train": 0.12559987794744537, "MSE_test": 0.7075722183310813, "R2_test": 0.8951978678735943, "MAE_test": 0.4350804170960371}