{"MSE_train": [0.02212779201836283], "R2_train": 0.995639812103854, "MAE_train": 0.11848835653584759, "MSE_test": 1.516712745215337, "R2_test": 0.7652807659581067, "MAE_test": 0.6871498396306465}