{"MSE_train": [5.038333504362269], "R2_train": 0.0072176770173509874, "MAE_train": 1.9223091752314205, "MSE_test": 6.974655691221772, "R2_test": -0.0793644654954615, "MAE_test": 2.0511269755058623}