{"MSE_train": [5.652384943745712], "R2_train": 0.0004671882248826753, "MAE_train": 1.9480119866068972, "MSE_test": 7.13256721957975, "R2_test": -0.056440929676381035, "MAE_test": 2.1083385634757494}