{"MSE_train": [0.037318180990211315], "R2_train": 0.9934008835656617, "MAE_train": 0.1498480511710181, "MSE_test": 0.2045121380888045, "R2_test": 0.9697086635651264, "MAE_test": 0.28025294384911703}