{"MSE_train": [0.029159454922593215], "R2_train": 0.9942542526472502, "MAE_train": 0.09571442088956118, "MSE_test": 0.429063748530356, "R2_test": 0.9336001396916525, "MAE_test": 0.39546544611380824}