{"MSE_train": [9.509693755921193], "R2_train": -0.30575253965606475, "MAE_train": 2.768428688021804, "MSE_test": 14.63626426965298, "R2_test": -0.45909881948685105, "MAE_test": 3.2192831824469414}