{"MSE_train": [1845.3851577999465], "R2_train": -1.4597550061760058, "MAE_train": 35.62989405922437, "MSE_test": 1950.909212326492, "R2_test": -1.5230705554313224, "MAE_test": 37.15263923034941}