{"MSE_train": [740.2777852828997], "R2_train": 0.013267240925810886, "MAE_train": 19.70516440901995, "MSE_test": 765.9178029676721, "R2_test": 0.009454338347253954, "MAE_test": 20.254965516215364, "BATCH_SIZE": 25, "NUM_CORES": 16, "TOLERANCE": 1e-06, "MAX_ITER": 1000}