{"MSE_train": [2538.3273284187358], "R2_train": -2.3833930694636116, "MAE_train": 40.61998399248754, "MSE_test": 2638.011954649362, "R2_test": -2.411686328403962, "MAE_test": 41.15032970910995, "BATCH_SIZE": 25, "NUM_CORES": 16, "TOLERANCE": 1e-06, "MAX_ITER": 1000}