{"MSE_train": [0.11596709886585328], "R2_train": 0.7690822054362778, "MAE_train": 0.2846247646327903, "MSE_test": 0.16526825362097267, "R2_test": 0.6917804995868053, "MAE_test": 0.3533069774896144}