{"MSE_train": [0.8754739288869005], "R2_train": 0.9952190410157042, "MAE_train": 0.7833072264332437, "MSE_test": 1.0495471838089947, "R2_test": 0.9947953973720962, "MAE_test": 0.7986575499811253}