{"MSE_train": [1.0799541836858209], "R2_train": 0.9943345473199375, "MAE_train": 0.8255690647132147, "MSE_test": 0.8401549644399889, "R2_test": 0.9962214789280681, "MAE_test": 0.8025798187648867}