{"MSE_train": [0.6429539805481148], "R2_train": 0.9964888313536664, "MAE_train": 0.7139000420037551, "MSE_test": 0.9607192330525661, "R2_test": 0.9952358865593096, "MAE_test": 0.7331878398779735}