{"MSE_train": [0.9310302599665969], "R2_train": 0.9951158040209218, "MAE_train": 0.7439575829805024, "MSE_test": 1.2263477791344657, "R2_test": 0.9944846116239221, "MAE_test": 0.9004420522785223}