{"MSE_train": [0.5620100543520945], "R2_train": 0.9969308657517244, "MAE_train": 0.6335706064270176, "MSE_test": 3.488564670802371, "R2_test": 0.9827005463562135, "MAE_test": 1.5545640233085822}