{"MSE_train": [0.011383709588361152], "R2_train": 0.9999402809221255, "MAE_train": 0.07119006411872504, "MSE_test": 1.8431148901222172, "R2_test": 0.9917107572470749, "MAE_test": 1.172016927104838}