{"MSE_train": [0.0], "R2_train": 1.0, "MAE_train": 0.0, "MSE_test": 1.9492202855107728, "R2_test": 0.9903340057723607, "MAE_test": 1.0904112723848152}