{"MSE_train": [1.2224261061929507], "R2_train": 0.9935871378951722, "MAE_train": 0.7531035923314626, "MSE_test": 1.8528287946682345, "R2_test": 0.9916670698387141, "MAE_test": 1.0867247529737678}