{"MSE_train": [1.1683237976910612], "R2_train": 0.9938709592584576, "MAE_train": 0.8639607285744961, "MSE_test": 0.8165058758176735, "R2_test": 0.996327838568222, "MAE_test": 0.7463265559145011}