{"MSE_train": [0.7260293020977387], "R2_train": 0.9960351574156646, "MAE_train": 0.7694939006968589, "MSE_test": 0.9656659790984656, "R2_test": 0.9952113561257405, "MAE_test": 0.7409571024821223}