{"MSE_train": [1.0799541838798459], "R2_train": 0.9943345473189197, "MAE_train": 0.8255689356722832, "MSE_test": 0.8401557770252535, "R2_test": 0.9962214752735392, "MAE_test": 0.8025803907407948}