{"MSE_train": [0.875778181271923], "R2_train": 0.9952173794948689, "MAE_train": 0.7833670948967196, "MSE_test": 1.0511435241849445, "R2_test": 0.9947874812750938, "MAE_test": 0.7990391870593714}