{"MSE_train": [0.3567020132144023], "R2_train": 0.9981287369341428, "MAE_train": 0.4005809196804461, "MSE_test": 1.412380887745448, "R2_test": 0.9936479445199764, "MAE_test": 0.9919077391474511}