{"MSE_train": [0.22684942894971855], "R2_train": 0.9987611763415977, "MAE_train": 0.36816101874971097, "MSE_test": 2.083132506136233, "R2_test": 0.9896699480662114, "MAE_test": 1.1842558587532854}