{"MSE_train": [0.8709427734923019], "R2_train": 0.9952437856338799, "MAE_train": 0.7818574073593858, "MSE_test": 1.0140272556715417, "R2_test": 0.9949715372485868, "MAE_test": 0.7894155437024954}