{"MSE_train": [1.0799541788599816], "R2_train": 0.994334547345254, "MAE_train": 0.8255754211480135, "MSE_test": 0.840114942621471, "R2_test": 0.9962216589225822, "MAE_test": 0.8025516437701482}