{"MSE_train": [1.1151417533555104], "R2_train": 0.9941499529048211, "MAE_train": 0.8144719658428783, "MSE_test": 0.9785025043179804, "R2_test": 0.9955992733626611, "MAE_test": 0.8775200889428095}