{"MSE_train": [0.8857110801540969], "R2_train": 0.9951631359810601, "MAE_train": 0.7801415232102757, "MSE_test": 0.9724666991010631, "R2_test": 0.9951776320152449, "MAE_test": 0.7783598726847365}