{"MSE_train": [760.426191150141], "R2_train": -0.013589018315754764, "MAE_train": 20.139727579615794, "MSE_test": 774.8738254467011, "R2_test": -0.0021283003874681405, "MAE_test": 20.535286149469243, "BATCH_SIZE": 25, "NUM_CORES": 16, "TOLERANCE": 1e-06, "MAX_ITER": 1000}