{"MSE_train": [775.6644419136883], "R2_train": -0.03390042238366586, "MAE_train": 20.246378028012828, "MSE_test": 794.1321179452682, "R2_test": -0.027034651971647783, "MAE_test": 20.766603198144768}