{"MSE_train": [85.93496617285085], "R2_train": 0.5836739300351366, "MAE_train": 6.503502401976829, "MSE_test": 79.03249565699748, "R2_test": 0.523606823333555, "MAE_test": 5.847272921136886, "hyperparameters": {"alpha": 0.001, "beta": 0.001}}