Time,Iteration,Cost,Parameters
Thu Apr  4 17:07:11 2024,0,0.14026363697123015,[-4.66549958  2.23743464 -2.12427964 -0.11653103  0.55388708 -2.77010925
  3.06858485  2.18960145  1.18551998 -1.06648322  0.6027151   1.14432445
  1.31029899 -1.8735468 ]
Thu Apr  4 17:07:42 2024,1,0.1402631379236539,[-4.66455025  2.23743464 -2.12427964 -0.11653103  0.55388708 -2.77010925
  3.06858485  2.18960145  1.18551998 -1.06648322  0.6027151   1.14432445
  1.31029899 -1.8735468 ]
