{"MSE_train": [0.0005264742062376829], "R2_train": -0.35034098521060986, "MAE_train": 0.01761904874529584, "MSE_test": 0.0005298227096317456, "R2_test": -0.3636787888855799, "MAE_test": 0.017697751597692817}