Time,Iteration,Cost,Parameters
Thu Apr  4 16:28:19 2024,0,0.31432267411186554,[-1.44104315  2.23743464 -2.12427945 -0.11653103  0.55388708 -2.77010897
  3.06858498  2.18960145  1.18551998 -1.06648308]
Thu Apr  4 16:28:54 2024,1,0.3142177091284672,[-1.42665903  2.23743464 -2.12427944 -0.11653103  0.55388708 -2.77010897
  3.06858498  2.18960145  1.18551998 -1.06648308]
Thu Apr  4 16:29:11 2024,2,0.31421769604095817,[-1.42649655  2.23743463 -2.12427945 -0.11653103  0.55388708 -2.77010898
  3.06858498  2.18960145  1.18551999 -1.06648309]
