Time,Iteration,Cost,Parameters
Mon Mar 18 18:16:00 2024,0,0.2638373325964332,[-2.91436337  2.31213948 -2.14328424 -0.11653103  0.55388708 -2.77010897
  3.06858498  2.18960145  1.18551998 -1.06648308  0.66753289  1.14432445
  1.32338971 -1.8735468   0.72965081  2.88578419 -0.54534335 -0.47522485
 -2.0265424   0.7289737   1.60512664  2.83077107 -1.2645671  -0.25136105]
Mon Mar 18 18:16:04 2024,1,0.2624462577486698,[-2.91672433  2.36160642 -2.16355138 -0.11653103  0.55388708 -2.77010897
  3.06858499  2.18960145  1.18551998 -1.06648308  0.71661735  1.14432446
  1.33836726 -1.87354679  0.72965081  2.8857842  -0.54534334 -0.47522485
 -2.0265424   0.7289737   1.60512664  2.83077107 -1.2645671  -0.25136104]
Mon Mar 18 18:16:08 2024,2,0.26231669637366506,[-2.90790642  2.35291165 -2.16718307 -0.11653102  0.55388708 -2.77010897
  3.06858499  2.18960146  1.18551998 -1.06648308  0.71496992  1.14432446
  1.33726843 -1.87354679  0.72965081  2.8857842  -0.54534334 -0.47522485
 -2.0265424   0.7289737   1.60512664  2.83077107 -1.2645671  -0.25136104]
Mon Mar 18 18:16:12 2024,3,0.2620890628967284,[-2.89591573  2.33651746 -2.17844054 -0.11653101  0.55388709 -2.77010897
  3.068585    2.18960147  1.18551998 -1.06648308  0.71662007  1.14432446
  1.34692925 -1.87354679  0.72965082  2.8857842  -0.54534334 -0.47522484
 -2.02654239  0.7289737   1.60512665  2.83077107 -1.2645671  -0.25136104]
