{"MSE_train": [773.0415247977311], "R2_train": -0.03040427770108245, "MAE_train": 20.2452385212171, "MSE_test": 793.734053604018, "R2_test": -0.026519843587828662, "MAE_test": 20.81006386904645}