{"MSE_train": [904.0548282623374], "R2_train": -0.2050348298709712, "MAE_train": 23.076925586061545, "MSE_test": 920.546121936192, "R2_test": -0.19052327012385928, "MAE_test": 23.783303157055872}