{"MSE_train": [4.049750561757147], "R2_train": 0.443938762202997, "MAE_train": 1.7667151170830913, "MSE_test": 4.904163654493526, "R2_test": 0.5111006970762026, "MAE_test": 1.9932683278441712}