{"MSE_train": [0.0005610714119817344], "R2_train": -0.439078523225654, "MAE_train": 0.019622473538573167, "MSE_test": 0.0005585730773250851, "R2_test": -0.4376776301646157, "MAE_test": 0.019645278755761254}