{"MSE_train": [2.330056112966454], "R2_train": 0.6800657555189206, "MAE_train": 0.8790538764007682, "MSE_test": 16.423865803457964, "R2_test": -0.6373059930957476, "MAE_test": 2.303353347047003}