{"MSE_train": [734.7787934634804], "R2_train": 0.020596969681656807, "MAE_train": 19.849262163469202, "MSE_test": 774.8752765272285, "R2_test": -0.00213017703991758, "MAE_test": 20.483627681108377}