{"MSE_train": [4.252166231919906], "R2_train": 0.41614556694719407, "MAE_train": 1.3738974872167815, "MSE_test": 4.0032036274657905, "R2_test": 0.60091799523518, "MAE_test": 1.5418301001205685, "hyperparameters": {"alpha": 0.001, "beta": 0.001}}