{"MSE_train": [0.0005055301673231004], "R2_train": -0.29662212527953313, "MAE_train": 0.015252694797188255, "MSE_test": 0.0005001669337907375, "R2_test": -0.2873495720605088, "MAE_test": 0.015271047058796871}