{"MSE_train": [5.588464284883462], "R2_train": 0.23266178490550904, "MAE_train": 1.9174714886169242, "MSE_test": 10.939440596888005, "R2_test": -0.09056003408336011, "MAE_test": 2.7624824920446605}