{"MSE_train": [0.11455966575293772], "R2_train": 0.7718847360989305, "MAE_train": 0.27384819100836766, "MSE_test": 0.15787017343525478, "R2_test": 0.7055776598332506, "MAE_test": 0.3429747685935677, "BATCH_SIZE": 32, "NUM_CORES": 16, "TOLERANCE": 1e-06, "MAX_ITER": 1000, "NUM_QUBITS": 5}