{"MSE_train": [85.93496617217988], "R2_train": 0.5836739300383871, "MAE_train": 6.50350240856652, "MSE_test": 79.03249582357796, "R2_test": 0.5236068223294389, "MAE_test": 5.847272913573553, "hyperparameters": {"alpha": 0.001, "beta": 0.001}}