{"MSE_train": [2.1955930396391734], "R2_train": 0.6985285476964009, "MAE_train": 1.2476209923931223, "MSE_test": 18.72863240886747, "R2_test": -0.8670696931211952, "MAE_test": 2.8007710130940517}