{"MSE_train": [1.315015062897789], "R2_train": 0.8194385327082033, "MAE_train": 1.0471803661447048, "MSE_test": 10.793137587097332, "R2_test": -0.07597499073213054, "MAE_test": 2.266941675487916}