{"MSE_train": [905.4249236952304], "R2_train": -0.20686106060971587, "MAE_train": 22.137491682644548, "MSE_test": 904.8083371698244, "R2_test": -0.17016991841438323, "MAE_test": 22.54616463039891}