{"MSE_train": [914.2665062200008], "R2_train": -0.21864620301529913, "MAE_train": 23.107323001325856, "MSE_test": 954.7877824288364, "R2_test": -0.23480730180108966, "MAE_test": 23.799373195362755}