{"MSE_train": [0.19190868842687764], "R2_train": 0.6178646226166846, "MAE_train": 0.3638786446051114, "MSE_test": 0.21276638534102185, "R2_test": 0.6031981487205051, "MAE_test": 0.39423709205274565}