{"MSE_train": [0.060218811885505444], "R2_train": 0.8800901689544369, "MAE_train": 0.19582971653167128, "MSE_test": 0.09156859150578964, "R2_test": 0.8292277862862778, "MAE_test": 0.2711342724694651}