Time,Iteration,Cost,Parameters
Mon Mar 18 18:16:06 2024,0,0.21942668048206151,[-2.6902276   2.29486594 -2.1407811  -0.11653103  0.55388708 -2.77010898
  3.06858498  2.18960145  1.18551998 -1.06648309  0.6346364   1.14432445
  1.06662923 -1.8735468   0.7296508   2.88578419 -0.54534335 -0.47522486
 -2.02654241  0.72897369  1.60512663  2.83077107 -1.2645671  -0.25136105]
Mon Mar 18 18:16:13 2024,1,0.21874904425314734,[-2.67356782  2.30570772 -2.15389618 -0.11653103  0.55388708 -2.77010897
  3.06858498  2.18960145  1.18551998 -1.06648309  0.64781003  1.14432445
  1.05368844 -1.8735468   0.72965081  2.88578419 -0.54534335 -0.47522486
 -2.02654241  0.72897369  1.60512663  2.83077107 -1.2645671  -0.25136105]
