Time,Iteration,Cost,Parameters
Mon Mar 18 18:29:03 2024,0,0.14572662226547733,[-2.64591727  2.30884203 -2.13972006 -0.11653102  0.55388708 -2.77010897
  3.06858498  2.18960145  1.18551998 -1.06648309  0.64125778  1.14432445
  1.00926363 -1.8735468   0.7296508   2.88578419 -0.54534335 -0.47522485
 -2.0265424   0.72897369  1.60512664  2.83077107 -1.2645671  -0.25136105]
Mon Mar 18 18:29:10 2024,1,0.14506622312704573,[-2.63329323  2.3230783  -2.1512619  -0.11653103  0.55388708 -2.77010898
  3.06858498  2.18960145  1.18551998 -1.06648309  0.65501391  1.14432445
  0.99708244 -1.8735468   0.7296508   2.88578419 -0.54534335 -0.47522485
 -2.02654241  0.72897369  1.60512663  2.83077107 -1.2645671  -0.25136105]
Mon Mar 18 18:29:17 2024,2,0.14403569981624886,[-2.61104293  2.3570599  -2.18442014 -0.11653103  0.55388709 -2.77010898
  3.06858498  2.18960145  1.18551998 -1.06648309  0.69180635  1.14432444
  0.98058062 -1.87354681  0.7296508   2.88578419 -0.54534335 -0.47522485
 -2.02654241  0.72897368  1.60512664  2.83077107 -1.2645671  -0.25136105]
Mon Mar 18 18:29:24 2024,3,0.14255605011396033,[-2.58189624  2.42003953 -2.25469105 -0.11653102  0.5538871  -2.77010899
  3.06858497  2.18960146  1.18551997 -1.0664831   0.76623091  1.14432443
  0.96872967 -1.87354682  0.7296508   2.8857842  -0.54534336 -0.47522486
 -2.02654241  0.72897368  1.60512664  2.83077106 -1.26456711 -0.25136107]
