{"MSE_train": [3.9415561938008468], "R2_train": 0.4587946633877704, "MAE_train": 1.3817090822278477, "MSE_test": 6.02861205135983, "R2_test": 0.3990036962149025, "MAE_test": 1.8597735895854357, "hyperparameters": {"alpha": 0.001, "beta": 0.001}}