{"MSE_train": [899.5757322233034], "R2_train": -0.19906454293190645, "MAE_train": 23.127851946521634, "MSE_test": 965.0278910079829, "R2_test": -0.2480506225446797, "MAE_test": 24.373618994451213}