{"MSE_train": [775.8153814682668], "R2_train": -0.034101613080055326, "MAE_train": 20.41443750966087, "MSE_test": 793.6064656608356, "R2_test": -0.026354836738387677, "MAE_test": 20.882115901275302}