{"MSE_train": [1643.9311300526645], "R2_train": -1.1912324426497767, "MAE_train": 33.31925064772123, "MSE_test": 1649.4624950162834, "R2_test": -1.133215747390397, "MAE_test": 32.72830233120836}