{"MSE_train": [1197.399342274544], "R2_train": -0.5960402705650027, "MAE_train": 27.50335413792036, "MSE_test": 1214.2509039519628, "R2_test": -0.5703655932884857, "MAE_test": 27.56521345455253}