{"MSE_train": [978.2709886391291], "R2_train": -0.3039592041428514, "MAE_train": 23.496369583804306, "MSE_test": 995.746646140295, "R2_test": -0.2877785535443056, "MAE_test": 24.076800967451828}