{"MSE_train": [17.581125745551283], "R2_train": 0.9148253462684685, "MAE_train": 3.087212199870618, "MSE_test": 20.88584074597619, "R2_test": 0.8741040386285193, "MAE_test": 3.044324763628805}