{"MSE_train": [0.145135101582134], "R2_train": 0.711001845360499, "MAE_train": 0.3218230715991117, "MSE_test": 0.1836980988732148, "R2_test": 0.6574094841504947, "MAE_test": 0.37485789801212477, "BATCH_SIZE": 32, "NUM_CORES": 16, "TOLERANCE": 1e-06, "MAX_ITER": 1000, "NUM_QUBITS": 5}