{"MSE_train": [0.1464736160808077], "R2_train": 0.7083365478834721, "MAE_train": 0.3234195775264365, "MSE_test": 0.18504957134756667, "R2_test": 0.6548890353544286, "MAE_test": 0.374516512806228}