{"MSE_train": [8.439987870124583], "R2_train": 0.9248048767881711, "MAE_train": 1.901770342966596, "MSE_test": 11.27539483485369, "R2_test": 0.9320340181732729, "MAE_test": 2.607297963851263}