{"MSE_train": [129.96608424367932], "R2_train": -0.15791821842015707, "MAE_train": 8.12616576340273, "MSE_test": 170.6602757210394, "R2_test": -0.028708383882585453, "MAE_test": 10.878176027884365}