{"MSE_train": [0.4453151685133365], "R2_train": 0.11327266436298877, "MAE_train": 0.58075203201132, "MSE_test": 0.5531465765013508, "R2_test": -0.03159897759626307, "MAE_test": 0.6556828073773177}