{"MSE_train": [5.495463929208161], "R2_train": 0.24543143382678267, "MAE_train": 1.6419042709178526, "MSE_test": 14.629929801024199, "R2_test": -0.45846733213953006, "MAE_test": 2.6881844446169314}