{"MSE_train": [0.2862078972389228], "R2_train": 0.9607015011964343, "MAE_train": 0.4652293849659449, "MSE_test": 17.13873300885431, "R2_test": -0.7085715753691129, "MAE_test": 2.216766757835912, "BATCH_SIZE": 32, "NUM_CORES": 16, "TOLERANCE": 1e-06, "MAX_ITER": 1000, "NUM_QUBITS": 5}