{"MSE_train": [632.9750202266637], "R2_train": 0.15629348799841114, "MAE_train": 18.98473274545336, "MSE_test": 638.9359707542939, "R2_test": 0.17367731700151534, "MAE_test": 18.999802567709537}