{"MSE_train": [0.4713847217603092], "R2_train": 0.061362046610827115, "MAE_train": 0.5772383941053055, "MSE_test": 0.4172604141749652, "R2_test": 0.2218239523837382, "MAE_test": 0.5738339478968546, "hyperparameters": {"alpha": 0.001, "beta": 0.001}}