{"MSE_train": [102.61438396237834], "R2_train": 0.5028677487229964, "MAE_train": 9.063451054452699, "MSE_test": 83.57517574752782, "R2_test": 0.49622439309499333, "MAE_test": 8.323404114071101}