{"MSE_train": [4.064063792394711], "R2_train": 0.44197344788947923, "MAE_train": 1.7614494592470504, "MSE_test": 4.593572147301449, "R2_test": 0.5420637688776757, "MAE_test": 1.9609972816338008, "hyperparameters": {"alpha": 0.001, "beta": 0.001}}