{"MSE_train": [0.6017804311819859], "R2_train": -0.1982865083216072, "MAE_train": 0.7025604329442201, "MSE_test": 0.5763091991301874, "R2_test": -0.07479645695786141, "MAE_test": 0.7124948138986926, "hyperparameters": {"alpha": 0.001, "beta": 0.001}}