Time,Iteration,Cost,Parameters
Thu Apr  4 23:49:21 2024,0,0.35470298522947474,[-1.4208743   2.23743464 -2.12427946 -0.11653103  0.55388708 -2.77010906
  3.0685848   2.18960145  1.18551998 -1.06648308  0.6027151   1.14432445
  1.31029899 -1.87354662  0.72965071  2.88578419 -0.54534335 -0.47522485
 -2.0265424   0.7289737 ]
Thu Apr  4 23:49:36 2024,1,0.35416556042782027,[-1.38382996  2.23743464 -2.12427945 -0.11653103  0.55388708 -2.77010906
  3.0685848   2.18960145  1.18551998 -1.06648308  0.6027151   1.14432445
  1.31029899 -1.87354662  0.72965071  2.88578419 -0.54534335 -0.47522485
 -2.0265424   0.7289737 ]
Thu Apr  4 23:49:43 2024,2,0.35416466484274667,[-1.38226319  2.23743463 -2.12427946 -0.11653102  0.55388708 -2.77010906
  3.0685848   2.18960146  1.18551999 -1.06648309  0.6027151   1.14432445
  1.31029898 -1.87354662  0.72965071  2.88578419 -0.54534335 -0.47522485
 -2.0265424   0.7289737 ]
