{"MSE_train": [18.447932436174305], "R2_train": 0.9106259587665235, "MAE_train": 2.9460272597779924, "MSE_test": 35.8806597037612, "R2_test": 0.7837180603362477, "MAE_test": 3.7817291450539243, "BATCH_SIZE": 32, "NUM_CORES": 16, "TOLERANCE": 1e-06, "MAX_ITER": 500, "NUM_QUBITS": 5}