{"MSE_train": [51.54356733248373], "R2_train": 0.7502887151158066, "MAE_train": 4.800383616328341, "MSE_test": 72.00195300608286, "R2_test": 0.5659856261198695, "MAE_test": 5.95638012105753}