{"MSE_train": [0.0005807014728287706], "R2_train": -0.4894271925239253, "MAE_train": 0.019796305378619743, "MSE_test": 0.0005780053890389484, "R2_test": -0.48769328789590993, "MAE_test": 0.0197909844577182}