{"MSE_train": [0.6737618063947131], "R2_train": 0.9074874320452886, "MAE_train": 0.6155771670258978, "MSE_test": 13.688330088435809, "R2_test": -0.3645986369755929, "MAE_test": 1.9837029355057045}