{"MSE_train": [1459.3382153727462], "R2_train": -0.945184432526043, "MAE_train": 31.650137064023806, "MSE_test": 1481.6086588249084, "R2_test": -0.9161338508906562, "MAE_test": 32.111751827951416}