{"MSE_train": [0.1998208599969482], "R2_train": 0.6021096263544778, "MAE_train": 0.37634176679538633, "MSE_test": 0.22735634635019722, "R2_test": 0.5759883828110204, "MAE_test": 0.4087818608380528, "BATCH_SIZE": 32, "NUM_CORES": 16, "TOLERANCE": 1e-06, "MAX_ITER": 1000, "NUM_QUBITS": 5}