{"MSE_train": [0.19991601131333456], "R2_train": 0.601920157683237, "MAE_train": 0.37536408724826165, "MSE_test": 0.23174320324154474, "R2_test": 0.5678070484663358, "MAE_test": 0.411653151891236}