Time,Iteration,Cost,Parameters
Thu Mar 28 05:13:05 2024,0,0.34489475908073264,[-2.2570233   2.23743456 -2.12427956 -0.11653103  0.553887   -2.77010905
  3.0685849   2.18960145  1.18551998 -1.06648316]
Thu Mar 28 05:13:27 2024,1,0.34488142499551233,[-2.26449522  2.23743456 -2.12427956 -0.11653103  0.553887   -2.77010905
  3.0685849   2.18960145  1.18551999 -1.06648316]
