{"MSE_train": [0.05359597269232561], "R2_train": 0.8932778009224346, "MAE_train": 0.1906152194942591, "MSE_test": 0.056923023765542126, "R2_test": 0.8938405558077649, "MAE_test": 0.2002244363042836}