{"MSE_train": [0.05503106809190186], "R2_train": 0.8904201881348452, "MAE_train": 0.19551751692267194, "MSE_test": 0.03717728169266682, "R2_test": 0.9306656726928695, "MAE_test": 0.1697600903137915}