{"MSE_train": [4.454446716780014], "R2_train": 0.9784197006404268, "MAE_train": 1.6138397002330187, "MSE_test": 3.5085084564329314, "R2_test": 0.9788513639228197, "MAE_test": 1.4334143756585807}