{"MSE_train": [2.6816819475641602], "R2_train": 0.9870081509792015, "MAE_train": 1.2236139092916567, "MSE_test": 2.0193530787122254, "R2_test": 0.9878277154228559, "MAE_test": 1.2078914530079121, "BATCH_SIZE": 32, "NUM_CORES": 16, "TOLERANCE": 1e-06, "MAX_ITER": 500, "NUM_QUBITS": 5}