{"MSE_train": [2.7181813807238706], "R2_train": 0.9868313234753334, "MAE_train": 1.2291453146663338, "MSE_test": 2.0333652973962764, "R2_test": 0.9877432523761616, "MAE_test": 1.2157382360691602}