{"MSE_train": [3.213247181736301], "R2_train": 0.9844328958213917, "MAE_train": 1.4090765159525993, "MSE_test": 5.752788515016879, "R2_test": 0.9653232613676614, "MAE_test": 1.9983415398612336}