{"MSE_train": [0.1736247434110479], "R2_train": 0.976160015719229, "MAE_train": 0.33673572441235333, "MSE_test": 9.582719978816437, "R2_test": 0.044692337405053184, "MAE_test": 1.6727961467328172, "BATCH_SIZE": 32, "NUM_CORES": 16, "TOLERANCE": 1e-06, "MAX_ITER": 1000, "NUM_QUBITS": 5}