{"MSE_train": [3.719929642977963], "R2_train": 0.4892256571736645, "MAE_train": 1.3510900573603766, "MSE_test": 6.289487832004219, "R2_test": 0.37299681791876715, "MAE_test": 1.907511277758682}