Time,Iteration,Cost,Parameters
Thu Apr  4 20:21:10 2024,0,0.4897581349776682,[ 0.07572605  2.23743448 -2.12427964 -0.11653118  0.55388708 -2.77010944
  3.06858483  2.1896013   1.18551983 -1.06648324  0.6027151   1.14432429
  1.31029914 -1.87354664]
Thu Apr  4 20:22:50 2024,1,0.24118507429816205,[ 7.62569506  2.23743408 -2.12427964 -0.1165316   0.55388705 -2.77011058
  3.06858442  2.18960089  1.18551945 -1.06648366  0.6027151   1.14432392
  1.31029952 -1.87354632]
Thu Apr  4 20:23:39 2024,2,0.24089500287376803,[ 7.5997732   2.23743408 -2.12427964 -0.1165316   0.55388705 -2.77011057
  3.06858442  2.18960089  1.18551945 -1.06648366  0.6027151   1.14432392
  1.31029952 -1.87354632]
Thu Apr  4 20:24:05 2024,3,0.24089390519963122,[ 7.59808815  2.23743408 -2.12427964 -0.1165316   0.55388705 -2.77011057
  3.06858442  2.1896009   1.18551945 -1.06648366  0.6027151   1.14432391
  1.31029952 -1.87354632]
Thu Apr  4 20:24:33 2024,4,0.24089390509949393,[ 7.5980719   2.23743408 -2.12427963 -0.1165316   0.55388705 -2.77011057
  3.06858442  2.1896009   1.18551945 -1.06648366  0.60271511  1.14432391
  1.31029952 -1.87354632]
