{"MSE_train": [752.2688525903006], "R2_train": -0.0027159199412336577, "MAE_train": 20.132128408655497, "MSE_test": 773.019229122783, "R2_test": 0.00027021070034849437, "MAE_test": 20.613125502166337}