{"MSE_train": [0.32228830669797454], "R2_train": 0.35824810895319836, "MAE_train": 0.48567412271074895, "MSE_test": 0.376196765142537, "R2_test": 0.2984062185638149, "MAE_test": 0.5346450173547387}