{"MSE_train": [0.19786082520104692], "R2_train": 0.6060125170602395, "MAE_train": 0.3740217168896524, "MSE_test": 0.23149845318827905, "R2_test": 0.5682634987372793, "MAE_test": 0.41247334258115587, "BATCH_SIZE": 32, "NUM_CORES": 16, "TOLERANCE": 1e-06, "MAX_ITER": 1000, "NUM_QUBITS": 5}