{"MSE_train": [133.50560496953307], "R2_train": 0.35321015052884197, "MAE_train": 10.842245441166396, "MSE_test": 119.88829544508715, "R2_test": 0.27733566506508867, "MAE_test": 9.543956160297785}