{"MSE_train": [117.45685388591569], "R2_train": 0.43096096331263345, "MAE_train": 10.174004369189715, "MSE_test": 105.02465214705379, "R2_test": 0.36693094089085077, "MAE_test": 8.952522221236858}