{"MSE_train": [53.87388975141911], "R2_train": 0.7389990850893637, "MAE_train": 4.804260317097992, "MSE_test": 93.87755120255272, "R2_test": 0.43412359102073705, "MAE_test": 6.635657897537601}