{"MSE_train": [131.0014508982311], "R2_train": 0.36534193657033154, "MAE_train": 8.494978149103957, "MSE_test": 111.7372270722135, "R2_test": 0.32646878838478566, "MAE_test": 7.435083649421078}