{"MSE_train": [0.4874230688928858], "R2_train": 0.029425921757120888, "MAE_train": 0.6094740399550977, "MSE_test": 0.5527348396333214, "R2_test": -0.03083110276861012, "MAE_test": 0.6682607885443911}