Time,Iteration,Cost,Parameters
Tue Mar 18 15:01:40 2025,999,0.14284716808858217,[-2.75873416  1.89587492 -1.84050258 -0.10924947  0.53630733 -2.78029808
  2.99890663  2.17948294  1.19725605 -0.96771334  0.63967032  1.05012598
  1.09586202 -1.94339394  0.7449165   2.93691486 -0.6766216  -0.46225353
 -2.03770959  0.74110079  1.60647719  2.75127951 -1.25873245 -0.25030725]
