{"MSE_train": [1.226435688984489], "R2_train": 0.8316011475533364, "MAE_train": 0.7272745221345256, "MSE_test": 6.118739051316021, "R2_test": 0.3900188762624073, "MAE_test": 1.4890780640504506, "hyperparameters": {"alpha": 0.001, "beta": 0.001}}