{"MSE_train": [3.977955684942411], "R2_train": 0.9807281397717048, "MAE_train": 1.707840192890341, "MSE_test": 4.633000827774877, "R2_test": 0.9720731331651106, "MAE_test": 1.7711114242248407}