{"MSE_train": [0.08839238700395403], "R2_train": 0.8239899483319209, "MAE_train": 0.24580973628714625, "MSE_test": 0.0926950139679625, "R2_test": 0.8271270478750077, "MAE_test": 0.2808119272304127, "BATCH_SIZE": 32, "NUM_CORES": 16, "TOLERANCE": 1e-06, "MAX_ITER": 1000, "NUM_QUBITS": 5}