{"MSE_train": [0.24192073771644468], "R2_train": 0.966782461583263, "MAE_train": 0.3859177014533744, "MSE_test": 0.5410135938961745, "R2_test": 0.9460659986977016, "MAE_test": 0.5327358719373764}