{"MSE_train": [0.14318482958072956], "R2_train": 0.7148852960440817, "MAE_train": 0.31960207714899147, "MSE_test": 0.17712613659286347, "R2_test": 0.6696659634585521, "MAE_test": 0.36691799298734284}