{"MSE_train": [0.2595860612235912], "R2_train": 0.48310304091874323, "MAE_train": 0.4316067756208362, "MSE_test": 0.29857907220413527, "R2_test": 0.44316049542308866, "MAE_test": 0.49004064346330767}