{"MSE_train": [27.60112075639812], "R2_train": 0.8662818333107439, "MAE_train": 3.711572352293895, "MSE_test": 30.963562541948228, "R2_test": 0.8133574070052433, "MAE_test": 3.5833578004922813, "hyperparameters": {"alpha": 0.001, "beta": 0.001}}