{"MSE_train": [5.708675092411687], "R2_train": 0.9723433850994997, "MAE_train": 2.032283431934342, "MSE_test": 7.191329075365824, "R2_test": 0.956652006567833, "MAE_test": 2.2916119278686864}