{"MSE_train": [2794.9882972219193], "R2_train": -2.7255021951576066, "MAE_train": 41.43844963796904, "MSE_test": 3018.507897527236, "R2_test": -2.9037738657791143, "MAE_test": 43.22202625052814}