{"MSE_train": [1322.6190003683369], "R2_train": -0.7629483436932492, "MAE_train": 28.934306711042566, "MSE_test": 1314.4061496414686, "R2_test": -0.6998943021461543, "MAE_test": 28.76061948232846}