Time,Iteration,Cost,Parameters
Wed Mar 19 10:31:20 2025,999,0.12912637262043486,[-2.75668972  2.73841617 -1.96518563 -0.15807649  0.60982334 -2.80070436
  3.1087234   2.22743794  1.16552679 -1.11358273  0.64724958  1.11045602
  1.31583052 -1.84975199  0.7249208   2.94601647 -0.53903008 -0.47214618
 -2.08507344  0.7521016   1.59280677  2.8068856  -1.2487468  -0.23165933]
