{"MSE_train": [0.4071508973337782], "R2_train": 0.18926671283107876, "MAE_train": 0.5538781924932508, "MSE_test": 0.41711844780273644, "R2_test": 0.22208871469207692, "MAE_test": 0.5713555076055109, "hyperparameters": {"alpha": 0.001, "beta": 0.001}}