{"MSE_train": [0.19956216880043626], "R2_train": 0.6026247414272512, "MAE_train": 0.3694711008007743, "MSE_test": 0.18448315791997844, "R2_test": 0.6559453765443037, "MAE_test": 0.38557040121597475}