{"MSE_train": [0.507644917211963], "R2_train": -0.010840538829644641, "MAE_train": 0.6207080852040588, "MSE_test": 0.5318164960961883, "R2_test": 0.008180874748096478, "MAE_test": 0.6496653897402965}