{"MSE_train": [0.35287165461302344], "R2_train": 0.29734946338918833, "MAE_train": 0.5020515351540993, "MSE_test": 0.3520257565914474, "R2_test": 0.3434843023268692, "MAE_test": 0.5271297419799522, "BATCH_SIZE": 32, "NUM_CORES": 16, "TOLERANCE": 1e-06, "MAX_ITER": 1000, "NUM_QUBITS": 5}