Time,Iteration,Cost,Parameters
Sun Dec  8 21:51:14 2024,0,0.8008508520542036,[-2.86686441  2.2011156  -2.0879606  -0.08021199  0.59020612 -2.73378994
  3.10490402  2.22592049  1.22183902 -1.03016405  0.63903414  1.10800541
  1.34661802 -1.83722776]
Sun Dec  8 21:51:17 2024,1,0.8255352496209981,[-2.85206746  2.18631865 -2.10275754 -0.09500894  0.60500306 -2.74858688
  3.11970097  2.21112354  1.23663597 -1.04496099  0.65383109  1.12280236
  1.33182108 -1.85202471]
Sun Dec  8 21:51:20 2024,2,0.6712846753987112,[-2.84859828  2.18284947 -2.09928836 -0.09153975  0.60153388 -2.7451177
  3.12317015  2.21459273  1.23316678 -1.04843018  0.65730027  1.11933318
  1.32835189 -1.84855552]
Sun Dec  8 21:51:22 2024,3,0.5996640764753904,[-2.85231145  2.1791363  -2.09557519 -0.09525292  0.59782071 -2.74883087
  3.12688332  2.2183059   1.23687995 -1.05214335  0.6535871   1.12304634
  1.33206506 -1.85226869]
Sun Dec  8 21:51:25 2024,4,0.6785966215626446,[-2.85518397  2.17626378 -2.09844771 -0.09812544  0.59494819 -2.74595835
  3.12975584  2.21543338  1.23975247 -1.05501587  0.65645962  1.12017382
  1.33493758 -1.84939617]
Sun Dec  8 21:51:28 2024,5,0.6118869694362192,[-2.848617    2.16969681 -2.09188074 -0.10469241  0.58838122 -2.73939138
  3.12318887  2.20886641  1.23318551 -1.06158284  0.64989265  1.11360686
  1.32837061 -1.84282921]
Sun Dec  8 21:51:31 2024,6,0.7804951055566058,[-2.84737442  2.16845422 -2.09312333 -0.10593499  0.58713863 -2.74063397
  3.12443146  2.20762382  1.23194292 -1.06282542  0.65113524  1.11484944
  1.32712803 -1.84158662]
Sun Dec  8 21:51:33 2024,7,0.7229091265142131,[-2.83783844  2.1779902  -2.08358735 -0.09639902  0.59667461 -2.73109799
  3.13396744  2.19808784  1.2414789  -1.0723614   0.64159926  1.10531347
  1.31759205 -1.83205064]
Sun Dec  8 21:51:36 2024,8,0.8596545609759416,[-2.8094654   2.14961717 -2.05521432 -0.06802598  0.62504765 -2.70272495
  3.16234048  2.22646088  1.26985193 -1.04398837  0.61322623  1.07694043
  1.28921901 -1.80367761]
Sun Dec  8 21:51:38 2024,9,0.7584750962331218,[-2.81152639  2.15167816 -2.05315333 -0.07008697  0.62710864 -2.70478594
  3.16027949  2.22439989  1.26779095 -1.04192738  0.61528722  1.07900142
  1.29128    -1.80573859]
Sun Dec  8 21:51:41 2024,10,0.5676018826142735,[-2.80920016  2.14935193 -2.05547955 -0.07241319  0.62943486 -2.70711217
  3.15795326  2.22207366  1.27011717 -1.04425361  0.61761344  1.07667519
  1.29360623 -1.80806482]
