{"MSE_train": [766.6130094209065], "R2_train": -0.02183556627865224, "MAE_train": 21.10503114170968, "MSE_test": 766.914231218122, "R2_test": 0.008165678288945988, "MAE_test": 21.16894995322669}