{"MSE_train": [7.857525436048235], "R2_train": -0.07889739216299696, "MAE_train": 2.3023672511231354, "MSE_test": 17.089658983225142, "R2_test": -0.7036793534507475, "MAE_test": 3.1081623901638884, "BATCH_SIZE": 32, "NUM_CORES": 16, "TOLERANCE": 1e-06, "MAX_ITER": 1000, "NUM_QUBITS": 5}