{"MSE_train": [750.4817057752299], "R2_train": -0.00033379212007855763, "MAE_train": 19.972949074249925, "MSE_test": 778.2113083219389, "R2_test": -0.006444597998122692, "MAE_test": 20.631998564175916}