{"MSE_train": [760.4040113598937], "R2_train": -0.013559454378998081, "MAE_train": 20.206615513775176, "MSE_test": 785.2564462734952, "R2_test": -0.015555929274951197, "MAE_test": 20.86336202941289}