{"MSE_train": [715.3925466976962], "R2_train": 0.04643733007013595, "MAE_train": 19.56455885717621, "MSE_test": 729.4724717573922, "R2_test": 0.05658833180968814, "MAE_test": 19.851748574413453}