Time,Iteration,Cost,Parameters
Wed Mar 19 10:54:22 2025,997,0.1022104361042961,[-2.96683399  2.21106888 -2.0881561  -0.05220394  0.49494645 -2.72970341
  2.75636215  2.17022015  1.76159014 -0.97628658  0.72881955  1.2298117
  1.52316785 -1.71541072  0.69693051]
Wed Mar 19 10:54:51 2025,998,0.09667233730441298,[-2.96677549  2.21112739 -2.0880976  -0.05226244  0.49500495 -2.72964491
  2.75642066  2.17027866  1.76153163 -0.97622808  0.72887805  1.22975319
  1.52322635 -1.71535222  0.69687201]
Wed Mar 19 10:55:19 2025,999,0.09896848429348189,[-2.96747046  2.21182236 -2.08879257 -0.05156747  0.49569993 -2.72894993
  2.75572568  2.16958368  1.7622266  -0.97692305  0.72818308  1.23044816
  1.52392133 -1.71604719  0.69756698]
