{"MSE_train": [82.44730943112003], "R2_train": 0.6005704564357017, "MAE_train": 6.3044788300615, "MSE_test": 98.13459804461779, "R2_test": 0.40846290485044423, "MAE_test": 6.872094460297734}