{"MSE_train": [0.0960045634590321], "R2_train": 0.8088323129678607, "MAE_train": 0.2531695535158568, "MSE_test": 0.061779050822349156, "R2_test": 0.8847842355487355, "MAE_test": 0.2193373709361369}