{"MSE_train": [0.15611913442369119], "R2_train": 0.6891300501358733, "MAE_train": 0.3283583259856923, "MSE_test": 0.18252829155104136, "R2_test": 0.659591133805043, "MAE_test": 0.38726178370713954}