{"MSE_train": [1266.460267658828], "R2_train": -0.6880931172171676, "MAE_train": 29.278725074882047, "MSE_test": 1284.9950691039035, "R2_test": -0.6618575596678831, "MAE_test": 29.594044907637606}