{"MSE_train": [46.12778590176952], "R2_train": 0.7765263585251581, "MAE_train": 6.093714889835693, "MSE_test": 92.92162706690965, "R2_test": 0.43988572382250957, "MAE_test": 7.943778447217523}