{"MSE_train": [0.39299293994795165], "R2_train": 0.2174585390217474, "MAE_train": 0.532356633812057, "MSE_test": 0.4856885140873931, "R2_test": 0.09420794442613811, "MAE_test": 0.6133377117404256}