{"MSE_train": [0.2601549302500767], "R2_train": 0.9642787696852413, "MAE_train": 0.43395135465223655, "MSE_test": 13.861724969147653, "R2_test": -0.38188448677240827, "MAE_test": 1.8749755265249255, "BATCH_SIZE": 32, "NUM_CORES": 16, "TOLERANCE": 1e-06, "MAX_ITER": 1000, "NUM_QUBITS": 5}