{"MSE_train": [772.5887199851915], "R2_train": -0.029800724074481977, "MAE_train": 20.386006557673113, "MSE_test": 793.9743391611346, "R2_test": -0.02683059993170467, "MAE_test": 20.963614940540502, "BATCH_SIZE": 25, "NUM_CORES": 16, "TOLERANCE": 1e-06, "MAX_ITER": 1000}