{"MSE_train": [0.5011794790688242], "R2_train": 0.0020336705927089804, "MAE_train": 0.6168586524137982, "MSE_test": 0.5882291672424673, "R2_test": -0.09702677969687956, "MAE_test": 0.6843735967185923}