{"MSE_train": [946.1042576458532], "R2_train": -0.2610834514802711, "MAE_train": 22.798574063846193, "MSE_test": 937.3611983858547, "R2_test": -0.21226986089774624, "MAE_test": 22.825575948950476}