{"MSE_train": [197.18971838045553], "R2_train": 0.044681994455135765, "MAE_train": 13.188357407707873, "MSE_test": 194.09629779712594, "R2_test": -0.16997636374883007, "MAE_test": 13.098049871210772, "MAX_ITER": 1000}