{"MSE_train": [0.16190069739612728], "R2_train": 0.6776175971747918, "MAE_train": 0.3433044778231965, "MSE_test": 0.1810314761103893, "R2_test": 0.6623826421390426, "MAE_test": 0.3806163323293832}