{"MSE_train": [7.967880009483705], "R2_train": -0.09404990582163131, "MAE_train": 2.0251563844942213, "MSE_test": 19.9237444558847, "R2_test": -0.9862111997809886, "MAE_test": 3.2263972272947896, "BATCH_SIZE": 32, "NUM_CORES": 16, "TOLERANCE": 1e-06, "MAX_ITER": 1000, "NUM_QUBITS": 5}