{"MSE_train": [7.9818645387536264], "R2_train": -0.09597008696297715, "MAE_train": 2.0236050187811294, "MSE_test": 20.461040622348474, "R2_test": -1.0397746082955228, "MAE_test": 3.2715135956009505}