{"MSE_train": [799.1102200310316], "R2_train": -0.06515182258815333, "MAE_train": 21.01422183556294, "MSE_test": 827.8457990776027, "R2_test": -0.07063585885649082, "MAE_test": 21.76822717209151}