{"MSE_train": [2.355153729349843], "R2_train": 0.988590070608382, "MAE_train": 1.1431974419865074, "MSE_test": 1.7927475338150303, "R2_test": 0.9891936514784794, "MAE_test": 1.1614756988563066, "hyperparameters": {"alpha": 0.001, "beta": 0.001}}