Time,Iteration,Cost,Parameters
Fri Apr  5 05:01:34 2024,0,0.3547029918767633,[-1.42087454  2.23743464 -2.12427955 -0.11653094  0.55388708 -2.77010888
  3.06858489  2.18960163  1.18552007 -1.06648317  0.60271528  1.14432454
  1.31029916 -1.87354653]
Fri Apr  5 05:02:19 2024,1,0.35416556046550857,[-1.38383     2.23743464 -2.12427954 -0.11653094  0.55388708 -2.77010888
  3.06858489  2.18960164  1.18552008 -1.06648318  0.60271529  1.14432454
  1.31029917 -1.87354652]
Fri Apr  5 05:02:42 2024,2,0.35416466484266707,[-1.38226318  2.23743463 -2.12427954 -0.11653093  0.55388708 -2.77010889
  3.06858489  2.18960164  1.18552008 -1.06648317  0.60271529  1.14432454
  1.31029917 -1.87354652]
