{"MSE_train": [182.449595864961], "R2_train": 0.11609294102295065, "MAE_train": 11.969241561415151, "MSE_test": 178.6356785054239, "R2_test": -0.07678262772447209, "MAE_test": 11.77448308101597}