{"MSE_train": [0.00010926804839328348], "R2_train": 0.7197410198424532, "MAE_train": 0.0079220237711925, "MSE_test": 0.00010699408875012601, "R2_test": 0.7246143536087759, "MAE_test": 0.00785449819804695}