{"MSE_train": [34.55163417416078], "R2_train": 0.8326089285046283, "MAE_train": 4.393369036135127, "MSE_test": 35.902253470317774, "R2_test": 0.7835878971298278, "MAE_test": 4.188335280977585, "MAX_ITER": 1000}