{"MSE_train": [34.211372430785204], "R2_train": 0.8342573824540254, "MAE_train": 4.2966597573305965, "MSE_test": 37.365844834630806, "R2_test": 0.7747656407454069, "MAE_test": 4.146191444775043, "BATCH_SIZE": 32, "NUM_CORES": 16, "TOLERANCE": 1e-06, "MAX_ITER": 500, "NUM_QUBITS": 5}