{"MSE_train": [789.5019756293183], "R2_train": -0.05234477947968186, "MAE_train": 20.66146757225057, "MSE_test": 804.6314070685817, "R2_test": -0.040613165555271946, "MAE_test": 21.186370673606213}