{"MSE_train": [1.4784095917227613], "R2_train": 0.7970032339009973, "MAE_train": 0.7820713782369542, "MSE_test": 3.1950426956084685, "R2_test": 0.6814840905108273, "MAE_test": 1.3118812720184687, "BATCH_SIZE": 32, "NUM_CORES": 16, "TOLERANCE": 1e-06, "MAX_ITER": 1000, "NUM_QUBITS": 5}