{"MSE_train": [8.006882271475131], "R2_train": -0.09940520999385316, "MAE_train": 2.0870079289493058, "MSE_test": 18.821942890861713, "R2_test": -0.8763718764936177, "MAE_test": 3.118975137325373, "hyperparameters": {"alpha": 0.001, "beta": 0.001}}