{"MSE_train": [0.8952190220758094], "R2_train": 0.8770796892490811, "MAE_train": 0.7156759679199516, "MSE_test": 1.5095321807792286, "R2_test": 0.8495137432357522, "MAE_test": 0.9122468815706923}