{"MSE_train": [3.4614219201854617], "R2_train": 0.524720713504668, "MAE_train": 1.405538477924619, "MSE_test": 15.2799557855674, "R2_test": -0.5232688504237617, "MAE_test": 2.617093479400039, "hyperparameters": {"alpha": 0.001, "beta": 0.001}}