{"MSE_train": [206.6645842666632], "R2_train": -0.0012205508477241, "MAE_train": 12.565761647899084, "MSE_test": 196.03795926088668, "R2_test": -0.18168033772867642, "MAE_test": 12.10016201290291}