{"MSE_train": [885.109630240723], "R2_train": -0.17978235318354696, "MAE_train": 22.59267778923169, "MSE_test": 902.1912734651552, "R2_test": -0.16678532402463997, "MAE_test": 22.969429889044008}