{"MSE_train": [209.41786417393422], "R2_train": -0.01455926795388729, "MAE_train": 12.627065144962856, "MSE_test": 191.98255540291584, "R2_test": -0.1572351179427689, "MAE_test": 12.074153681033154}