{"MSE_train": [8.649954667015287], "R2_train": -0.1877038908148243, "MAE_train": 2.6232255661958783, "MSE_test": 10.684855659252657, "R2_test": -0.0651802940677968, "MAE_test": 2.816988836494825, "BATCH_SIZE": 32, "NUM_CORES": 16, "TOLERANCE": 1e-06, "MAX_ITER": 1000, "NUM_QUBITS": 5}