{"MSE_train": [8.687865370536992], "R2_train": -0.19290931579213133, "MAE_train": 2.620969351797496, "MSE_test": 10.02923927955911, "R2_test": 0.00017853438889747775, "MAE_test": 2.7539159834095015}