{"MSE_train": [1.0628210955802302], "R2_train": 0.8540666628838781, "MAE_train": 0.8495471117835611, "MSE_test": 13.005553685222486, "R2_test": -0.29653220789589607, "MAE_test": 2.1957098202912904, "hyperparameters": {"alpha": 0.001, "beta": 0.001}}