{"MSE_train": [760.8964630463669], "R2_train": -0.014215854207501266, "MAE_train": 20.311607420866707, "MSE_test": 777.2554841558463, "R2_test": -0.005208450362753192, "MAE_test": 20.84493556748932}