{"MSE_train": [0.0003663311711510622], "R2_train": 0.060406020457237086, "MAE_train": 0.013367837069448725, "MSE_test": 0.00036367037597519094, "R2_test": 0.06397070407172867, "MAE_test": 0.013379992452029829}