{"MSE_train": [0.001766289849317377], "R2_train": -3.5303142053989776, "MAE_train": 0.03459198343341939, "MSE_test": 0.0017596850843853394, "R2_test": -3.5291475451524104, "MAE_test": 0.03455702525258514}