{"MSE_train": [761.2222552313609], "R2_train": -0.014650109872030193, "MAE_train": 20.15821753283489, "MSE_test": 775.2888587904306, "R2_test": -0.002665054431413294, "MAE_test": 20.54438400789323}