{"MSE_train": [774.6778910436972], "R2_train": -0.03258542674112963, "MAE_train": 20.52177583897301, "MSE_test": 789.8923499556802, "R2_test": -0.021551447674491797, "MAE_test": 20.998313780779956}