{"MSE_train": [910.1063557021643], "R2_train": -0.21310104566999266, "MAE_train": 23.496966068962458, "MSE_test": 938.2441071045342, "R2_test": -0.21341170849227242, "MAE_test": 23.977544751386986}