{"MSE_train": [92.77359297339554], "R2_train": 0.5505430783385121, "MAE_train": 7.815642370651912, "MSE_test": 108.54235460391446, "R2_test": 0.34572688509000316, "MAE_test": 8.255832775750633, "hyperparameters": {"alpha": 0.001, "beta": 0.001}}