{"MSE_train": [6.03276125454561], "R2_train": 0.17165646639705345, "MAE_train": 2.0004828828855503, "MSE_test": 9.998409632043204, "R2_test": 0.0032519622436353313, "MAE_test": 2.7572144935662366}