{"MSE_train": [6.032761254559], "R2_train": 0.1716564663952148, "MAE_train": 2.000482882750566, "MSE_test": 9.998409633190345, "R2_test": 0.0032519621292760315, "MAE_test": 2.757214493562858}