{"MSE_train": [2.121001027855807], "R2_train": 0.7087705924271832, "MAE_train": 1.2093217104777452, "MSE_test": 3.090164612289218, "R2_test": 0.6919394556738114, "MAE_test": 1.518822574693966, "BATCH_SIZE": 32, "NUM_CORES": 16, "TOLERANCE": 1e-06, "MAX_ITER": 1000, "NUM_QUBITS": 5}