{"MSE_train": [760.8440919379117], "R2_train": -0.014146047589811195, "MAE_train": 20.157114910229303, "MSE_test": 775.1621699688934, "R2_test": -0.002501210397409359, "MAE_test": 20.54673195763582}