{"MSE_train": [3296.9532262032794], "R2_train": -3.394582436628008, "MAE_train": 47.39703283189292, "MSE_test": 3396.4447425378876, "R2_test": -3.3925517747838327, "MAE_test": 47.51944763514317, "BATCH_SIZE": 25, "NUM_CORES": 16, "TOLERANCE": 1e-06, "MAX_ITER": 1000}