{"MSE_train": [1932.2933360822622], "R2_train": -1.5755968539897278, "MAE_train": 38.13821684136662, "MSE_test": 1949.393122409458, "R2_test": -1.5211098276819808, "MAE_test": 38.81007329393535}