{"MSE_train": [0.5171842555737733], "R2_train": -0.029835607238266837, "MAE_train": 0.61020270050736, "MSE_test": 0.6496710142654962, "R2_test": -0.2116136708812777, "MAE_test": 0.6668085643918634, "BATCH_SIZE": 32, "NUM_CORES": 16, "TOLERANCE": 1e-06, "MAX_ITER": 1000, "NUM_QUBITS": 5}