{"MSE_train": [0.5171842555737733], "R2_train": -0.029835607238266837, "MAE_train": 0.61020270050736, "MSE_test": 0.6496710142654962, "R2_test": -0.2116136708812777, "MAE_test": 0.6668085643918634}