{"MSE_train": [901.9267914156012], "R2_train": -0.20219832212896294, "MAE_train": 23.529574635996006, "MSE_test": 908.2435381948476, "R2_test": -0.1746125928881419, "MAE_test": 23.75681603854158}