{"MSE_train": [869.4682373284843], "R2_train": -0.1589335919605439, "MAE_train": 22.87551235009882, "MSE_test": 878.1965698158187, "R2_test": -0.13575346980947334, "MAE_test": 23.195888772618346}