Time,Iteration,Cost,Parameters
Wed Mar 19 10:42:48 2025,997,0.13000387174518385,[-2.44751508  2.27175923 -2.09407937 -0.14358346  0.53561349]
Wed Mar 19 10:43:32 2025,998,0.13570843094076523,[-2.44657694  2.27269737 -2.0950175  -0.14264533  0.53655163]
Wed Mar 19 10:44:14 2025,999,0.12546348086385747,[-2.44613166  2.27225208 -2.09546278 -0.14220004  0.53699691]
