{"MSE_train": [1135.2309426373777], "R2_train": -0.5131746250995437, "MAE_train": 26.07278243937778, "MSE_test": 1111.2060561654218, "R2_test": -0.43709982177209517, "MAE_test": 25.69497754866566}