{"MSE_train": [820.615580771378], "R2_train": -0.0938167972234496, "MAE_train": 21.343234502516378, "MSE_test": 833.943217662934, "R2_test": -0.07852152426807768, "MAE_test": 21.841903644961477}