{"MSE_train": [3.451929604218543], "R2_train": 0.9832765595900856, "MAE_train": 1.4167072461911503, "MSE_test": 4.413561060394214, "R2_test": 0.9733958752473437, "MAE_test": 1.4461362187522282}