{"MSE_train": [2.4910684266678764], "R2_train": 0.6579575527809907, "MAE_train": 1.128333499632507, "MSE_test": 8.08547772935417, "R2_test": 0.19395340282636153, "MAE_test": 1.875223165202446, "hyperparameters": {"alpha": 0.001, "beta": 0.001}}