{"MSE_train": [0.12184585319492033], "R2_train": 0.7573762216035667, "MAE_train": 0.28808140313864394, "MSE_test": 0.16145654082095007, "R2_test": 0.6988892103597524, "MAE_test": 0.3499640882694542}