{"MSE_train": [0.0009701655173633789], "R2_train": -1.4883541207000492, "MAE_train": 0.02692795379830642, "MSE_test": 0.0009677656376072305, "R2_test": -1.4908737368667797, "MAE_test": 0.026900073932590425}