{"MSE_train": [0.15634800873698496], "R2_train": 0.6886743074970131, "MAE_train": 0.33910985776607927, "MSE_test": 0.17115108544436838, "R2_test": 0.6808092244272076, "MAE_test": 0.37234189753888225}