{"MSE_train": [769.7652061309702], "R2_train": -0.026037199528631705, "MAE_train": 20.187232323288917, "MSE_test": 796.1843057233714, "R2_test": -0.029688704002584387, "MAE_test": 20.834658145113078}