{"MSE_train": [1645.875378484677], "R2_train": -1.1938239747175827, "MAE_train": 32.15196101513975, "MSE_test": 1744.892821871929, "R2_test": -1.2566338163929704, "MAE_test": 32.837706155455464}