{"MSE_train": [1389.7346800887774], "R2_train": -0.8524083290450746, "MAE_train": 30.034960349524475, "MSE_test": 1375.2178256090763, "R2_test": -0.7785407855862174, "MAE_test": 29.98965459187741}