{"MSE_train": [940.4956934447429], "R2_train": -0.2536076712547555, "MAE_train": 23.205746951365853, "MSE_test": 933.0408839105838, "R2_test": -0.20668248749570028, "MAE_test": 23.573249292486793}