{"MSE_train": [1.624230010718081], "R2_train": 0.7769809926675932, "MAE_train": 0.7582426303713967, "MSE_test": 4.395955885054447, "R2_test": 0.5617642641436608, "MAE_test": 1.379377011736152}