{"MSE_train": [4.343511653601267], "R2_train": 0.9789563832935506, "MAE_train": 1.777215522364787, "MSE_test": 5.456654372711227, "R2_test": 0.9671083028698894, "MAE_test": 1.9132291878206105}