{"MSE_train": [102.82287214091085], "R2_train": 0.501857693469958, "MAE_train": 9.204441948324344, "MSE_test": 130.68654031097944, "R2_test": 0.21224585445844246, "MAE_test": 9.835715111499017, "hyperparameters": {"alpha": 0.001, "beta": 0.001}}