{"MSE_train": [2.08111945854386], "R2_train": 0.7142466321137525, "MAE_train": 1.197604309642194, "MSE_test": 3.374836636623713, "R2_test": 0.6635603141801303, "MAE_test": 1.5562844615521156}