Time,Iteration,Cost,Parameters
Thu Apr  4 14:44:29 2024,0,0.28209176535222485,[-1.51619476  2.2374346  -2.1242796  -0.11653103  0.55388704 -2.77010901
  3.06858498  2.18960145  1.18552006 -1.06648316]
Thu Apr  4 14:44:52 2024,1,0.27962690369603416,[-1.5848882   2.2374346  -2.1242796  -0.11653103  0.55388704 -2.77010901
  3.06858498  2.18960145  1.18552006 -1.06648316]
Thu Apr  4 14:45:04 2024,2,0.27962667529579105,[-1.58555675  2.2374346  -2.1242796  -0.11653103  0.55388704 -2.77010901
  3.06858498  2.18960145  1.18552006 -1.06648316]
