{"MSE_train": [761.5507777040256], "R2_train": -0.015088004797846777, "MAE_train": 20.15328353393773, "MSE_test": 775.4318715139714, "R2_test": -0.0028500098304333754, "MAE_test": 20.533896583865378, "BATCH_SIZE": 25, "NUM_CORES": 16, "TOLERANCE": 1e-06, "MAX_ITER": 1000}