{"MSE_train": [0.500043217193754], "R2_train": 0.004296235482269317, "MAE_train": 0.6162022730768323, "MSE_test": 0.5406052053646524, "R2_test": -0.008209759996645971, "MAE_test": 0.6648572308249922, "hyperparameters": {"alpha": 0.001, "beta": 0.001}}