{"MSE_train": [950.043112154042], "R2_train": -0.26633363844214464, "MAE_train": 23.21538806211513, "MSE_test": 976.1463384372622, "R2_test": -0.26242988076627194, "MAE_test": 23.68763049006498}