{"MSE_train": [859.1921992632724], "R2_train": -0.14523643179442725, "MAE_train": 22.17826290696707, "MSE_test": 844.0200861949179, "R2_test": -0.09155373003314327, "MAE_test": 21.87174905959314}