{"MSE_train": [0.2934758829316402], "R2_train": 0.41562042763001206, "MAE_train": 0.46140517159804145, "MSE_test": 0.3871731484146935, "R2_test": 0.2779356484793345, "MAE_test": 0.5241756883625543, "hyperparameters": {"alpha": 0.001, "beta": 0.001}}