{"MSE_train": [756.2352690954455], "R2_train": -0.008002844903142625, "MAE_train": 20.018301941875304, "MSE_test": 777.4784208554661, "R2_test": -0.005496769787860956, "MAE_test": 20.53469819952421}