{"MSE_train": [974.9494885901183], "R2_train": -0.29953190269901175, "MAE_train": 23.6515185805437, "MSE_test": 986.2459898653354, "R2_test": -0.27549155117988566, "MAE_test": 24.026405162803048}