{"MSE_train": [1236.8016402937421], "R2_train": -0.6485604717804003, "MAE_train": 27.662734582050618, "MSE_test": 1338.2542707183577, "R2_test": -0.7307365841505054, "MAE_test": 29.211268886390084}