{"MSE_train": [892.875774819581], "R2_train": -0.19013402038201233, "MAE_train": 22.60217255516723, "MSE_test": 892.7642317198428, "R2_test": -0.15459352580966534, "MAE_test": 23.133242784933937}