{"MSE_train": [752.3698093407841], "R2_train": -0.0028504874440442585, "MAE_train": 20.316560670449658, "MSE_test": 775.2821152426651, "R2_test": -0.0026563331404896307, "MAE_test": 20.775665668911167}