{"MSE_train": [0.3778566074448233], "R2_train": 0.24759854039790297, "MAE_train": 0.5249632810498266, "MSE_test": 0.4089965728825679, "R2_test": 0.2372357267495404, "MAE_test": 0.575506355763037, "hyperparameters": {"alpha": 0.001, "beta": 0.001}}