Time,Iteration,Cost,Parameters
Thu Apr  4 22:28:44 2024,0,0.2192117527862064,[ 0.08180184  2.23743464 -2.12427964 -0.11653103  0.55388629]
Thu Apr  4 22:28:48 2024,1,0.21917699590203493,[ 0.11124375  2.23743464 -2.12427964 -0.11653103  0.55388628]
Thu Apr  4 22:28:50 2024,2,0.2191769906720787,[ 0.11160945  2.23743464 -2.12427963 -0.11653102  0.55388628]
