{"MSE_train": [0.5705883187737557], "R2_train": 0.9216539285638916, "MAE_train": 0.6437899291057307, "MSE_test": 0.8074141674052118, "R2_test": 0.9195083501641478, "MAE_test": 0.6486342325463785}