{"MSE_train": [1073.9228985359662], "R2_train": -0.4314557667030168, "MAE_train": 25.35396392558739, "MSE_test": 1172.8606696728777, "R2_test": -0.5168364589073791, "MAE_test": 26.61034031204141, "BATCH_SIZE": 25, "NUM_CORES": 16, "TOLERANCE": 1e-06, "MAX_ITER": 1000}