{"MSE_train": [1502.9107309223198], "R2_train": -1.0032632096321303, "MAE_train": 32.045009860580336, "MSE_test": 1516.6054712751372, "R2_test": -0.9613945049842549, "MAE_test": 32.44603254445296}