{"MSE_train": [2538.327328418739], "R2_train": -2.383393069463616, "MAE_train": 40.619983992487555, "MSE_test": 2638.011954649367, "R2_test": -2.411686328403968, "MAE_test": 41.15032970910997}