{"MSE_train": [1430.1901079400757], "R2_train": -0.9063322704854939, "MAE_train": 30.484395090409674, "MSE_test": 1407.10548111679, "R2_test": -0.8197804312780361, "MAE_test": 30.35639192461195}