{"MSE_train": [0.37535438355686396], "R2_train": 0.25258105722692714, "MAE_train": 0.5353612285032092, "MSE_test": 0.3801311232105778, "R2_test": 0.2910687786646845, "MAE_test": 0.5664513693199758, "hyperparameters": {"alpha": 0.001, "beta": 0.001}}