{"MSE_train": [0.00037205959214871314], "R2_train": 0.04571333169486125, "MAE_train": 0.012924140865051541, "MSE_test": 0.0003711445042681444, "R2_test": 0.044733495033266624, "MAE_test": 0.012940544157520906}