{"MSE_train": [769.7603487947898], "R2_train": -0.026030725076978012, "MAE_train": 20.187083791401427, "MSE_test": 796.1743933799006, "R2_test": -0.029675884573679978, "MAE_test": 20.834290838293253}