{"MSE_train": [849.4064323351146], "R2_train": -0.13219276495389387, "MAE_train": 21.194096461076132, "MSE_test": 831.4744895602477, "R2_test": -0.07532876924600984, "MAE_test": 21.243503422987086}