Time,Iteration,Cost,Parameters
Wed Mar 19 10:42:34 2025,998,0.10540699129097668,[-3.1077858   2.03054861 -2.05781168 -0.03752502  0.64493654 -2.6694162
  3.18772084  2.3086479   1.15354335 -1.11271919  0.52449641  1.18010398
  1.51395488 -1.83809794  0.72061664  2.88704001 -0.63583635 -0.57246206
 -2.0600865   0.77931675  1.63595236  2.77688718 -1.32418935 -0.22684871]
Wed Mar 19 10:43:22 2025,999,0.11098651859559158,[-3.10754838  2.03078603 -2.0580491  -0.03776244  0.64469912 -2.66965362
  3.18748341  2.30841048  1.15378077 -1.11295661  0.52473383  1.17986656
  1.5141923  -1.83786052  0.72037921  2.88680259 -0.63559893 -0.57222464
 -2.06032393  0.77907933  1.63571494  2.77664976 -1.32395193 -0.22708614]
