{"MSE_train": [33.529205356411886], "R2_train": 0.837562252983235, "MAE_train": 3.063171801210816, "MSE_test": 62.664696994944315, "R2_test": 0.6222688677854173, "MAE_test": 4.145240879638317}