{"MSE_train": [693.4708391883379], "R2_train": 0.0756572625932499, "MAE_train": 19.684592230835218, "MSE_test": 688.0197795669152, "R2_test": 0.11019824171647852, "MAE_test": 19.528874197919855}