{"MSE_train": [50.32445442767446], "R2_train": 0.7561949079859104, "MAE_train": 4.8576717250737484, "MSE_test": 73.52642805589281, "R2_test": 0.5567963742091158, "MAE_test": 6.283647498916368}