{"MSE_train": [0.11756026379847329], "R2_train": 0.7659098389960133, "MAE_train": 0.28341102401444146, "MSE_test": 0.14734183832821146, "R2_test": 0.7252126357937141, "MAE_test": 0.3425763440813254, "hyperparameters": {"alpha": 0.001, "beta": 0.001}}