{"MSE_train": [0.13190849925561893], "R2_train": 0.7373391243704992, "MAE_train": 0.3016084628248291, "MSE_test": 0.1217451837955327, "R2_test": 0.7729494993440785, "MAE_test": 0.30615189839554513, "hyperparameters": {"alpha": 0.001, "beta": 0.001}}