{"MSE_train": [3.4882925595496346], "R2_train": 0.5210311724434635, "MAE_train": 1.5263444067015568, "MSE_test": 6.216345226607517, "R2_test": 0.380288452397505, "MAE_test": 1.9364709949630086}