{"MSE_train": [260.3130300309287], "R2_train": -0.2611292653031918, "MAE_train": 13.7800749603307, "MSE_test": 122.84974676405518, "R2_test": 0.25948458761070614, "MAE_test": 10.149093254668012, "hyperparameters": {"alpha": 0.001, "beta": 0.001}}