{"MSE_train": [2.327052167738259], "R2_train": 0.6804782198118176, "MAE_train": 1.0641508939481947, "MSE_test": 7.696362050804012, "R2_test": 0.23274460095972382, "MAE_test": 1.8564726732987773}