{"MSE_train": [0.40010821707447625], "R2_train": 0.20329034719979477, "MAE_train": 0.5448472715557852, "MSE_test": 0.45544760352680613, "R2_test": 0.15060618268913017, "MAE_test": 0.6001434173443398, "hyperparameters": {"alpha": 0.001, "beta": 0.001}}