{"MSE_train": [1054.7232575120734], "R2_train": -0.40586413726691273, "MAE_train": 24.874036519809152, "MSE_test": 1029.7644646456415, "R2_test": -0.331773095006588, "MAE_test": 24.495503051806367}