{"MSE_train": [344.4532791724024], "R2_train": -0.6687605335866378, "MAE_train": 16.371034158290733, "MSE_test": 359.37978658270185, "R2_test": -1.1662744765505062, "MAE_test": 16.070739324795923}