Time,Iteration,Cost,Parameters
Mon Aug 12 13:37:29 2024,0,0.3325832842576161,[-2.90441436  2.23620372 -2.12304872 ... -0.85452239 -2.62778017
 -2.06348562]
