Time,Iteration,Cost,Parameters
Sun Aug 11 13:49:03 2024,0,0.8676869271913347,[-2.91925597  2.22136211 -2.14035216 -0.1004585 ]
