{"MSE_train": [750.7411192316895], "R2_train": -0.0006795700979165264, "MAE_train": 19.99048497224772, "MSE_test": 777.416041185874, "R2_test": -0.005416095450679892, "MAE_test": 20.606323734049653}