{"MSE_train": [750.7324301734118], "R2_train": -0.0006679882584792463, "MAE_train": 19.98889242383541, "MSE_test": 777.1779624866801, "R2_test": -0.0051081931905356814, "MAE_test": 20.600419153351705}