Time,Iteration,Cost,Parameters
Wed Mar 19 10:47:54 2025,998,0.10828341252486476,[-1.61584491  2.35777809 -1.90005353  0.05324583  0.38625237 -2.88473565
  3.04319912  2.2409219   1.27723147 -0.73677166  0.90176099  1.18714015
  1.6454634  -2.00635202  0.80149812  2.8690861  -0.40900877 -0.6524697
 -1.59685238  0.50019105]
Wed Mar 19 10:48:24 2025,999,0.10235382802672584,[-1.61499223  2.35863078 -1.90090622  0.05409852  0.38539969 -2.88558833
  3.04405181  2.24006921  1.27637878 -0.73762434  0.9009083   1.18628747
  1.64461072 -2.00720471  0.80235081  2.86993879 -0.40986145 -0.65161702
 -1.59770506  0.50104373]
