{"MSE_train": [933.9938447938705], "R2_train": -0.24494121227691878, "MAE_train": 22.891342902680016, "MSE_test": 998.7865175480583, "R2_test": -0.2917099563962502, "MAE_test": 23.941051192524192}