{"MSE_train": [0.06009102894244778], "R2_train": 0.8803446148764469, "MAE_train": 0.2021076727204024, "MSE_test": 0.0895686069097343, "R2_test": 0.8329576874592157, "MAE_test": 0.280260816032727}