{"MSE_train": [840.6124229484781], "R2_train": -0.1204710338444237, "MAE_train": 22.08208564438808, "MSE_test": 844.6378802131607, "R2_test": -0.09235271026600156, "MAE_test": 22.285628388152187}