{"MSE_train": [807.363665230706], "R2_train": -0.07615302364490262, "MAE_train": 21.4154412148849, "MSE_test": 830.3230427634942, "R2_test": -0.0738396269062851, "MAE_test": 21.870683730961574}