Time,Iteration,Cost,Parameters
Mon Nov  4 14:16:59 2024,330,0.12216012352717218,[-2.87617685  2.24362515 -2.12704972 -0.10577337  0.55753557 -2.78529078
  3.06512845  2.1840406   1.18559064 -1.07430798  0.60895088  1.14085843
  1.30346271 -1.87872541  0.73451528  2.88451988]
