{"MSE_train": [70.26311183014894], "R2_train": 0.6595988046017383, "MAE_train": 7.269673768638495, "MSE_test": 106.30282668064942, "R2_test": 0.35922634265778375, "MAE_test": 7.4570328560927}