{"MSE_train": [202.27046708609237], "R2_train": 0.020067472156468424, "MAE_train": 12.665504299116332, "MSE_test": 166.30461463066132, "R2_test": -0.0024532693745833445, "MAE_test": 10.926216736653164}