{"MSE_train": [228.77309839163405], "R2_train": -0.10832888181393407, "MAE_train": 13.468675385748952, "MSE_test": 200.4137962106918, "R2_test": -0.2080570685627796, "MAE_test": 11.976916783568488}