{"MSE_train": [0.17421437728750594], "R2_train": 0.7488355186315276, "MAE_train": 0.3377261865528244, "MSE_test": 0.33636215382336954, "R2_test": 0.42126434916077615, "MAE_test": 0.4214494032646755}