{"MSE_train": [0.0959971759169287], "R2_train": 0.4579382076866142, "MAE_train": 0.24764220067706333, "MSE_test": 0.45635630149407175, "R2_test": 0.20126403936591353, "MAE_test": 0.5530166440486839}