{"MSE_train": [9.515306830103303e-07], "R2_train": 0.9999986281803246, "MAE_train": 0.0006560516444921796, "MSE_test": 0.09529107874087492, "R2_test": 0.836044739732427, "MAE_test": 0.24200107233659912}