{"MSE_train": [0.09793816402814558], "R2_train": 0.4469781405348924, "MAE_train": 0.21799347129900476, "MSE_test": 0.5133895818613583, "R2_test": 0.10144174736920797, "MAE_test": 0.5838589256728601}