{"MSE_train": [4.969345315594995e-10], "R2_train": 0.9999999992835706, "MAE_train": 2.1004915877156916e-05, "MSE_test": 0.1805052681395776, "R2_test": 0.6894275035130033, "MAE_test": 0.34612138330976855}