{"MSE_train": [0.1416545238203043], "R2_train": 0.20012745856419978, "MAE_train": 0.2748940075975544, "MSE_test": 0.6502887704627291, "R2_test": -0.13816556069151664, "MAE_test": 0.6395592647000458}