{"MSE_train": [0.0], "R2_train": 1.0, "MAE_train": 0.0, "MSE_test": 0.17534315822094698, "R2_test": 0.6983092906269932, "MAE_test": 0.33642628817710646}