{"MSE_train": [0.23426752719981006], "R2_train": 0.6622570255868626, "MAE_train": 0.4693994782149686, "MSE_test": 0.19785846423605086, "R2_test": 0.6595700622911622, "MAE_test": 0.3908330754066987}