{"MSE_train": [0.011287843380587147], "R2_train": 0.9362615769079635, "MAE_train": 0.0851966719510588, "MSE_test": 0.17394912014219024, "R2_test": 0.695546183709197, "MAE_test": 0.34347000174721287}