{"MSE_train": [0.17709637033674053], "R2_train": 0.0, "MAE_train": 0.28868985694208477, "MSE_test": 0.748087506184306, "R2_test": -0.30933744298968957, "MAE_test": 0.7003382906618711}