{"MSE_train": [0.17421462385602954], "R2_train": 0.748835163154234, "MAE_train": 0.33778141199761724, "MSE_test": 0.336187944313374, "R2_test": 0.42156408934558476, "MAE_test": 0.4213703102713285}