{"MSE_train": [0.005694064250486842], "R2_train": 0.9917908801981818, "MAE_train": 0.06693253256263934, "MSE_test": 0.13895608099170026, "R2_test": 0.760915914419346, "MAE_test": 0.2967095160770389}