{"MSE_train": [0.026263235397074425], "R2_train": 0.8517008827050713, "MAE_train": 0.11548061791503943, "MSE_test": 0.2573354676488343, "R2_test": 0.5495995315835829, "MAE_test": 0.42055872265520255}