{"MSE_train": [0.17421427677254397], "R2_train": 0.7488356635437254, "MAE_train": 0.3376677360222571, "MSE_test": 0.3365467557151599, "R2_test": 0.4209467281241135, "MAE_test": 0.4215331151739707}