{"MSE_train": [0.14306142841399555], "R2_train": 0.19218317042878474, "MAE_train": 0.27070233061104887, "MSE_test": 0.6430383158743608, "R2_test": -0.12547547885915367, "MAE_test": 0.6525886734098456}