{"MSE_train": [0.22005849104540753], "R2_train": 0.6827421614983309, "MAE_train": 0.3196371653680816, "MSE_test": 0.4271528610987912, "R2_test": 0.26505230667044766, "MAE_test": 0.5058855883442861}