{"MSE_train": [0.010869610909440068], "R2_train": 0.938623186411037, "MAE_train": 0.0928965850552124, "MSE_test": 0.2235294607809896, "R2_test": 0.6087683724265558, "MAE_test": 0.39555393187938237}