{"MSE_train": [0.0009687164288192493], "R2_train": -1.4846373884667252, "MAE_train": 0.02341208313022601, "MSE_test": 0.0009662187300016317, "R2_test": -1.4868922444698476, "MAE_test": 0.023369520209481624}