{"MSE_train": [862.9161464723284], "R2_train": -0.1502001640275028, "MAE_train": 22.541534568338477, "MSE_test": 890.8546646317815, "R2_test": -0.15212392216892878, "MAE_test": 23.251036237113127}