{"MSE_train": [1507.767115262885], "R2_train": -1.0097363925571852, "MAE_train": 31.47888165078613, "MSE_test": 1535.492516928801, "R2_test": -0.9858207306982745, "MAE_test": 31.769723160893655}