{"MSE_train": [1459.217240942463], "R2_train": -0.9450231830116795, "MAE_train": 31.62495959228332, "MSE_test": 1481.0309377967046, "R2_test": -0.9153866962274333, "MAE_test": 32.08172032729774}