{"MSE_train": [0.6018091133871208], "R2_train": -0.19834362134433303, "MAE_train": 0.7023918029820855, "MSE_test": 0.5782083890155046, "R2_test": -0.07833837952808942, "MAE_test": 0.7138798023128832}