{"MSE_train": [0.12203380668221922], "R2_train": 0.757001961962754, "MAE_train": 0.29477534842884523, "MSE_test": 0.147332621183871, "R2_test": 0.7252298254448517, "MAE_test": 0.33651317382053925}