{"MSE_train": [1276.4721136336473], "R2_train": -0.7014381298577725, "MAE_train": 26.431011116979274, "MSE_test": 1252.993680563379, "R2_test": -0.6204708253958005, "MAE_test": 26.7874694519593}