{"MSE_train": [0.0012204248075729479], "R2_train": -2.1302381341917425, "MAE_train": 0.030156397190056215, "MSE_test": 0.0012046549389261919, "R2_test": -2.1005888541125524, "MAE_test": 0.02997068182740964}