{"MSE_train": [1.0861838901260072], "R2_train": 0.850858775322555, "MAE_train": 0.6293908565555512, "MSE_test": 2.00554981925243, "R2_test": 0.8000654183485395, "MAE_test": 0.9817536679817517, "BATCH_SIZE": 32, "NUM_CORES": 16, "TOLERANCE": 1e-06, "MAX_ITER": 1000, "NUM_QUBITS": 5}