{"MSE_train": [4.069289286755439], "R2_train": 0.44125594817733227, "MAE_train": 1.2753808499205108, "MSE_test": 3.6925273343150726, "R2_test": 0.6318895194046812, "MAE_test": 1.496331646099219}