{"MSE_train": [1806.8841584162597], "R2_train": -1.4084361659997326, "MAE_train": 33.843756637368266, "MSE_test": 1750.941186166778, "R2_test": -1.2644560409047183, "MAE_test": 33.406384355098474}