{"MSE_train": [0.0005243338685933307], "R2_train": -0.34485128484330785, "MAE_train": 0.018737007711390082, "MSE_test": 0.0005205334052765991, "R2_test": -0.33976960741349727, "MAE_test": 0.01872226775963275}