{"MSE_train": [0.5008401880168721], "R2_train": 0.0027092789523059935, "MAE_train": 0.616933155811935, "MSE_test": 0.5909725854986678, "R2_test": -0.1021431585889192, "MAE_test": 0.6862973210677187}