Time,Iteration,Cost,Parameters
Fri Apr  5 04:23:20 2024,0,0.3032996818698616,[ 1.35806314  2.23743464 -2.12427933 -0.11653103  0.55388693 -2.77010912
  3.06858483  2.18960145  1.18552014 -1.06648308  0.6027151   1.1443243
  1.31029899 -1.8735468 ]
Fri Apr  5 04:24:14 2024,1,0.2944538630587846,[ 1.49857934  2.23743463 -2.12427932 -0.11653103  0.55388692 -2.77010913
  3.06858483  2.18960145  1.18552014 -1.06648309  0.6027151   1.1443243
  1.31029898 -1.8735468 ]
Fri Apr  5 04:24:33 2024,2,0.29444349846794304,[ 1.50366421  2.23743464 -2.12427932 -0.11653103  0.55388692 -2.77010913
  3.06858483  2.18960145  1.18552014 -1.06648308  0.6027151   1.1443243
  1.31029899 -1.8735468 ]
Fri Apr  5 04:24:50 2024,3,0.2944434891760408,[ 1.50351638  2.23743464 -2.12427932 -0.11653103  0.55388692 -2.77010913
  3.06858483  2.18960145  1.18552014 -1.06648309  0.6027151   1.14432429
  1.31029898 -1.8735468 ]
