Time,Iteration,Cost,Parameters
Thu Apr  4 22:12:14 2024,0,0.12907409442740783,[ 1.99300953e-03  2.23743464e+00 -2.12427964e+00 -1.16531027e-01
  5.53887079e-01]
Thu Apr  4 22:12:22 2024,1,0.119570894640296,[ 0.62301173  2.23743419 -2.12427919 -0.11653103  0.55388708]
Thu Apr  4 22:12:25 2024,2,0.119570867593501,[ 0.62341246  2.23743419 -2.12427919 -0.11653103  0.55388708]
Thu Apr  4 22:12:26 2024,3,0.11957086498638361,[ 0.62358148  2.23743419 -2.12427919 -0.11653102  0.55388708]
