{"MSE_train": [844.4965206368009], "R2_train": -0.12564823422069593, "MAE_train": 21.768001247008943, "MSE_test": 846.8131833310838, "R2_test": -0.09516598482090766, "MAE_test": 22.26987720622343}