{"MSE_train": [835.6643167484959], "R2_train": -0.1138755928086852, "MAE_train": 21.96282084692655, "MSE_test": 849.1668780942248, "R2_test": -0.09820996960289152, "MAE_test": 22.35475949724119}