{"MSE_train": [835.9173126774862], "R2_train": -0.11421281672112715, "MAE_train": 21.957497463809077, "MSE_test": 850.8792997780383, "R2_test": -0.10042460916767149, "MAE_test": 22.37450671669136}