{"MSE_train": [0.07852555775558698], "R2_train": 0.9892178497963278, "MAE_train": 0.2104116748361194, "MSE_test": 5.483851366050248, "R2_test": 0.4533112475267581, "MAE_test": 1.2144479121715532, "BATCH_SIZE": 32, "NUM_CORES": 16, "TOLERANCE": 1e-06, "MAX_ITER": 1000, "NUM_QUBITS": 5}