{"MSE_train": [2.851920751604077], "R2_train": 0.6084098121470867, "MAE_train": 1.1880683344293061, "MSE_test": 8.616970900655872, "R2_test": 0.1409684987194051, "MAE_test": 2.0386703401091855}