{"MSE_train": [121.72562379493306], "R2_train": 0.4102802057705779, "MAE_train": 10.389113410321466, "MSE_test": 112.94895638176058, "R2_test": 0.3191647095974942, "MAE_test": 9.336091490092992, "hyperparameters": {"alpha": 0.001, "beta": 0.001}}