{"MSE_train": [875.528652319699], "R2_train": -0.16701165417489294, "MAE_train": 22.67268734094215, "MSE_test": 881.8249236265169, "R2_test": -0.14044594478812322, "MAE_test": 22.860339828136112}