{"MSE_train": [58.35301618268791], "R2_train": 0.7172992207959974, "MAE_train": 5.011590471905807, "MSE_test": 77.78321143516568, "R2_test": 0.5311372761435065, "MAE_test": 5.150322351467695}