{"MSE_train": [177.27142390832006], "R2_train": 0.14117944627593892, "MAE_train": 10.507566144965415, "MSE_test": 144.47361131567794, "R2_test": 0.1291399560776082, "MAE_test": 8.981926749007625}