{"MSE_train": [2.3692445104512228], "R2_train": 0.9885218055030363, "MAE_train": 1.1378145692389272, "MSE_test": 1.7527889684814042, "R2_test": 0.9894345142744226, "MAE_test": 1.1771233276961397, "hyperparameters": {"alpha": 0.001, "beta": 0.001}}