{"MSE_train": [0.0007271067425821438], "R2_train": -0.8649385354472336, "MAE_train": 0.017360406531637573, "MSE_test": 0.0007177838633138447, "R2_test": -0.847460691305157, "MAE_test": 0.01727123488957633}