{"MSE_train": [42.95547849449169], "R2_train": 0.791895123236555, "MAE_train": 4.360837890250456, "MSE_test": 72.86227596162028, "R2_test": 0.5607997594413541, "MAE_test": 5.96903034921651}