{"MSE_train": [761.2282652306924], "R2_train": -0.014658120734087898, "MAE_train": 20.1564305689243, "MSE_test": 775.0263842175715, "R2_test": -0.002325601492165319, "MAE_test": 20.536347416742824}