{"MSE_train": [180.29505849261568], "R2_train": 0.12653095149492466, "MAE_train": 11.954654824063983, "MSE_test": 165.27987760776, "R2_test": 0.0037236547061944014, "MAE_test": 11.031865462107646, "MAX_ITER": 1000}