{"MSE_train": [21.608221139040257], "R2_train": 0.8953154206443336, "MAE_train": 3.960131334674446, "MSE_test": 28.64798040944688, "R2_test": 0.8273153051933755, "MAE_test": 5.05666300710899}