{"MSE_train": [0.09470755865128158], "R2_train": 0.8114149548781386, "MAE_train": 0.2488521255265069, "MSE_test": 0.05723490014543858, "R2_test": 0.8932589172904074, "MAE_test": 0.21928869900357192}