{"MSE_train": [863.4699971387686], "R2_train": -0.15093840392484448, "MAE_train": 22.391460729038137, "MSE_test": 866.0872908065238, "R2_test": -0.12009278958775238, "MAE_test": 22.45903663846467}