{"MSE_train": [1.3213418441323803], "R2_train": 0.8185698180180198, "MAE_train": 0.7112235910228493, "MSE_test": 6.8679284506476765, "R2_test": 0.31533169188275556, "MAE_test": 1.5326737088299107, "hyperparameters": {"alpha": 0.001, "beta": 0.001}}