{"MSE_train": [0.0002084547808921697], "R2_train": 0.4653393635115439, "MAE_train": 0.008858178940069397, "MSE_test": 0.00020823362328181786, "R2_test": 0.46404000802537315, "MAE_test": 0.008889494290303944}