{"MSE_train": [8.645147230991086], "R2_train": -0.18704379365933743, "MAE_train": 2.622703053013989, "MSE_test": 11.265582095977376, "R2_test": -0.12307329481298868, "MAE_test": 2.870659540223992}