{"MSE_train": [8.641970465863144], "R2_train": -0.18660759989325348, "MAE_train": 2.6225380704549046, "MSE_test": 11.064057909766275, "R2_test": -0.10298321603459848, "MAE_test": 2.8552103486376983, "BATCH_SIZE": 32, "NUM_CORES": 16, "TOLERANCE": 1e-06, "MAX_ITER": 1000, "NUM_QUBITS": 5}