{"MSE_train": [0.23261849222095413], "R2_train": 0.9680597299151352, "MAE_train": 0.37497602756179793, "MSE_test": 0.7944931548814294, "R2_test": 0.9207964544080097, "MAE_test": 0.6328889715219751}