{"MSE_train": [0.2593242873987684], "R2_train": 0.96439282320163, "MAE_train": 0.39849533116001695, "MSE_test": 0.8071118414240377, "R2_test": 0.9195384892402196, "MAE_test": 0.621141179561562}