{"MSE_train": [1860.276907428607], "R2_train": -1.479604551158522, "MAE_train": 37.36563590073164, "MSE_test": 1881.4362652381394, "R2_test": -1.4332226290951549, "MAE_test": 37.16768375368519}