{"MSE_train": [1153.1235814011343], "R2_train": -0.5370241220930705, "MAE_train": 26.314610740281648, "MSE_test": 1137.8190976023752, "R2_test": -0.47151791812214383, "MAE_test": 26.693958054632485}