{"MSE_train": [1.2545024025431573], "R2_train": 0.8277473765014335, "MAE_train": 0.7143998638042651, "MSE_test": 2.8211821872180627, "R2_test": 0.7187544906891186, "MAE_test": 1.008575427690727}