{"MSE_train": [1520.3692945889193], "R2_train": -1.026534118254132, "MAE_train": 33.15420564442302, "MSE_test": 1606.4938055163252, "R2_test": -1.077645229501699, "MAE_test": 34.38127136210764}