Time,Iteration,Cost,Parameters
Tue Apr  2 12:07:54 2024,0,0.15198260393014915,[-3.80861524  2.23743378 -2.12428049 -0.11653017  0.55388622 -2.77010983
  3.06858498  2.18960145  1.18552084 -1.06648394  0.6027151   1.14432531
  1.31029813 -1.8735468   0.7296508   2.88578419 -0.54534335 -0.47522485
 -2.02654326  0.7289737   1.60512578  2.83076936 -1.2645671  -0.25136105
 -2.39279132 -2.27309689  3.13337069  2.54856873 -0.67550873 -2.69002287]
Tue Apr  2 12:09:52 2024,1,0.1519815889944661,[-3.80604966  2.23743378 -2.12428049 -0.11653017  0.55388623 -2.77010983
  3.06858498  2.18960145  1.18552084 -1.06648394  0.6027151   1.14432531
  1.31029813 -1.8735468   0.7296508   2.88578419 -0.54534335 -0.47522485
 -2.02654326  0.7289737   1.60512578  2.83076936 -1.2645671  -0.25136105
 -2.39279133 -2.27309689  3.13337069  2.54856873 -0.67550873 -2.69002287]
