{"MSE_train": [1093.3598707082976], "R2_train": -0.4573637401164341, "MAE_train": 26.203854552710634, "MSE_test": 1085.992484184404, "R2_test": -0.40449163033980806, "MAE_test": 26.582795223203938}