{"MSE_train": [7.967880009483707], "R2_train": -0.09404990582163175, "MAE_train": 2.0251563844942213, "MSE_test": 19.923744455884723, "R2_test": -0.9862111997809908, "MAE_test": 3.226397227294791, "BATCH_SIZE": 32, "NUM_CORES": 16, "TOLERANCE": 1e-06, "MAX_ITER": 1000, "NUM_QUBITS": 5}