{"MSE_train": [1073.758972471864], "R2_train": -0.43123726599864387, "MAE_train": 25.84281369259703, "MSE_test": 1107.2746485785408, "R2_test": -0.432015413609385, "MAE_test": 26.43676622754341}