Time,Iteration,Cost,Parameters
Wed Mar 19 10:54:06 2025,999,0.12965459261747225,[-2.99315507  2.2778606  -2.04372475 -0.13917797  0.61598411 -2.66732657
  3.11004443  2.25335602  1.2379173  -1.02479089  0.75076565  1.06949724
  1.54478773 -1.908127    0.74990637  2.95233615 -0.44508101 -0.44136608
 -2.02792665  0.84644644  1.49005736  2.91410521 -1.357259   -0.22332588]
