{"MSE_train": [0.05000331831106404], "R2_train": 0.900431621570395, "MAE_train": 0.18243971647139853, "MSE_test": 0.03626187470347228, "R2_test": 0.9323728746430477, "MAE_test": 0.15862479806520652}