{"MSE_train": [839.3741042478264], "R2_train": -0.11882045124908047, "MAE_train": 22.013157614861985, "MSE_test": 865.3402346816266, "R2_test": -0.11912663734444262, "MAE_test": 22.640545718962496}