{"MSE_train": [789.2529883639565], "R2_train": -0.05201289880433402, "MAE_train": 20.825150862513368, "MSE_test": 808.0768916990214, "R2_test": -0.045069139603334696, "MAE_test": 21.21376945837463}