{"MSE_train": [3.0872680327467448], "R2_train": 0.5760948588015233, "MAE_train": 1.3144957754299718, "MSE_test": 14.075701558567522, "R2_test": -0.40321595382358066, "MAE_test": 2.486165713585518, "hyperparameters": {"alpha": 0.001, "beta": 0.001}}