{"MSE_train": [761.2078911398356], "R2_train": -0.014630963654293838, "MAE_train": 20.136653057911598, "MSE_test": 772.0931631819258, "R2_test": 0.0014678726381782692, "MAE_test": 20.412111955612914}