{"MSE_train": [0.3708992044194536], "R2_train": 0.2614523677180791, "MAE_train": 0.5211283828970534, "MSE_test": 0.4617652462140362, "R2_test": 0.13882400050843813, "MAE_test": 0.5951165734864409}