Time,Iteration,Cost,Parameters
Mon Apr  1 17:04:22 2024,0,0.2574541210261071,[-1.9259647   2.2374346  -2.12427964 -0.11653103  0.55388708 -2.77010901
  3.06858495  2.18960145  1.18551995 -1.06648316  0.6027151   1.14432445
  1.31029899 -1.8735468   0.72965073  2.88578416 -0.54534339 -0.47522485
 -2.0265424   0.7289737 ]
Mon Apr  1 17:04:32 2024,1,0.2565881280393544,[-1.96351444  2.2374346  -2.12427964 -0.11653103  0.55388708 -2.77010901
  3.06858495  2.18960145  1.18551995 -1.06648316  0.6027151   1.14432445
  1.31029899 -1.8735468   0.72965073  2.88578416 -0.54534339 -0.47522485
 -2.0265424   0.7289737 ]
Mon Apr  1 17:04:36 2024,2,0.25658811170482165,[-1.96367587  2.2374346  -2.12427963 -0.11653103  0.55388708 -2.77010901
  3.06858494  2.18960145  1.18551994 -1.06648316  0.6027151   1.14432445
  1.31029898 -1.8735468   0.72965073  2.88578416 -0.54534339 -0.47522485
 -2.0265424   0.7289737 ]
