{"MSE_train": [1054.7959342771387], "R2_train": -0.4059610097468642, "MAE_train": 24.87667129756645, "MSE_test": 1029.9645837393057, "R2_test": -0.33203190489359535, "MAE_test": 24.50044278224496}