{"MSE_train": [761.5528993979884], "R2_train": -0.015090832851017755, "MAE_train": 20.167028438793746, "MSE_test": 777.5355437754856, "R2_test": -0.005570645679486841, "MAE_test": 20.593804171064413}