Time,Iteration,Cost,Parameters
Wed Mar 19 10:26:29 2025,998,0.16016621815874654,[-1.65596968  1.97985271 -1.67419863 -0.45096578  0.6136826  -2.63458359
  3.16739198  2.32053623  1.11662132 -0.99476631  0.24830893  1.05594087
  1.46127803 -2.01088588  0.75272042  2.89967578 -0.58743443 -0.36627887
 -2.05503897  0.95697364]
Wed Mar 19 10:27:51 2025,999,0.15534494907462532,[-1.65543658  1.98038581 -1.67366552 -0.45149888  0.6131495  -2.63405049
  3.16685887  2.32106933  1.11715442 -0.99529941  0.24884203  1.05647397
  1.46181113 -2.01035278  0.75218732  2.89914267 -0.58796754 -0.36574577
 -2.05450586  0.95750674]
