{"MSE_train": [0.00046346323020515323], "R2_train": -0.1887256535443227, "MAE_train": 0.014499009386891365, "MSE_test": 0.00046206133052622607, "R2_test": -0.18927185292004212, "MAE_test": 0.014451113484465455}