{"MSE_train": [0.0006236070949787611], "R2_train": -0.5994747872562984, "MAE_train": 0.019098507321234765, "MSE_test": 0.0006204770988063399, "R2_test": -0.5970086658225224, "MAE_test": 0.01903181240270909}