{"MSE_train": [0.11596709886585324], "R2_train": 0.769082205436278, "MAE_train": 0.2846247646327903, "MSE_test": 0.1652682536209727, "R2_test": 0.6917804995868053, "MAE_test": 0.3533069774896144}