{"MSE_train": [11.884198696420096], "R2_train": 0.9424250458421052, "MAE_train": 2.307630119892155, "MSE_test": 17.850694050301236, "R2_test": 0.8923993380997215, "MAE_test": 3.159751130433873}