{"MSE_train": [0.0002861586512811629], "R2_train": 0.26603858172095374, "MAE_train": 0.010593785215044314, "MSE_test": 0.00028518994965032673, "R2_test": 0.2659667506290775, "MAE_test": 0.010614273657558113}