{"MSE_train": [762.8459676723422], "R2_train": -0.016814392373388998, "MAE_train": 20.18077869037191, "MSE_test": 776.9004437105643, "R2_test": -0.004749283894206924, "MAE_test": 20.567750453257105}