{"MSE_train": [0.0004354385133337917], "R2_train": -0.11684573361290251, "MAE_train": 0.013402547718939123, "MSE_test": 0.0004358528089684439, "R2_test": -0.12181531644722998, "MAE_test": 0.013408148848650719}