{"MSE_train": [0.1157026506440619], "R2_train": 0.7696087841016889, "MAE_train": 0.2832198646718077, "MSE_test": 0.16996471618082692, "R2_test": 0.6830217615219174, "MAE_test": 0.3554935396168997}