{"MSE_train": [0.21711928888409612], "R2_train": 0.5676643820817182, "MAE_train": 0.38922030446706807, "MSE_test": 0.21011219162661315, "R2_test": 0.6081481269693894, "MAE_test": 0.4149259376945064}