{"MSE_train": [0.14326593419483508], "R2_train": 0.714723797663926, "MAE_train": 0.31865215555932486, "MSE_test": 0.1803705566578796, "R2_test": 0.6636152337529959, "MAE_test": 0.36860912790389355}