{"MSE_train": [0.43748237853426597], "R2_train": 0.12886959318967328, "MAE_train": 0.5706732372370578, "MSE_test": 0.42926183110804894, "R2_test": 0.1994417304486713, "MAE_test": 0.5867220795407111, "hyperparameters": {"alpha": 0.001, "beta": 0.001}}