Time,Iteration,Cost,Parameters
Thu Apr  4 23:58:11 2024,0,0.2752326878922806,[-1.70282185  2.23743464 -2.12427964 -0.11653103  0.55388708 -2.77010902
  3.06858496  2.18960147  1.18551998 -1.06648311]
Thu Apr  4 23:58:32 2024,1,0.2613945012186439,[-1.5721053   2.23743464 -2.12427963 -0.11653103  0.55388708 -2.77010902
  3.06858496  2.18960148  1.18551998 -1.06648311]
Thu Apr  4 23:58:42 2024,2,0.2611032528889736,[-1.54990574  2.23743464 -2.12427963 -0.11653103  0.55388707 -2.77010903
  3.06858495  2.18960147  1.18551998 -1.06648311]
Thu Apr  4 23:58:52 2024,3,0.26110316502005515,[-1.55028483  2.23743464 -2.12427963 -0.11653102  0.55388707 -2.77010902
  3.06858496  2.18960148  1.18551999 -1.06648311]
