{"MSE_train": [0.20058994819554163], "R2_train": 0.60057819069401, "MAE_train": 0.3801902762358116, "MSE_test": 0.2163685400549718, "R2_test": 0.596480256433152, "MAE_test": 0.4008967020345919}