{"MSE_train": [5.876676738237865], "R2_train": 0.19308804545741232, "MAE_train": 1.9463672573902175, "MSE_test": 13.717823490942033, "R2_test": -0.3675388536857209, "MAE_test": 2.8684761744541913, "BATCH_SIZE": 32, "NUM_CORES": 16, "TOLERANCE": 1e-06, "MAX_ITER": 1000, "NUM_QUBITS": 5}