{"MSE_train": [0.4042210149567964], "R2_train": 0.19510079839017658, "MAE_train": 0.5387859135482376, "MSE_test": 0.49916859555883863, "R2_test": 0.06906806495366058, "MAE_test": 0.6291660632285838}