{"MSE_train": [862.3066506563733], "R2_train": -0.14938775347017175, "MAE_train": 21.577206158761037, "MSE_test": 878.4098187367748, "R2_test": -0.1360292602306996, "MAE_test": 21.801617546373436, "BATCH_SIZE": 25, "NUM_CORES": 16, "TOLERANCE": 1e-06, "MAX_ITER": 1000}