{"MSE_train": [0.0005373981460496242], "R2_train": -0.3783595347867663, "MAE_train": 0.016178161077005853, "MSE_test": 0.0005323578834173754, "R2_test": -0.370203920131851, "MAE_test": 0.01611998056951612}