{"MSE_train": [128.32535643352722], "R2_train": 0.37830671611192024, "MAE_train": 8.684414930815638, "MSE_test": 125.81041483977222, "R2_test": 0.24163823140088692, "MAE_test": 7.888229632101864}