Time,Iteration,Cost,Parameters
Mon Nov  4 14:15:03 2024,345,0.11435999734229206,[-1.70202993  2.2511275  -2.16449326  0.00340041  0.49462221 -2.77277329
  3.00306585  2.23105868  1.12813292 -1.10889154  0.67501372  1.15366735
  1.43996277 -1.88217521  0.73227075  2.82415859]
