{"MSE_train": [184.38864046631073], "R2_train": 0.10669892070364584, "MAE_train": 11.92718665403866, "MSE_test": 179.62292071069544, "R2_test": -0.08273354002198663, "MAE_test": 11.734779617194294, "hyperparameters": {"alpha": 0.001, "beta": 0.001}}