{"MSE_train": [91.94770492475277], "R2_train": 0.5545442287530102, "MAE_train": 8.573808300062566, "MSE_test": 97.7238878279836, "R2_test": 0.4109385896072675, "MAE_test": 8.915408734778534}