Time,Iteration,Cost,Parameters
Thu Apr  4 12:09:11 2024,0,0.1425302901217258,[-2.92840093  2.23743463 -2.12427964 -0.11653103  0.55388708]
Thu Apr  4 12:09:13 2024,1,0.1415226038634954,[-2.98315918  2.23743463 -2.12427964 -0.11653103  0.55388708]
Thu Apr  4 12:09:16 2024,2,0.14063081128013538,[-3.09965233  2.23743463 -2.12427966 -0.11653104  0.55388708]
Thu Apr  4 12:09:19 2024,3,0.1406298517187819,[-3.10355843  2.23743463 -2.12427966 -0.11653104  0.55388708]
