{"MSE_train": [0.5939551034453086], "R2_train": -0.1827044385762724, "MAE_train": 0.6702961301569006, "MSE_test": 0.7852505493130135, "R2_test": -0.46446475173336, "MAE_test": 0.8194140663808593}