{"MSE_train": [0.5944297249642789], "R2_train": -0.18364952175490656, "MAE_train": 0.6697728992919388, "MSE_test": 0.7980333086833038, "R2_test": -0.4883041499280596, "MAE_test": 0.8247360711980327}