{"MSE_train": [910.1320665524796], "R2_train": -0.21313531623541304, "MAE_train": 23.4898777619788, "MSE_test": 939.4327743223938, "R2_test": -0.21494898723319933, "MAE_test": 23.988871193870498}