{"MSE_train": [3.2880450219713993], "R2_train": 0.5485266667741666, "MAE_train": 1.4516645463333102, "MSE_test": 5.464322750635878, "R2_test": 0.4552580680522935, "MAE_test": 1.7888459020602103}