{"MSE_train": [0.0004635659237095957], "R2_train": -0.18898904963537633, "MAE_train": 0.01449132055268277, "MSE_test": 0.00046216302937233044, "R2_test": -0.18953360946004216, "MAE_test": 0.014442852383413935}