{"MSE_train": [3.3322157924455014], "R2_train": 0.9838565328302652, "MAE_train": 1.3876640247387004, "MSE_test": 4.766285009398753, "R2_test": 0.9712697209211298, "MAE_test": 1.6681960476252748}