{"MSE_train": [6.032761254558987], "R2_train": 0.1716564663952167, "MAE_train": 2.0004828827505627, "MSE_test": 9.998409633190347, "R2_test": 0.0032519621292759204, "MAE_test": 2.7572144935628566}