{"MSE_train": [3.9354465875819664], "R2_train": 0.4596335583134491, "MAE_train": 1.4476402338112966, "MSE_test": 6.004441527134523, "R2_test": 0.4014132716853761, "MAE_test": 1.913747851013575}