{"MSE_train": [155.74863816444594], "R2_train": 0.2454501198155039, "MAE_train": 8.879212367370075, "MSE_test": 65.19050933272572, "R2_test": 0.6070437410415872, "MAE_test": 6.06286285333321}