{"MSE_train": [0.17562264845987602], "R2_train": 0.9758856883162171, "MAE_train": 0.3118142498066897, "MSE_test": 9.748432891789, "R2_test": 0.02817230802888737, "MAE_test": 1.520775099224844, "BATCH_SIZE": 32, "NUM_CORES": 16, "TOLERANCE": 1e-06, "MAX_ITER": 1000, "NUM_QUBITS": 5}