{"MSE_train": [3.9415562023217277], "R2_train": 0.4587946622177893, "MAE_train": 1.381709061178546, "MSE_test": 6.028612064500459, "R2_test": 0.3990036949049045, "MAE_test": 1.859773572551869, "hyperparameters": {"alpha": 0.001, "beta": 0.001}}