{"MSE_train": [33.54418962438732], "R2_train": 0.8374896592338528, "MAE_train": 3.07424086798607, "MSE_test": 63.476944665498976, "R2_test": 0.61737278997845, "MAE_test": 4.158504265046803}