{"MSE_train": [0.0006726482637529253], "R2_train": -0.7252592974446053, "MAE_train": 0.021241185925187648, "MSE_test": 0.0006708222236801539, "R2_test": -0.7265889530886809, "MAE_test": 0.021238065383732595}