{"MSE_train": [784.9938959684079], "R2_train": -0.0463358596250405, "MAE_train": 20.596034723276595, "MSE_test": 816.8637968485779, "R2_test": -0.056433062391815225, "MAE_test": 21.355132927296573}