{"MSE_train": [858.3903719078877], "R2_train": -0.1441676582415674, "MAE_train": 22.281575597332658, "MSE_test": 869.6186563626416, "R2_test": -0.12465983166167849, "MAE_test": 22.930975350961347}