{"MSE_train": [4.522018718629811], "R2_train": 0.3790927891293421, "MAE_train": 1.688589337008343, "MSE_test": 8.238495606627582, "R2_test": 0.17869894991565893, "MAE_test": 2.4052067565452546}