{"MSE_train": [0.4892763203952139], "R2_train": 0.025735661727553816, "MAE_train": 0.6020776306060706, "MSE_test": 0.6614229920290119, "R2_test": -0.23353069750784883, "MAE_test": 0.7379989539314035}