Time,Iteration,Cost,Parameters
Mon Apr  1 18:48:00 2024,0,0.19545071190069796,[-3.3791165   2.09729503 -1.24453614 -0.11653104  0.55388707 -2.77010897
  3.06858497  2.18960145  1.18551998 -1.0664831   0.60271509  1.14432444
  1.31029899 -1.8735468   0.7296508 ]
Mon Apr  1 18:48:07 2024,1,0.14999434758394353,[-3.49413072  2.25504862 -0.92326257 -0.11653104  0.55388707 -2.77010897
  3.06858497  2.18960145  1.18551998 -1.0664831   0.60271508  1.14432444
  1.31029899 -1.8735468   0.7296508 ]
Mon Apr  1 18:48:14 2024,2,0.14634768310025753,[-3.46303903  2.30700388 -0.9214016  -0.11653104  0.55388707 -2.77010898
  3.06858498  2.18960145  1.18551998 -1.0664831   0.60271509  1.14432444
  1.31029899 -1.8735468   0.7296508 ]
Mon Apr  1 18:48:22 2024,3,0.13996374475492843,[-3.3935362   2.41210679 -0.92997176 -0.11653104  0.55388708 -2.77010898
  3.06858498  2.18960145  1.18551998 -1.0664831   0.60271509  1.14432444
  1.31029899 -1.8735468   0.72965081]
Mon Apr  1 18:48:29 2024,4,0.1371366851361046,[-3.22964584  2.6764674  -0.94387068 -0.11653105  0.55388707 -2.77010898
  3.06858498  2.18960144  1.18551998 -1.0664831   0.60271509  1.14432443
  1.31029899 -1.8735468   0.72965081]
Mon Apr  1 18:48:37 2024,5,0.1349357307644819,[-3.30152765  2.60265717 -0.90915483 -0.11653104  0.55388707 -2.77010898
  3.06858498  2.18960144  1.18551998 -1.0664831   0.60271509  1.14432443
  1.31029899 -1.8735468   0.72965081]
Mon Apr  1 18:48:44 2024,6,0.13480610021949788,[-3.29089399  2.63009978 -0.90352379 -0.11653104  0.55388708 -2.77010898
  3.06858498  2.18960144  1.18551998 -1.0664831   0.60271509  1.14432444
  1.31029899 -1.87354679  0.72965081]
Mon Apr  1 18:48:52 2024,7,0.134786917482123,[-3.28697379  2.64437493 -0.89877477 -0.11653105  0.55388707 -2.77010898
  3.06858498  2.18960144  1.18551998 -1.0664831   0.60271509  1.14432443
  1.31029899 -1.8735468   0.72965081]
Mon Apr  1 18:48:59 2024,8,0.13478653993533946,[-3.28717869  2.64529731 -0.89793932 -0.11653105  0.55388708 -2.77010898
  3.06858498  2.18960144  1.18551998 -1.0664831   0.60271509  1.14432443
  1.31029899 -1.8735468   0.72965081]
Mon Apr  1 18:49:06 2024,9,0.1347865267913433,[-3.28729813  2.64529791 -0.89780076 -0.11653104  0.55388708 -2.77010897
  3.06858498  2.18960144  1.18551998 -1.06648309  0.60271509  1.14432443
  1.31029899 -1.8735468   0.72965081]
