{"MSE_train": [4.424811250726779], "R2_train": 0.39244010622973635, "MAE_train": 1.706986453603721, "MSE_test": 12.608581833373325, "R2_test": -0.2569578226749636, "MAE_test": 2.726746835706994}