{"MSE_train": [756.2469169898721], "R2_train": -0.008018370641228678, "MAE_train": 20.01766503326949, "MSE_test": 777.598898322173, "R2_test": -0.005652580805062923, "MAE_test": 20.53627761928089}