{"MSE_train": [831.7500712279051], "R2_train": -0.10865820771485812, "MAE_train": 21.719917417455477, "MSE_test": 860.4857923476775, "R2_test": -0.11284848742417042, "MAE_test": 22.529489899566347}