{"MSE_train": [27.20087901624578], "R2_train": 0.8682208702142828, "MAE_train": 3.842322943911886, "MSE_test": 43.55784283020879, "R2_test": 0.7374414290967206, "MAE_test": 4.960638110299568, "hyperparameters": {"alpha": 0.001, "beta": 0.001}}