{"MSE_train": [0.0006046742473510159], "R2_train": -0.55091438331706, "MAE_train": 0.020052812745247114, "MSE_test": 0.0006069061075443321, "R2_test": -0.5620791080823222, "MAE_test": 0.020159995511592182}