{"MSE_train": [786.7133178229818], "R2_train": -0.048627715336917454, "MAE_train": 20.944767481674816, "MSE_test": 792.3603299406051, "R2_test": -0.024743235171323708, "MAE_test": 21.205982023487525}