Time,Iteration,Cost,Parameters
Tue Apr  2 00:42:20 2024,0,0.1998929084458868,[-2.59250354  2.23743464 -2.12427949 -0.11653088  0.55388694 -2.77010912
  3.06858484  2.18960145  1.18551998 -1.06648316  0.6027151   1.14432445
  1.31029899 -1.87354666]
Tue Apr  2 00:43:08 2024,1,0.19979796481674994,[-2.57556787  2.23743464 -2.12427949 -0.11653088  0.55388693 -2.77010912
  3.06858483  2.18960145  1.18551998 -1.06648316  0.6027151   1.14432445
  1.31029899 -1.87354665]
Tue Apr  2 00:43:36 2024,2,0.1997398333000796,[-2.54497424  2.23743462 -2.12427948 -0.11653087  0.55388691 -2.77010914
  3.06858481  2.18960145  1.18551998 -1.06648317  0.6027151   1.14432444
  1.31029898 -1.87354665]
Tue Apr  2 00:44:03 2024,3,0.19973836959290647,[-2.54935278  2.23743463 -2.12427948 -0.11653087  0.55388692 -2.77010914
  3.06858481  2.18960145  1.18551998 -1.06648317  0.6027151   1.14432444
  1.31029898 -1.87354665]
Tue Apr  2 00:44:29 2024,4,0.1997383600111835,[-2.54902853  2.23743463 -2.12427948 -0.11653087  0.55388692 -2.77010914
  3.06858481  2.18960145  1.18551999 -1.06648317  0.6027151   1.14432444
  1.31029899 -1.87354665]
