{"MSE_train": [695.9231023419057], "R2_train": 0.0723885863806153, "MAE_train": 19.1672477154579, "MSE_test": 731.3032935990752, "R2_test": 0.05422056776828388, "MAE_test": 19.843087908661406}