{"MSE_train": [0.17362474341104797], "R2_train": 0.9761600157192288, "MAE_train": 0.3367357244123534, "MSE_test": 9.582719978816439, "R2_test": 0.04469233740505307, "MAE_test": 1.6727961467328183}