{"MSE_train": [0.1106051291063694], "R2_train": 0.7797591495306513, "MAE_train": 0.27643978963024435, "MSE_test": 0.09700978154502488, "R2_test": 0.8190801575747615, "MAE_test": 0.27265784892523914, "hyperparameters": {"alpha": 0.001, "beta": 0.001}}