{"MSE_train": [1389.6517383203247], "R2_train": -0.8522977741133249, "MAE_train": 30.036529321823256, "MSE_test": 1375.4113403862361, "R2_test": -0.7787910542472127, "MAE_test": 29.998132029383328}