{"MSE_train": [206.86917502913502], "R2_train": -0.0022117244279833415, "MAE_train": 12.570494935409254, "MSE_test": 190.94748626759005, "R2_test": -0.15099591381099864, "MAE_test": 12.019505950862769}