{"MSE_train": [696.0128943140517], "R2_train": 0.06654273923779341, "MAE_train": 19.604283878263566, "MSE_test": 718.0170352705674, "R2_test": 0.07140341101322234, "MAE_test": 20.13314610204424}