Time,Iteration,Cost,Parameters
Wed Mar 19 10:54:16 2025,996,0.2144176814222841,[-2.02033874  1.99474627 -2.0625639   0.11674101  0.4969177  -2.85394112
  3.03014451  2.07602508  1.19490311 -1.02685425  0.54022668  1.06159656
  1.24351255 -2.00502413  0.75887378  3.03767598 -0.55245472 -0.59814984
 -1.84094303  0.74747892]
Wed Mar 19 10:54:57 2025,997,0.21400504138653453,[-2.0213569   1.99576443 -2.06154574  0.11775916  0.49793586 -2.85495928
  3.02912636  2.07704324  1.19592127 -1.02583609  0.54124483  1.06261472
  1.24249439 -2.00400597  0.75989194  3.03869414 -0.55143656 -0.59713169
 -1.84196119  0.74849708]
Wed Mar 19 10:55:38 2025,998,0.20895321312478946,[-2.02159353  1.99600106 -2.06130911  0.11752253  0.49769923 -2.85519591
  3.02936299  2.07727987  1.19568464 -1.02559946  0.5410082   1.06237809
  1.24273102 -2.0042426   0.76012857  3.03893077 -0.55167319 -0.59736832
 -1.84172456  0.74873371]
Wed Mar 19 10:56:20 2025,999,0.2058604274486082,[-2.02191663  1.99567796 -2.06163221  0.11719943  0.49737613 -2.85487281
  3.02903989  2.07695678  1.19600773 -1.02527636  0.5413313   1.06205499
  1.24240792 -2.0045657   0.75980547  3.03925387 -0.5513501  -0.59769141
 -1.84140146  0.74841061]
