{"MSE_train": [214.41641349602324], "R2_train": -0.03877556182668673, "MAE_train": 12.53180210339704, "MSE_test": 182.38628763166471, "R2_test": -0.09939060158675028, "MAE_test": 11.257106544005005, "hyperparameters": {"alpha": 0.001, "beta": 0.001}}