{"MSE_train": [0.20115291768332896], "R2_train": 0.5994571859107749, "MAE_train": 0.38103202453912105, "MSE_test": 0.21157399789310735, "R2_test": 0.6054219095181357, "MAE_test": 0.3960824836525293, "hyperparameters": {"alpha": 0.001, "beta": 0.001}}