{"MSE_train": [827.6247410497601], "R2_train": -0.1031594631763908, "MAE_train": 21.467658489993354, "MSE_test": 845.7091173671346, "R2_test": -0.09373811913279995, "MAE_test": 21.820024938491805}