Time,Iteration,Cost,Parameters
Mon Nov  4 16:26:24 2024,405,0.14293316139036027,[-2.49750483  2.25226788 -2.12995408 -0.10089452  0.55851191 -2.78304818
  3.09980952  2.16274122  1.18687222 -1.08124429  0.61272458  1.16249578
  1.28581343 -1.86124972  0.73816794  2.90058734]
