Time,Iteration,Cost,Parameters
Mon Apr  1 16:46:04 2024,0,0.4010254566165631,[-2.04561433  2.23743456 -2.12427956 -0.11653103  0.55388716]
Mon Apr  1 16:46:07 2024,1,0.4010237238751021,[-2.04353441  2.23743456 -2.12427956 -0.11653103  0.55388716]
