Time,Iteration,Cost,Parameters
Thu Apr  4 22:33:54 2024,0,0.11308150743556275,[-1.76144309  2.23743464 -2.12427961 -0.11653103  0.55388709]
Thu Apr  4 22:33:57 2024,1,0.08620207709277644,[-1.59418484  2.23743463 -2.12427961 -0.11653103  0.55388709]
Thu Apr  4 22:33:59 2024,2,0.08581034920496809,[-1.57097252  2.23743463 -2.12427961 -0.11653103  0.55388709]
Thu Apr  4 22:34:00 2024,3,0.08581009573088913,[-1.57154841  2.23743463 -2.12427961 -0.11653103  0.55388709]
