{"MSE_train": [666.7127435497208], "R2_train": 0.11132372464569906, "MAE_train": 19.737399466096242, "MSE_test": 691.5617512147537, "R2_test": 0.10561748300337737, "MAE_test": 20.123435255888324}