{"MSE_train": [2.015531851834387], "R2_train": 0.7232523042446277, "MAE_train": 0.942549669623834, "MSE_test": 4.437927513421624, "R2_test": 0.5575800848835564, "MAE_test": 1.3284348760723446, "hyperparameters": {"alpha": 0.001, "beta": 0.001}}