{"MSE_train": [1576.0894424808407], "R2_train": -1.1008047452518155, "MAE_train": 31.330408600507596, "MSE_test": 1686.3366147727145, "R2_test": -1.1809042842157234, "MAE_test": 33.001186275526685}