{"MSE_train": [67.20753708568752], "R2_train": 0.6744020387391296, "MAE_train": 5.416843276611692, "MSE_test": 50.742992612201945, "R2_test": 0.6941306832950995, "MAE_test": 5.393613284147864, "hyperparameters": {"alpha": 0.001, "beta": 0.001}}