{"MSE_train": [0.0004711103078503268], "R2_train": -0.20833945843546653, "MAE_train": 0.018439470215870127, "MSE_test": 0.0004691401923022121, "R2_test": -0.2074917092566544, "MAE_test": 0.018444681963740328}