{"MSE_train": [815.7365384577041], "R2_train": -0.08731341298104489, "MAE_train": 21.11863539246186, "MSE_test": 835.6611401275821, "R2_test": -0.08074327787899982, "MAE_test": 21.74387050362554}