{"MSE_train": [204.8938436285677], "R2_train": 0.00735809325510306, "MAE_train": 12.4964214754799, "MSE_test": 189.49110480087813, "R2_test": -0.14221711734762787, "MAE_test": 11.975574487551631}