{"MSE_train": [0.1619033966771443], "R2_train": 0.6776122222708281, "MAE_train": 0.3433265766301127, "MSE_test": 0.1804021961973921, "R2_test": 0.6635562271207591, "MAE_test": 0.3803013628987423}