{"MSE_train": [2.1210010278558094], "R2_train": 0.708770592427183, "MAE_train": 1.2093217104777465, "MSE_test": 3.090164612289242, "R2_test": 0.6919394556738091, "MAE_test": 1.5188225746939754}