{"MSE_train": [4.22893678323742], "R2_train": 0.4193351451176879, "MAE_train": 1.7794886064428155, "MSE_test": 6.53682369741677, "R2_test": 0.3483397426848579, "MAE_test": 2.221153543650856}