{"MSE_train": [0.09292031150749848], "R2_train": 0.8149737846912403, "MAE_train": 0.25380691355309276, "MSE_test": 0.07446224247250767, "R2_test": 0.8611305276622707, "MAE_test": 0.23605130724007783, "hyperparameters": {"alpha": 0.001, "beta": 0.001}}