{"MSE_train": [2.3342448344622917], "R2_train": 0.6794906125257304, "MAE_train": 1.2637861901154026, "MSE_test": 3.622289977809122, "R2_test": 0.6388915277090953, "MAE_test": 1.6281942347862213, "BATCH_SIZE": 32, "NUM_CORES": 16, "TOLERANCE": 1e-06, "MAX_ITER": 1000, "NUM_QUBITS": 5}