{"MSE_train": [760.2440885842635], "R2_train": -0.013346289747053763, "MAE_train": 20.156368758274763, "MSE_test": 777.5114425923339, "R2_test": -0.005539476117532249, "MAE_test": 20.61286878644708}