{"MSE_train": [138.5503407173194], "R2_train": 0.32877009892443865, "MAE_train": 10.909980995083536, "MSE_test": 127.746996437042, "R2_test": 0.22996487791093612, "MAE_test": 9.746227601520179, "hyperparameters": {"alpha": 0.001, "beta": 0.001}}