{"MSE_train": [0.34135891249460437], "R2_train": 0.32027404325163245, "MAE_train": 0.4943430672173526, "MSE_test": 0.39595174413651724, "R2_test": 0.26156387514460033, "MAE_test": 0.5588593630453398, "hyperparameters": {"alpha": 0.001, "beta": 0.001}}