{"MSE_train": [88.70060827494694], "R2_train": 0.5702753222439951, "MAE_train": 6.505568770189603, "MSE_test": 98.01833411012367, "R2_test": 0.4091637222120239, "MAE_test": 6.294779151519636}