{"MSE_train": [3.379615250070337], "R2_train": 0.5359533851348264, "MAE_train": 1.291825381412361, "MSE_test": 6.433428333987594, "R2_test": 0.35864729452598776, "MAE_test": 1.9329044171430987, "hyperparameters": {"alpha": 0.001, "beta": 0.001}}