Time,Iteration,Cost,Parameters
Thu Mar 28 04:50:41 2024,0,0.14843409412676112,[-2.45687504  2.23743464 -2.12427962 -0.11653101  0.55388708 -2.77010899
  3.068585    2.18960145  1.18552001 -1.06648311  0.60271512  1.14432445
  1.31029899 -1.8735468 ]
Thu Mar 28 04:51:16 2024,1,0.14809737516139126,[-2.41499944  2.23743464 -2.12427961 -0.116531    0.55388708 -2.77010899
  3.06858501  2.18960145  1.18552001 -1.06648311  0.60271512  1.14432445
  1.31029899 -1.8735468 ]
Thu Mar 28 04:51:32 2024,2,0.14809465236687333,[-2.41063393  2.23743464 -2.12427961 -0.116531    0.55388708 -2.77010899
  3.06858501  2.18960145  1.18552001 -1.0664831   0.60271513  1.14432445
  1.31029899 -1.8735468 ]
Thu Mar 28 04:51:49 2024,3,0.14809463297722564,[-2.41097409  2.23743464 -2.12427961 -0.116531    0.55388708 -2.77010899
  3.06858501  2.18960145  1.18552001 -1.06648311  0.60271513  1.14432445
  1.31029899 -1.8735468 ]
