{"MSE_train": [3.596591184098645], "R2_train": 0.5061609560436894, "MAE_train": 1.4196260289647438, "MSE_test": 8.245426374128353, "R2_test": 0.17800801714127068, "MAE_test": 2.0929767032652262}