{"MSE_train": [29.71966968359369], "R2_train": 0.8560181747772254, "MAE_train": 4.020660105782314, "MSE_test": 37.06329520994339, "R2_test": 0.7765893535815751, "MAE_test": 4.007484496896268, "BATCH_SIZE": 32, "NUM_CORES": 16, "TOLERANCE": 1e-06, "MAX_ITER": 500, "NUM_QUBITS": 5}