{"MSE_train": [28.426253521718614], "R2_train": 0.862284341990457, "MAE_train": 3.7928379321717784, "MSE_test": 29.71158834423223, "R2_test": 0.8209040744892473, "MAE_test": 3.5445529857546467}