{"MSE_train": [28.84772777431059], "R2_train": 0.8602424406901172, "MAE_train": 3.8487134486664933, "MSE_test": 27.89899988436963, "R2_test": 0.8318300204207855, "MAE_test": 3.481079368230877, "MAX_ITER": 1000}