{"MSE_train": [4.6235247712062275], "R2_train": 0.36515524399445365, "MAE_train": 1.5177881590455444, "MSE_test": 11.981639151093828, "R2_test": -0.19445749398818024, "MAE_test": 2.4706209626480202, "hyperparameters": {"alpha": 0.001, "beta": 0.001}}