{"MSE_train": [0.11571795029484366], "R2_train": 0.7695783188951719, "MAE_train": 0.2837546741516466, "MSE_test": 0.1682515204767264, "R2_test": 0.6862168114632021, "MAE_test": 0.35475662321139273}