Time,Iteration,Cost,Parameters
Fri Apr  5 01:24:54 2024,0,0.26006318005931967,[-1.29760013  2.23743464 -2.12427964 -0.11653103  0.55388708 -2.77010897
  3.06858498  2.18960141  1.18552002 -1.06648312]
Fri Apr  5 01:25:28 2024,1,0.2197038118340691,[-1.5636105   2.23743463 -2.12427964 -0.11653103  0.55388708 -2.77010897
  3.06858498  2.18960142  1.18552002 -1.06648312]
Fri Apr  5 01:25:44 2024,2,0.21966299324830796,[-1.57268242  2.23743464 -2.12427964 -0.11653103  0.55388708 -2.77010897
  3.06858498  2.18960142  1.18552002 -1.06648312]
Fri Apr  5 01:25:59 2024,3,0.2196628904943141,[-1.57224951  2.23743464 -2.12427963 -0.11653102  0.55388708 -2.77010897
  3.06858499  2.18960142  1.18552002 -1.06648312]
