{"MSE_train": [1.0305512240471435], "R2_train": 0.858497559166155, "MAE_train": 0.7687677186286591, "MSE_test": 1.9849477289508737, "R2_test": 0.8021192542922024, "MAE_test": 1.1314081100837805}