{"MSE_train": [89.99664485819306], "R2_train": 0.563996459968676, "MAE_train": 8.600102231767274, "MSE_test": 81.99938879118758, "R2_test": 0.5057229436296811, "MAE_test": 8.27041759194079}