Time,Iteration,Cost,Parameters
Wed Mar 12 16:33:48 2025,999,0.1118710314625347,[-3.09060631  2.32588486 -1.47184986 -0.07267909  0.76126723 -2.65283301
  3.1364073   2.1525317   1.12981722 -1.16216349  0.53929447  1.31782631
  1.26252074 -1.80722381  0.74749137]
