Time,Iteration,Cost,Parameters
Thu Apr  4 22:01:25 2024,0,0.14862170099365574,[-1.18986935  2.2374346  -2.1242796  -0.11653099  0.55388708]
Thu Apr  4 22:01:27 2024,1,0.08895127244895151,[-0.18868221  2.23743458 -2.12427958 -0.11653097  0.55388708]
Thu Apr  4 22:01:28 2024,2,0.08562900933979715,[ 0.05454581  2.23743457 -2.12427958 -0.11653097  0.55388708]
Thu Apr  4 22:01:29 2024,3,0.08562852447984785,[ 0.05063328  2.23743457 -2.12427958 -0.11653097  0.55388708]
Thu Apr  4 22:01:31 2024,4,0.08562843998721872,[ 0.05171863  2.23743457 -2.12427958 -0.11653097  0.55388708]
