{"MSE_train": [77.45261861492452], "R2_train": 0.6247680571424233, "MAE_train": 7.4589885786647345, "MSE_test": 84.17831231321247, "R2_test": 0.49258879811470546, "MAE_test": 7.787463416671031, "hyperparameters": {"alpha": 0.001, "beta": 0.001}}