{"MSE_train": [860.7935663300599], "R2_train": -0.14737092964849685, "MAE_train": 21.62527299573928, "MSE_test": 866.0577210357804, "R2_test": -0.1200545476145114, "MAE_test": 21.784128862933255}