{"MSE_train": [0.42670324308482643], "R2_train": 0.1503333894700951, "MAE_train": 0.5662461055673973, "MSE_test": 0.47757100276243836, "R2_test": 0.10934681853147021, "MAE_test": 0.6187207572103843}