{"MSE_train": [2.588092939556914], "R2_train": 0.6446353567812646, "MAE_train": 1.2716251592746048, "MSE_test": 5.351052056056896, "R2_test": 0.466550098156268, "MAE_test": 1.7647873722061882}