Time,Iteration,Cost,Parameters
Mon Nov  4 15:33:21 2024,265,0.1191562826454205,[-3.10388833  2.19947655 -1.73509688 -0.11411047  0.54677848 -2.76062497
  3.05629345  2.16310491  1.17638428 -0.98454843  0.62942179  1.14722673
  1.30183826 -1.84580293  0.72797807  2.87779954 -0.56619429 -0.47459469
 -2.02157035  0.74508919  1.61280978  2.80151685 -1.31237381 -0.25830285
 -2.35700304 -2.28854025  3.10815454  2.59100387 -0.68657634 -2.69610838
  1.53797393 -0.10186555 -2.35473294  2.00004356  1.13533762 -0.60125431
  1.07711605 -1.98491142 -0.31803512  2.35917134 -0.15703973  0.55115063
  2.70390943  1.06621272  2.54857721  2.99551224  2.72439224 -2.95336482]
