{"MSE_train": [2.5878926745567634], "R2_train": 0.644662854673338, "MAE_train": 1.2199451836384019, "MSE_test": 6.438260641285607, "R2_test": 0.35816555863054145, "MAE_test": 1.7932752730677763}