{"MSE_train": [2.528971498797984], "R2_train": 0.6527531756511973, "MAE_train": 1.1459551946022266, "MSE_test": 10.819978565222911, "R2_test": -0.07865078550977089, "MAE_test": 2.1983772854532564, "BATCH_SIZE": 32, "NUM_CORES": 16, "TOLERANCE": 1e-06, "MAX_ITER": 1000, "NUM_QUBITS": 5}