{"MSE_train": [0.0012070100943709586], "R2_train": 0.9873457950189585, "MAE_train": 0.020909143703019332, "MSE_test": 0.0011757102320964663, "R2_test": 0.9876878443346493, "MAE_test": 0.020524850650037323}