{"MSE_train": [2.589810589207573e-10], "R2_train": 0.9999999972848617, "MAE_train": 9.656639795578444e-06, "MSE_test": 1.1525196339011393e-05, "R2_test": 0.9998793069860874, "MAE_test": 0.00028587682193762605}