{"MSE_train": [0.0], "R2_train": 1.0, "MAE_train": 0.0, "MSE_test": 1.235439227347491e-06, "R2_test": 0.9999870623562959, "MAE_test": 0.00030404436742236473}