{"MSE_train": [3.4897074321109013e-06], "R2_train": 0.99996341416416, "MAE_train": 0.0009606925969108124, "MSE_test": 2.534960056468406e-05, "R2_test": 0.9997345364362014, "MAE_test": 0.0016711198256721192}