{"MSE_train": [3.738798235751664e-07], "R2_train": 0.999996080271451, "MAE_train": 9.231326547865913e-05, "MSE_test": 7.6045209312599565e-06, "R2_test": 0.9999203646928384, "MAE_test": 0.0002718402185257629}