{"MSE_train": [7.812885499133024e-07], "R2_train": 0.999991341308619, "MAE_train": 9.87877637881368e-05, "MSE_test": 7.755825285544962e-07, "R2_test": 0.9999914415475303, "MAE_test": 0.00012316759582783234}