{"MSE_train": [4.671860721215693e-08], "R2_train": 0.9999994822373863, "MAE_train": 9.891746449156763e-05, "MSE_test": 7.195469401189241e-07, "R2_test": 0.9999920598929708, "MAE_test": 0.00015311974460181882}