{"MSE_train": [9.244376445202684e-05], "R2_train": 0.9989754847596604, "MAE_train": 0.006013571981385022, "MSE_test": 0.0001017174070150348, "R2_test": 0.9988775616246782, "MAE_test": 0.006161424173757247}