{"MSE_train": [0.0], "R2_train": 1.0, "MAE_train": 0.0, "MSE_test": 1.796669157127162e-06, "R2_test": 0.999980173989203, "MAE_test": 0.0001845001445251328}