{"MSE_train": [0.0009264821748115918], "R2_train": 0.9897321889299513, "MAE_train": 0.01880363412743124, "MSE_test": 0.0009156793616653239, "R2_test": 0.9898955971727496, "MAE_test": 0.018710864691821198}