{"MSE_train": [1.4868307614384185e-09], "R2_train": 0.9999999843580034, "MAE_train": 2.088459563662471e-05, "MSE_test": 1.56989673677355e-08, "R2_test": 0.999999834776062, "MAE_test": 4.306465616814828e-05}