{"MSE_train": [1.0269351788153875e-07], "R2_train": 0.999998919627106, "MAE_train": 3.24756485981518e-05, "MSE_test": 8.188944064896086e-08, "R2_test": 0.9999991381537684, "MAE_test": 5.153892982641204e-05}