{"MSE_train": [0.0011857391157482724], "R2_train": 0.9875255962934052, "MAE_train": 0.02103155913501959, "MSE_test": 0.0011856418862157428, "R2_test": 0.9875217001898439, "MAE_test": 0.020998819081454866}