{"MSE_train": [7.08781532523975e-07], "R2_train": 0.9999925286099461, "MAE_train": 0.0003647811888900539, "MSE_test": 1.5838645654368107e-06, "R2_test": 0.9999833941475085, "MAE_test": 0.0004332854884936522}