{"MSE_train": [2.2956358367932985e-09], "R2_train": 0.9999999758013013, "MAE_train": 2.6529144094422066e-05, "MSE_test": 1.8906665195920751e-06, "R2_test": 0.9999801775164239, "MAE_test": 0.0001761275242440073}