{"MSE_train": [1.1650965925763338e-07], "R2_train": 0.9999987718513118, "MAE_train": 2.446967021110632e-05, "MSE_test": 2.079444061744611e-06, "R2_test": 0.999978198299206, "MAE_test": 0.00018814213185329535}