{"MSE_train": [4.861531204361392e-05], "R2_train": 0.9994630408694767, "MAE_train": 0.005951023057946496, "MSE_test": 4.469714804734419e-05, "R2_test": 0.9995045918666958, "MAE_test": 0.005714418651326359}