{"MSE_train": [0.001132920107361282], "R2_train": 0.9874868272931101, "MAE_train": 0.020536492251200054, "MSE_test": 0.0011338236250262178, "R2_test": 0.9874330808539403, "MAE_test": 0.020596255891322128}