{"MSE_train": [4.763327388066806e-06], "R2_train": 0.9999473887541769, "MAE_train": 0.0009848409977557206, "MSE_test": 2.949847730476397e-06, "R2_test": 0.9999673048813732, "MAE_test": 0.0008506277279903094}