{"MSE_train": [0.0009166850399165161], "R2_train": 0.9898751569967151, "MAE_train": 0.018780903413832838, "MSE_test": 0.0009186051314101346, "R2_test": 0.9898184901436325, "MAE_test": 0.0188110648571425}