{"MSE_train": [1.7033578517575788e-35], "R2_train": 1.0, "MAE_train": 5.727860533885684e-20, "MSE_test": 2.1053959504443582e-07, "R2_test": 0.9999976664500461, "MAE_test": 8.614258831254628e-05}