{"MSE_train": [1.4094352600900324e-07], "R2_train": 0.9999984432700316, "MAE_train": 6.41325504122412e-05, "MSE_test": 2.5441341839429296e-07, "R2_test": 0.9999971801673664, "MAE_test": 0.00011494839011691835}