{"MSE_train": [3.944172519878632e-10], "R2_train": 0.9999999956436371, "MAE_train": 1.083754265133752e-05, "MSE_test": 1.6630107266325086e-07, "R2_test": 0.999998156774927, "MAE_test": 6.250835159170065e-05}