{"MSE_train": [6.702551036462552e-07], "R2_train": 0.9999925969908954, "MAE_train": 0.00035088818280305117, "MSE_test": 4.734847463433956e-07, "R2_test": 0.9999947520545587, "MAE_test": 0.0003327122505754992}