{"MSE_train": [0.0011400838816293815], "R2_train": 0.9874077029629235, "MAE_train": 0.020265538103028193, "MSE_test": 0.0011414690930352405, "R2_test": 0.9873483410618047, "MAE_test": 0.020323196224062163}