{"MSE_train": [33.558464898706305], "R2_train": 0.8374205003207866, "MAE_train": 3.0692733494800497, "MSE_test": 61.13337916316308, "R2_test": 0.6314993667125208, "MAE_test": 4.1911043077271515}