{"MSE_train": [58.35596482159313], "R2_train": 0.7172849356301118, "MAE_train": 5.010905624483113, "MSE_test": 77.87987322343244, "R2_test": 0.5305546168716229, "MAE_test": 5.158185272879126, "MAX_ITER": 1000}