{"MSE_train": [58.35076854415804], "R2_train": 0.7173101098503314, "MAE_train": 5.014271146638821, "MSE_test": 77.6003403009803, "R2_test": 0.532239589309894, "MAE_test": 5.13517227038627}