{"MSE_train": [0.17509914618030759], "R2_train": 0.6513363784954257, "MAE_train": 0.354074276973412, "MSE_test": 0.20950043056222656, "R2_test": 0.609289039912476, "MAE_test": 0.3990166479838925}