{"MSE_train": [3.38125696059227], "R2_train": 0.5357279659217145, "MAE_train": 1.2525997823326485, "MSE_test": 6.7767385776818205, "R2_test": 0.3244224703452294, "MAE_test": 1.880798365914719, "hyperparameters": {"alpha": 0.001, "beta": 0.001}}