{"MSE_train": [8.679364068598455], "R2_train": -0.1917420230399629, "MAE_train": 2.620346049836054, "MSE_test": 9.9033966475482, "R2_test": 0.012723869211045513, "MAE_test": 2.779579197825446}