{"MSE_train": [920.9835647474646], "R2_train": -0.22759952003417228, "MAE_train": 23.041522444387937, "MSE_test": 928.0349069839218, "R2_test": -0.20020836101917006, "MAE_test": 23.495453670956277}