{"MSE_train": [1806.8911506431896], "R2_train": -1.4084454860948479, "MAE_train": 33.843974766726426, "MSE_test": 1750.9290118848833, "R2_test": -1.2644402961576087, "MAE_test": 33.40663492326215}