{"MSE_train": [0.3217629686424713], "R2_train": 0.9558195222416516, "MAE_train": 0.448841341856702, "MSE_test": 0.930199177613973, "R2_test": 0.9072678316721615, "MAE_test": 0.6429531490344507, "BATCH_SIZE": 32, "NUM_CORES": 16, "TOLERANCE": 1e-06, "MAX_ITER": 1000, "NUM_QUBITS": 5}