{"MSE_train": [3.4840068769831434], "R2_train": 0.5216196289215569, "MAE_train": 1.2801038911878113, "MSE_test": 1.9295952605925741, "R2_test": 0.8076373782990732, "MAE_test": 1.1882989967116593}