{"MSE_train": [754.1350588865643], "R2_train": -0.005203427906922631, "MAE_train": 20.129683716567733, "MSE_test": 779.8950469786568, "R2_test": -0.00862214239689063, "MAE_test": 20.710287550028188}