{"MSE_train": [1055.2616097447021], "R2_train": -0.40658171895640294, "MAE_train": 24.892205404618124, "MSE_test": 1031.139781581139, "R2_test": -0.33355176396894404, "MAE_test": 24.528029584522773}