{"MSE_train": [1726.9420412508916], "R2_train": -1.3018795363060955, "MAE_train": 32.91097964106519, "MSE_test": 1660.8717388262853, "R2_test": -1.1479710865598838, "MAE_test": 32.77889516043323}