{"MSE_train": [0.5045817776399448], "R2_train": -0.0047411068241107746, "MAE_train": 0.6202864250100001, "MSE_test": 0.5755992814073757, "R2_test": -0.07347248528716599, "MAE_test": 0.6819548678249246}