{"MSE_train": [167.04731621765535], "R2_train": 0.19071181666391646, "MAE_train": 11.217448321269417, "MSE_test": 227.00494512537134, "R2_test": -0.3683435658746368, "MAE_test": 12.278266687984004}