{"MSE_train": [0.0004167700393288895], "R2_train": -0.06896341519828009, "MAE_train": 0.012524567947562827, "MSE_test": 0.0004148400323554386, "R2_test": -0.06773179522054873, "MAE_test": 0.01246805679519929}