{"MSE_train": [1.946180158875066], "R2_train": 0.7327748137528541, "MAE_train": 1.0638606695505615, "MSE_test": 3.09851828764086, "R2_test": 0.6911066722791286, "MAE_test": 1.1199937976648475}