{"MSE_train": [1021.0360163775607], "R2_train": -0.360961662748442, "MAE_train": 24.53424229238877, "MSE_test": 1092.2179437214527, "R2_test": -0.41254288846740983, "MAE_test": 25.853848326848755}