{"MSE_train": [127.02796430753911], "R2_train": 0.3845921455368827, "MAE_train": 7.913389166986775, "MSE_test": 159.50858376388737, "R2_test": 0.03851194001721947, "MAE_test": 9.352037417752545}