{"MSE_train": [0.13665978863278316], "R2_train": 0.7278781886823696, "MAE_train": 0.3046827070303667, "MSE_test": 0.15199184660667064, "R2_test": 0.7165405333354231, "MAE_test": 0.35510654913443745, "hyperparameters": {"alpha": 0.001, "beta": 0.001}}