{"MSE_train": [906.4667375850635], "R2_train": -0.20824971756308353, "MAE_train": 22.8694055568317, "MSE_test": 915.7301020326726, "R2_test": -0.18429481113859936, "MAE_test": 22.989457871046838}