{"MSE_train": [906.4193268852239], "R2_train": -0.20818652278459315, "MAE_train": 22.867425868781307, "MSE_test": 915.8115995670364, "R2_test": -0.18440021021508857, "MAE_test": 22.98560998271476}