{"MSE_train": [0.5018599585196102], "R2_train": 0.0006786758092041101, "MAE_train": 0.6185497529445689, "MSE_test": 0.573385250150554, "R2_test": -0.0693433945941535, "MAE_test": 0.6788977846880733, "hyperparameters": {"alpha": 0.001, "beta": 0.001}}