{"MSE_train": [0.06425512436339348], "R2_train": 0.8720529205910705, "MAE_train": 0.21572431913055787, "MSE_test": 0.06144739753264531, "R2_test": 0.8854027573097105, "MAE_test": 0.2094812473266899}