{"MSE_train": [0.414159230928316], "R2_train": 0.9431328198902378, "MAE_train": 0.49236762281789836, "MSE_test": 6.076575331479382, "R2_test": 0.39422220524754825, "MAE_test": 1.5097191714136629, "BATCH_SIZE": 32, "NUM_CORES": 16, "TOLERANCE": 1e-06, "MAX_ITER": 1000, "NUM_QUBITS": 5}