Time,Iteration,Cost,Parameters
Wed Mar 19 10:25:51 2025,996,0.11889348215409745,[-3.22055839  2.19488805 -2.09433477 -0.12762854  0.55478995]
Wed Mar 19 10:26:33 2025,997,0.11652031363232701,[-3.22112135  2.19545102 -2.09377181 -0.1281915   0.55422698]
Wed Mar 19 10:27:11 2025,998,0.11862294721958412,[-3.221664    2.19490837 -2.09322916 -0.12873415  0.55476963]
Wed Mar 19 10:27:57 2025,999,0.12187512496247102,[-3.22218302  2.19542739 -2.09271014 -0.12821512  0.55528866]
