{"MSE_train": [206.9050506977902], "R2_train": -0.0023855300021720094, "MAE_train": 12.565947004882162, "MSE_test": 199.5623629543564, "R2_test": -0.2029247873367701, "MAE_test": 12.149680947490879}