{"MSE_train": [3.1154323635369368], "R2_train": 0.5722276841688905, "MAE_train": 1.261182432202284, "MSE_test": 12.566423163050784, "R2_test": -0.2527549970792069, "MAE_test": 2.3557825670713184}