{"MSE_train": [1.0717357934586498], "R2_train": 0.8528426077572064, "MAE_train": 0.7399115870757411, "MSE_test": 1.7469100935871125, "R2_test": 0.825849382851909, "MAE_test": 1.0607166103350898}