{"MSE_train": [750.0399148601354], "R2_train": 0.00025508083714320673, "MAE_train": 20.090146672482557, "MSE_test": 775.5404170628711, "R2_test": -0.0029903895449898688, "MAE_test": 20.723545817879746}