{"MSE_train": [3.21096196620151], "R2_train": 0.559110750596352, "MAE_train": 1.4257203037831927, "MSE_test": 5.947185040352303, "R2_test": 0.40712120854226375, "MAE_test": 1.944868722023903}