{"MSE_train": [0.5573102824674853], "R2_train": -0.10973597316549366, "MAE_train": 0.6369679395575697, "MSE_test": 0.6076453764404369, "R2_test": -0.13323732932028798, "MAE_test": 0.6974916267531241, "hyperparameters": {"alpha": 0.001, "beta": 0.001}}