Time,Iteration,Cost,Parameters
Fri Apr  5 00:04:25 2024,0,0.3266389732579065,[-1.510412    2.23743464 -2.12427958 -0.11653109  0.55388708 -2.77010897
  3.06858498  2.18960145  1.18551998 -1.06648308  0.6027151   1.14432445
  1.31029899 -1.87354674  0.72965068  2.88578413 -0.54534335 -0.47522485
 -2.0265424   0.7289737 ]
Fri Apr  5 00:04:40 2024,1,0.32656813329238754,[-1.49687223  2.23743464 -2.12427957 -0.11653109  0.55388708 -2.77010897
  3.06858498  2.18960145  1.18551998 -1.06648308  0.6027151   1.14432445
  1.31029899 -1.87354674  0.72965068  2.88578413 -0.54534335 -0.47522485
 -2.0265424   0.7289737 ]
Fri Apr  5 00:04:48 2024,2,0.326568133099338,[-1.49684986  2.23743464 -2.12427957 -0.11653109  0.55388708 -2.77010897
  3.06858498  2.18960145  1.18551998 -1.06648308  0.6027151   1.14432445
  1.31029898 -1.87354674  0.72965068  2.88578413 -0.54534335 -0.47522485
 -2.0265424   0.7289737 ]
