{"MSE_train": [2.3010084365608274], "R2_train": 0.9888523863799226, "MAE_train": 1.1002919371700344, "MSE_test": 1.6933439173258258, "R2_test": 0.9897928379806613, "MAE_test": 1.1849113263979083, "hyperparameters": {"alpha": 0.001, "beta": 0.001}}