{"MSE_train": [5.8724339184938845], "R2_train": 0.19367061654731266, "MAE_train": 1.274489298147857, "MSE_test": 18.611316217476226, "R2_test": -0.8553743647770238, "MAE_test": 2.5914187732818803}