{"MSE_train": [1899.546693332864], "R2_train": -1.5319481240225272, "MAE_train": 36.00405565351721, "MSE_test": 1954.6791728724563, "R2_test": -1.527946167473421, "MAE_test": 37.26903075217554}