{"MSE_train": [1.8255596952694542], "R2_train": 0.7493369114113042, "MAE_train": 1.133857569317805, "MSE_test": 17.458774921468866, "R2_test": -0.7404767643079626, "MAE_test": 2.6637615637277596}