{"MSE_train": [4.982691387946403], "R2_train": 0.9758605324959462, "MAE_train": 1.6941883384544325, "MSE_test": 2.746354102270913, "R2_test": 0.9834454885404353, "MAE_test": 1.3402359097744143}