{"MSE_train": [761.9088924421162], "R2_train": -0.015565343913792828, "MAE_train": 20.165191094865367, "MSE_test": 776.204662451834, "R2_test": -0.003849444375365385, "MAE_test": 20.554454626878748}