{"MSE_train": [753.7920140282885], "R2_train": -0.004746175769654526, "MAE_train": 20.043108991052716, "MSE_test": 777.9370955206354, "R2_test": -0.006089964250678204, "MAE_test": 20.61404809321965}