{"MSE_train": [758.1922565876037], "R2_train": -0.010611357148141431, "MAE_train": 20.191442301352712, "MSE_test": 776.3420872857645, "R2_test": -0.004027173072264523, "MAE_test": 20.639462712740414}