{"MSE_train": [13.658835113655424], "R2_train": 0.9338275279968311, "MAE_train": 2.462059546961071, "MSE_test": 23.841276041203308, "R2_test": 0.8562892246457254, "MAE_test": 3.425978359945688}