{"MSE_train": [183.01698799697016], "R2_train": 0.11334411656919763, "MAE_train": 12.649080312803436, "MSE_test": 172.84017043277302, "R2_test": -0.041848383548396484, "MAE_test": 11.480708370298448}