{"MSE_train": [192.5224323800081], "R2_train": 0.06729342871182575, "MAE_train": 12.645467074789618, "MSE_test": 168.20155790809503, "R2_test": -0.013887690448855627, "MAE_test": 11.207396828905328}