{"MSE_train": [749.4570208884845], "R2_train": 0.0010320332033078028, "MAE_train": 19.96546124105553, "MSE_test": 776.039505884084, "R2_test": -0.003635850800383311, "MAE_test": 20.565699001103468}