{"MSE_train": [742.8058223879311], "R2_train": 0.009897563924445407, "MAE_train": 19.906563075633347, "MSE_test": 774.7555190371476, "R2_test": -0.001975297153602895, "MAE_test": 20.600707538639487}