{"MSE_train": [750.9107938203096], "R2_train": -0.0009057331387400946, "MAE_train": 19.962425899261028, "MSE_test": 773.0543831060434, "R2_test": 0.0002247467804952219, "MAE_test": 20.48074490687542}