Time,Iteration,Cost,Parameters
Wed Mar 19 10:54:27 2025,999,0.10817094969488614,[-2.71754801  3.15245362 -1.94650354 -0.09985673  0.49392496 -2.81141847
  2.98897893  2.14297934  1.18981422 -1.05402087  0.84752611  1.12494825
  1.37916805 -1.94877678  0.64538718  2.95559482 -0.55213205 -0.46009358
 -2.08848457  0.76605108  1.60270065  2.80832656 -1.36747962 -0.18884265]
