Time,Iteration,Cost,Parameters
Fri Apr  5 00:50:11 2024,0,0.6176602182414705,[12.35305617  2.23743274 -2.12428027 -0.11653229  0.55388581 -2.77011024
  3.06858308  2.18959892  1.18551998 -1.06648498  0.6027132   1.14432318
  1.31029835 -1.8735468   0.72964827  2.88578356 -0.54534462 -0.47522485
 -2.0265424   0.7289737 ]
Fri Apr  5 00:50:43 2024,1,0.23843791218287066,[ 7.71461592  2.23743331 -2.12428008 -0.1165319   0.55388619 -2.77010986
  3.06858365  2.18959969  1.18551998 -1.06648441  0.60271377  1.14432357
  1.31029855 -1.87354679  0.72964904  2.88578375 -0.54534424 -0.47522485
 -2.0265424   0.7289737 ]
Fri Apr  5 00:50:59 2024,2,0.23842558618833323,[ 7.71968815  2.23743331 -2.12428008 -0.11653191  0.55388619 -2.77010986
  3.06858365  2.18959969  1.18551998 -1.06648441  0.60271377  1.14432357
  1.31029855 -1.87354679  0.72964903  2.88578375 -0.54534424 -0.47522485
 -2.0265424   0.7289737 ]
Fri Apr  5 00:51:08 2024,3,0.23842558418137805,[ 7.71975375  2.23743331 -2.12428008 -0.1165319   0.5538862  -2.77010986
  3.06858365  2.18959969  1.18551999 -1.06648441  0.60271377  1.14432357
  1.31029855 -1.87354679  0.72964903  2.88578375 -0.54534423 -0.47522485
 -2.0265424   0.7289737 ]
