{"MSE_train": [7.328264382585234], "R2_train": -0.006225865356988436, "MAE_train": 2.3443134251822864, "MSE_test": 9.063457647443132, "R2_test": 0.09645794102849359, "MAE_test": 2.556483470461666, "hyperparameters": {"alpha": 0.001, "beta": 0.001}}