{"MSE_train": [0.4291626247702222], "R2_train": 0.14543618155219296, "MAE_train": 0.553654454763419, "MSE_test": 0.5446065037375012, "R2_test": -0.015672041218010913, "MAE_test": 0.6450650431538434}