{"MSE_train": [0.16514581294330952], "R2_train": 0.6711558081623186, "MAE_train": 0.33957003420439763, "MSE_test": 0.24237706115549146, "R2_test": 0.547975276169532, "MAE_test": 0.45653192047637364, "BATCH_SIZE": 32, "NUM_CORES": 16, "TOLERANCE": 1e-06, "MAX_ITER": 1000, "NUM_QUBITS": 5}