{"MSE_train": [2.8561123257949275], "R2_train": 0.986163094338285, "MAE_train": 1.2571393376500084, "MSE_test": 2.1139899292533038, "R2_test": 0.987257262098762, "MAE_test": 1.2371054834222786}