{"MSE_train": [10.989912879809678], "R2_train": 0.946757560487027, "MAE_train": 2.3943777675717377, "MSE_test": 12.006714910149839, "R2_test": 0.9276257568507111, "MAE_test": 2.3917070302899353}