{"MSE_train": [1303.0817329248575], "R2_train": -0.7369066844775707, "MAE_train": 28.174547239459823, "MSE_test": 1359.76725219437, "R2_test": -0.7585588783806598, "MAE_test": 29.216464085743134}