{"MSE_train": [0.11570265064406152], "R2_train": 0.7696087841016896, "MAE_train": 0.2832198646718071, "MSE_test": 0.16996471618082734, "R2_test": 0.6830217615219167, "MAE_test": 0.35549353961689967, "BATCH_SIZE": 32, "NUM_CORES": 16, "TOLERANCE": 1e-06, "MAX_ITER": 1000, "NUM_QUBITS": 5}