{"MSE_train": [0.1157052711002361], "R2_train": 0.7696035661565439, "MAE_train": 0.28344318670264057, "MSE_test": 0.16924472290688355, "R2_test": 0.6843645237423293, "MAE_test": 0.355185589846959}