{"MSE_train": [0.6240199452758907], "R2_train": 0.914317364023138, "MAE_train": 0.6014281102284016, "MSE_test": 1.1112010883320422, "R2_test": 0.8892236320466337, "MAE_test": 0.6306896187322037}