{"MSE_train": [0.0009701619013461762], "R2_train": -1.4883448460647979, "MAE_train": 0.02692984824611714, "MSE_test": 0.0009677577741098439, "R2_test": -1.4908534974840624, "MAE_test": 0.026901886478055893}