{"MSE_train": [0.00048952265165125], "R2_train": -0.25556483467156377, "MAE_train": 0.01716896842420571, "MSE_test": 0.0004864651432108149, "R2_test": -0.25208335782711044, "MAE_test": 0.017151407692169295}