{"MSE_train": [3.047206394239836], "R2_train": 0.5815956233440838, "MAE_train": 1.295981565692077, "MSE_test": 14.058648586332556, "R2_test": -0.40151593179621314, "MAE_test": 2.5116245385988605}