{"MSE_train": [0.29463714352063664], "R2_train": 0.41330808441588185, "MAE_train": 0.4617159267727045, "MSE_test": 0.3917396083507675, "R2_test": 0.26941936075125394, "MAE_test": 0.5257208063760019}