{"MSE_train": [0.3218897437880229], "R2_train": 0.3590417415357242, "MAE_train": 0.4905383309694889, "MSE_test": 0.26784516367915756, "R2_test": 0.5004781576102768, "MAE_test": 0.47467721280770975, "BATCH_SIZE": 32, "NUM_CORES": 16, "TOLERANCE": 1e-06, "MAX_ITER": 1000, "NUM_QUBITS": 5}