{"MSE_train": [184.53879999704765], "R2_train": 0.1059714481731544, "MAE_train": 11.76936373027545, "MSE_test": 168.66939443421, "R2_test": -0.01670772196859649, "MAE_test": 11.1728710945758}