{"MSE_train": [0.4666716118838803], "R2_train": 0.07074695792485786, "MAE_train": 0.5890120866373605, "MSE_test": 0.5674436985871971, "R2_test": -0.05826260917763282, "MAE_test": 0.662730670658985}