{"MSE_train": [5.187281787958128], "R2_train": 0.28774716175054627, "MAE_train": 1.8955793085106567, "MSE_test": 9.297351090389258, "R2_test": 0.07314094973885088, "MAE_test": 2.6134191063990717}