{"MSE_train": [2.195593039639173], "R2_train": 0.698528547696401, "MAE_train": 1.247620992393123, "MSE_test": 18.728632408867355, "R2_test": -0.8670696931211839, "MAE_test": 2.800771013094046}