{"MSE_train": [770.9117031253372], "R2_train": -0.027565390925175848, "MAE_train": 20.312360567050263, "MSE_test": 787.3424364634459, "R2_test": -0.018253697266372493, "MAE_test": 20.689301856615916}