{"MSE_train": [3.532747081555472], "R2_train": 0.5149272319278001, "MAE_train": 1.409409005882619, "MSE_test": 12.226469576663792, "R2_test": -0.21886480027495492, "MAE_test": 2.561030818576209}