{"MSE_train": [1.313418337863871], "R2_train": 0.8196577750751695, "MAE_train": 0.6345283219638136, "MSE_test": 16.324383231345045, "R2_test": -0.6273885099965633, "MAE_test": 2.0879376109720917}