{"MSE_train": [10.145739963372625], "R2_train": -0.3930864719607927, "MAE_train": 2.916370400360147, "MSE_test": 12.475485069636886, "R2_test": -0.24368931868600363, "MAE_test": 3.1904977635653387, "BATCH_SIZE": 32, "NUM_CORES": 16, "TOLERANCE": 1e-06, "MAX_ITER": 1000, "NUM_QUBITS": 5}