{"MSE_train": [7.665832689211049], "R2_train": -0.05257653499969961, "MAE_train": 2.3887313077828862, "MSE_test": 8.952071592194885, "R2_test": 0.10756209019700724, "MAE_test": 2.6981802378908157}