Time,Iteration,Cost,Parameters
Mon Jan 13 10:13:57 2025,2248,0.016359178458443452,[-2.93348679  2.11246642 -1.99061295  0.04655743  0.40314421 -2.90256536
  3.32912137  2.38940041  0.87979912 -1.1414553   1.19343335  1.03666748
  1.37091556 -2.06819742  0.69070352  2.76846329 -1.27026776 -0.63564044
 -2.11782376  0.43464024  1.64757399  2.89890291 -0.78977827 -0.1728253
 -2.10725919 -2.38159931  2.51028844  2.88650488 -0.21763023 -2.93393081
  1.57784798 -0.2387906  -2.35162265  1.74645464  0.92300681 -1.04174486
  0.66663833 -1.87641502 -0.10637774  2.78531339  0.09793041  0.9544097
  2.88112886  1.179896    2.81747481]
