Time,Iteration,Cost,Parameters
Thu Jan 23 08:29:54 2025,2249,0.01610307396123605,[-2.93479301  2.11377264 -1.99191916  0.04525121  0.40445043 -2.90125914
  3.33042759  2.39070663  0.88110534 -1.14014908  1.19473957  1.03536126
  1.36960934 -2.06950364  0.69200974  2.76715707 -1.27157398 -0.63433422
 -2.11651754  0.43594646  1.6488802   2.89759669 -0.78847205 -0.17413152
 -2.10856541 -2.38290553  2.50898222  2.8878111  -0.21893645 -2.93523703
  1.57654176 -0.23748438 -2.35031643  1.74514842  0.92170059 -1.04305108
  0.66533211 -1.8751088  -0.10507152  2.78400717  0.09662419  0.95310348
  2.88243508  1.17858978  2.81878103]
