{"MSE_train": [6.587671385893876e-05], "R2_train": 0.8310032710021302, "MAE_train": 0.005690876030629206, "MSE_test": 6.594644730021691e-05, "R2_test": 0.8307576644493598, "MAE_test": 0.00571221168993014}