Time,Iteration,Cost,Parameters
Thu Mar 28 09:19:22 2024,0,0.15198260333365488,[-3.80861449  2.23743292 -2.12428049 -0.11653188  0.55388451 -2.77010983
  3.06858327  2.18959974  1.18551913 -1.06648394  0.60271425  1.14432359
  1.31029899 -1.87354766]
Thu Mar 28 09:19:54 2024,1,0.1519815889943234,[-3.80604969  2.23743293 -2.12428049 -0.11653188  0.55388452 -2.77010983
  3.06858327  2.18959974  1.18551913 -1.06648394  0.60271425  1.1443236
  1.31029899 -1.87354765]
