{"MSE_train": [860.5341576624671], "R2_train": -0.14702515805384642, "MAE_train": 21.62463942784096, "MSE_test": 865.9537172210814, "R2_test": -0.11992004163091075, "MAE_test": 21.786709418158132}