Time,Iteration,Cost,Parameters
Mon Apr  1 22:39:32 2024,0,0.16863640987668166,[-2.43056608  2.23743466 -2.12427961 -0.11653101  0.55388706 -2.77010895
  3.06858498  2.18960147  1.18551996 -1.06648308  0.60271514  1.14432445
  1.31029901 -1.87354676]
Mon Apr  1 22:40:14 2024,1,0.1682998133301688,[-2.38882371  2.23743466 -2.12427961 -0.116531    0.55388706 -2.77010895
  3.06858498  2.18960147  1.18551996 -1.06648308  0.60271515  1.14432445
  1.31029901 -1.87354675]
Mon Apr  1 22:40:36 2024,2,0.1682971395682673,[-2.38452895  2.23743466 -2.12427961 -0.116531    0.55388706 -2.77010895
  3.06858498  2.18960148  1.18551996 -1.06648308  0.60271515  1.14432445
  1.31029901 -1.87354675]
Mon Apr  1 22:40:58 2024,3,0.16829712267592067,[-2.3848456   2.23743466 -2.12427961 -0.116531    0.55388706 -2.77010895
  3.06858499  2.18960148  1.18551997 -1.06648308  0.60271516  1.14432446
  1.31029901 -1.87354675]
