{"MSE_train": [125.03983128829137], "R2_train": 0.39422398276604875, "MAE_train": 10.052166013799733, "MSE_test": 166.39324080991992, "R2_test": -0.00298749149071198, "MAE_test": 10.95152956845352}