{"MSE_train": [121.28342007299713], "R2_train": 0.4124225343927491, "MAE_train": 7.24531516741487, "MSE_test": 174.97876638442781, "R2_test": -0.054739441973737035, "MAE_test": 8.897319233569766, "BATCH_SIZE": 32, "NUM_CORES": 16, "TOLERANCE": 1e-06, "MAX_ITER": 500, "NUM_QUBITS": 5}