{"MSE_train": [227.55593843965954], "R2_train": -0.10243215034487285, "MAE_train": 13.062401754274722, "MSE_test": 205.44760260903428, "R2_test": -0.23839991679115813, "MAE_test": 11.81580683094974, "MAX_ITER": 1000}