Time,Iteration,Cost,Parameters
Mon Mar 18 03:47:53 2024,0,0.35714830453772717,[-1.79851555  2.23743466 -2.12427959 -0.11653098  0.5538871  -2.77010897
  3.06858496  2.1896015   1.18552006 -1.06648306  0.60271515  1.1443245
  1.31029901 -1.87354675  0.72965078  2.88578424 -0.54534338 -0.47522485
 -2.0265424   0.7289737 ]
Mon Mar 18 03:47:58 2024,1,0.32801721866925826,[-1.63925632  2.23743466 -2.12427958 -0.11653097  0.55388711 -2.77010897
  3.06858495  2.18960151  1.18552007 -1.06648306  0.60271516  1.14432451
  1.31029901 -1.87354675  0.72965078  2.88578425 -0.54534338 -0.47522485
 -2.0265424   0.7289737 ]
Mon Mar 18 03:47:59 2024,2,0.32625718682498556,[-1.58767013  2.23743467 -2.12427958 -0.11653096  0.55388711 -2.77010897
  3.06858495  2.18960152  1.18552008 -1.06648306  0.60271516  1.14432451
  1.31029901 -1.87354674  0.72965077  2.88578425 -0.54534338 -0.47522485
 -2.0265424   0.7289737 ]
Mon Mar 18 03:48:01 2024,3,0.3262538720255961,[-1.58981836  2.23743467 -2.12427958 -0.11653096  0.55388711 -2.77010898
  3.06858495  2.18960151  1.18552007 -1.06648306  0.60271516  1.14432451
  1.31029901 -1.87354675  0.72965077  2.88578425 -0.54534338 -0.47522485
 -2.0265424   0.7289737 ]
