{"MSE_train": [0.00026992497455851765], "R2_train": 0.30767594734974746, "MAE_train": 0.010654615911833674, "MSE_test": 0.00026660589513564524, "R2_test": 0.3137991302014421, "MAE_test": 0.010645633330112082}