{"MSE_train": [101.26147054187642], "R2_train": 0.509422160186048, "MAE_train": 8.85469139404267, "MSE_test": 148.70389564242896, "R2_test": 0.10364058936939313, "MAE_test": 9.715543236048978}