{"MSE_train": [106.78283344278339], "R2_train": 0.4826730099884349, "MAE_train": 9.153989594490339, "MSE_test": 146.19550837050048, "R2_test": 0.11876068105889159, "MAE_test": 9.851670730283056}