Time,Iteration,Cost,Parameters
Thu Apr  4 14:38:37 2024,0,0.06501695523109059,[-1.74143584  2.23743466 -2.12427958 -0.116531    0.55388709 -2.77010897
  3.06858498  2.18960148  1.18552001 -1.06648308]
Thu Apr  4 14:38:58 2024,1,0.04506712122302994,[-1.58916758  2.23743466 -2.12427958 -0.116531    0.55388709 -2.77010897
  3.06858498  2.18960148  1.18552001 -1.06648308]
Thu Apr  4 14:39:09 2024,2,0.04501981763431423,[-1.58127968  2.23743466 -2.12427958 -0.116531    0.55388709 -2.77010897
  3.06858498  2.18960148  1.18552001 -1.06648308]
Thu Apr  4 14:39:19 2024,3,0.04501980244334164,[-1.58141855  2.23743466 -2.12427958 -0.116531    0.55388709 -2.77010897
  3.06858499  2.18960148  1.18552001 -1.06648308]
