{"MSE_train": [0.4701585647694314], "R2_train": 0.9354436898026832, "MAE_train": 0.468679466240264, "MSE_test": 0.7943053543361293, "R2_test": 0.920815176367992, "MAE_test": 0.6628992256541786}