{"MSE_train": [3.379286631883546], "R2_train": 0.5359985068856411, "MAE_train": 1.2546112849236948, "MSE_test": 6.477581543657597, "R2_test": 0.3542456319897602, "MAE_test": 1.8863833638909113}