Time,Iteration,Cost,Parameters
Thu Apr  4 12:02:58 2024,0,0.009075001220184807,[-0.39162406  2.23743464 -2.12427964 -0.11653103  0.55388708]
Thu Apr  4 12:02:59 2024,1,0.004089467789310612,[-0.03655627  2.23743464 -2.12427964 -0.11653103  0.55388708]
Thu Apr  4 12:03:00 2024,2,0.004066305872225541,[-0.01783269  2.23743464 -2.12427964 -0.11653103  0.55388708]
Thu Apr  4 12:03:03 2024,3,0.004059102653449357,[-2.08253813e-04  2.23743464e+00 -2.12427964e+00 -1.16531027e-01
  5.53887080e-01]
