{"MSE_train": [0.19731244190420857], "R2_train": 0.6071044773034459, "MAE_train": 0.37343170177356416, "MSE_test": 0.22179791869184678, "R2_test": 0.5863546555730522, "MAE_test": 0.4028000680193955}