Time,Iteration,Cost,Parameters
Thu Apr  4 15:28:36 2024,0,0.5086763801217657,[-1.61121048  2.23743464 -2.12427964 -0.11653069  0.55388708 -2.77010897
  3.06858498  2.18960145  1.18552032 -1.06648325  0.60271527  1.14432445
  1.31029899 -1.87354663  0.72965047  2.88578419 -0.54534335 -0.47522485
 -2.0265424   0.7289737 ]
Thu Apr  4 15:28:56 2024,1,0.5085280298624397,[-1.59252006  2.23743464 -2.12427964 -0.11653069  0.55388708 -2.77010897
  3.06858498  2.18960145  1.18552033 -1.06648326  0.60271527  1.14432445
  1.31029899 -1.87354663  0.72965046  2.88578419 -0.54534335 -0.47522485
 -2.0265424   0.7289737 ]
Thu Apr  4 15:29:05 2024,2,0.5085274558969841,[-1.59128208  2.23743464 -2.12427964 -0.11653069  0.55388708 -2.77010897
  3.06858498  2.18960145  1.18552033 -1.06648326  0.60271527  1.14432445
  1.31029899 -1.87354663  0.72965046  2.88578419 -0.54534335 -0.47522485
 -2.0265424   0.7289737 ]
