{"MSE_train": [206.9387927548426], "R2_train": -0.0025489989442195604, "MAE_train": 12.577271517852694, "MSE_test": 191.37228810339, "R2_test": -0.1535565402258443, "MAE_test": 12.013220429265761, "hyperparameters": {"alpha": 0.001, "beta": 0.001}}