Time,Iteration,Cost,Parameters
Fri Mar 15 08:52:15 2024,0,0.33971858859910875,[-1.4090705   2.23743458 -2.12427964 -0.11653097  0.55388702 -2.77010903
  3.06858492  2.18960145  1.18551993 -1.06648314  0.60271516  1.14432439
  1.31029899 -1.87354674]
Fri Mar 15 08:52:28 2024,1,0.3264238068889378,[-1.57958098  2.23743458 -2.12427964 -0.11653097  0.55388703 -2.77010903
  3.06858493  2.18960145  1.18551993 -1.06648314  0.60271516  1.1443244
  1.31029899 -1.87354675]
Fri Mar 15 08:52:34 2024,2,0.3263971920012344,[-1.58767058  2.23743459 -2.12427963 -0.11653097  0.55388703 -2.77010902
  3.06858493  2.18960146  1.18551993 -1.06648314  0.60271516  1.1443244
  1.31029899 -1.87354674]
Fri Mar 15 08:52:40 2024,3,0.3263971834449847,[-1.58752813  2.23743459 -2.12427963 -0.11653097  0.55388703 -2.77010902
  3.06858494  2.18960146  1.18551993 -1.06648314  0.60271516  1.1443244
  1.31029899 -1.87354674]
