{"MSE_train": [0.5135177345976225], "R2_train": -0.022534700810369124, "MAE_train": 0.6231372095944485, "MSE_test": 0.5915375610905962, "R2_test": -0.10319681826568416, "MAE_test": 0.6713343133627006}