{"MSE_train": [0.35437585671752325], "R2_train": 0.2943542428831464, "MAE_train": 0.5000406744188826, "MSE_test": 0.34173783249877415, "R2_test": 0.3626709201718479, "MAE_test": 0.5214118126574522, "BATCH_SIZE": 32, "NUM_CORES": 16, "TOLERANCE": 1e-06, "MAX_ITER": 1000, "NUM_QUBITS": 5}