Time,Iteration,Cost,Parameters
Tue Mar 18 15:01:24 2025,997,0.10288338904043592,[-1.60981677  2.07629487 -2.22498682  0.04911146  0.46233558 -2.71848923
  3.10329752  2.21859381  1.23742718 -1.02557467  0.50802959  0.92181583
  1.11649874 -1.9519529   0.73241781  2.7850461  -0.63764768 -0.56134578
 -1.87748968  0.73707412]
Tue Mar 18 15:02:01 2025,998,0.11172607416953485,[-1.60899715  2.07547526 -2.22580643  0.04829184  0.4631552  -2.71766961
  3.10411714  2.21777419  1.2382468  -1.02639428  0.50884921  0.92099621
  1.11567912 -1.95277251  0.73323743  2.78586572 -0.63682807 -0.5621654
 -1.87667007  0.73625451]
Tue Mar 18 15:02:38 2025,999,0.10576789270280497,[-1.60828499  2.07618742 -2.22509427  0.04900401  0.46244303 -2.71695744
  3.10482931  2.21706202  1.23895897 -1.02568211  0.50956138  0.92028404
  1.11639129 -1.95206034  0.73394959  2.78515355 -0.6361159  -0.56287757
 -1.8759579   0.73696668]
