{"MSE_train": [2330.7684656889405], "R2_train": -2.106733235326613, "MAE_train": 39.45007787819362, "MSE_test": 2307.8443881389026, "R2_test": -1.9846874398049668, "MAE_test": 38.965713887838476}