{"MSE_train": [8.641967776270175], "R2_train": -0.186607230591892, "MAE_train": 2.6225331258083115, "MSE_test": 11.05813971036086, "R2_test": -0.10239322684016772, "MAE_test": 2.854747325194761}