{"MSE_train": [0.11557683799663945], "R2_train": 0.7698593067012464, "MAE_train": 0.2774575603242362, "MSE_test": 0.0964182875122703, "R2_test": 0.8201832732142061, "MAE_test": 0.2691968519176405}