{"MSE_train": [0.0004454021653403365], "R2_train": -0.14240126417338583, "MAE_train": 0.013697416926416512, "MSE_test": 0.00044422727463258593, "R2_test": -0.14336984966529198, "MAE_test": 0.01369761482008014}