{"MSE_train": [4.828122465509373], "R2_train": 0.3370624403983584, "MAE_train": 1.5484461176285222, "MSE_test": 7.791626947502076, "R2_test": 0.22324758069896733, "MAE_test": 2.1962067979413518}