{"MSE_train": [2.593174573246059], "R2_train": 0.6439376102222788, "MAE_train": 1.1985217494644158, "MSE_test": 4.602174224217647, "R2_test": 0.5412062221675098, "MAE_test": 1.7328428222736876, "BATCH_SIZE": 32, "NUM_CORES": 16, "TOLERANCE": 1e-06, "MAX_ITER": 1000, "NUM_QUBITS": 5}