{"MSE_train": [761.28518209776], "R2_train": -0.014733986494746887, "MAE_train": 20.160942980198545, "MSE_test": 775.1554861321347, "R2_test": -0.0024925663294965705, "MAE_test": 20.544590478120227}