{"MSE_train": [94.26969243416961], "R2_train": 0.5432949785658563, "MAE_train": 8.730843202511224, "MSE_test": 205.9883908708188, "R2_test": -0.24165968779792935, "MAE_test": 10.687209912297737}