{"MSE_train": [104.16499258817171], "R2_train": 0.4953555703399657, "MAE_train": 9.324091012595833, "MSE_test": 178.73327747733197, "R2_test": -0.07737093616494506, "MAE_test": 10.595061475088695}