{"MSE_train": [106.84402150605672], "R2_train": 0.48237657435756365, "MAE_train": 7.526258505164501, "MSE_test": 118.03095926134333, "R2_test": 0.2885313419490807, "MAE_test": 7.108514596306266, "BATCH_SIZE": 32, "NUM_CORES": 16, "TOLERANCE": 1e-06, "MAX_ITER": 500, "NUM_QUBITS": 5}