{"MSE_train": [3.824768592333121], "R2_train": 0.47483048022171115, "MAE_train": 1.4281079271257382, "MSE_test": 7.1475756828909125, "R2_test": 0.2874534752202639, "MAE_test": 2.105792724482847, "hyperparameters": {"alpha": 0.001, "beta": 0.001}}