Time,Iteration,Cost,Parameters
Mon Apr  1 19:08:12 2024,0,0.17240848123246655,[-2.91664848  2.23743464 -2.12427963 -0.11653103  0.55388709 -2.77010897
  3.06858498  2.18960145  1.18551998 -1.06648309]
Mon Apr  1 19:08:25 2024,1,0.17237552984113103,[-2.94836545  2.23743466 -2.12427961 -0.11653102  0.55388709 -2.77010899
  3.06858498  2.18960145  1.18551998 -1.06648312]
Mon Apr  1 19:08:37 2024,2,0.17237490988526666,[-2.95301128  2.23743466 -2.12427961 -0.11653102  0.55388709 -2.77010899
  3.06858498  2.18960145  1.18551998 -1.06648312]
Mon Apr  1 19:08:50 2024,3,0.17237490222529034,[-2.95358202  2.23743466 -2.12427961 -0.11653102  0.55388709 -2.77010899
  3.06858498  2.18960145  1.18551999 -1.06648312]
