{"MSE_train": [0.3195778704997462], "R2_train": 0.3636452255088567, "MAE_train": 0.49031707693221876, "MSE_test": 0.37583758774290493, "R2_test": 0.29907607182509643, "MAE_test": 0.5396119729425752, "hyperparameters": {"alpha": 0.001, "beta": 0.001}}