{"MSE_train": [267.30203375513145], "R2_train": -0.2949886427260502, "MAE_train": 12.702637934956993, "MSE_test": 157.28482143003077, "R2_test": 0.051916365545863874, "MAE_test": 9.974439234948928}