{"MSE_train": [2.3372287247632344], "R2_train": 0.6790809019253143, "MAE_train": 0.8997136900300571, "MSE_test": 16.6782702853541, "R2_test": -0.662667743359882, "MAE_test": 2.3153960195613905}