{"MSE_train": [85.16597978862421], "R2_train": 0.587399410982643, "MAE_train": 6.411244666454105, "MSE_test": 80.10125925463224, "R2_test": 0.5171645152531876, "MAE_test": 5.925280135556335, "hyperparameters": {"alpha": 0.001, "beta": 0.001}}