{"MSE_train": 0.00020408536120122974, "R2_train": 0.47654638262161, "MAE_train": 0.010445693858354787, "MSE_test": 0.0002011989002409138, "R2_test": 0.48214625832791913, "MAE_test": 0.010401206842110097}