{"MSE_train": [750.7312684866222], "R2_train": -0.0006664398202660404, "MAE_train": 19.98750345307797, "MSE_test": 776.9434890719881, "R2_test": -0.004804953570309856, "MAE_test": 20.594500759311163}