{"MSE_train": [820.6020996549796], "R2_train": -0.09379882794293959, "MAE_train": 22.22924111402713, "MSE_test": 867.0604000685177, "R2_test": -0.12135129168033632, "MAE_test": 22.86807889587674}