{"MSE_train": [0.5008401880168722], "R2_train": 0.0027092789523057714, "MAE_train": 0.616933155811935, "MSE_test": 0.590972585498668, "R2_test": -0.10214315858891942, "MAE_test": 0.6862973210677185, "BATCH_SIZE": 32, "NUM_CORES": 16, "TOLERANCE": 1e-06, "MAX_ITER": 1000, "NUM_QUBITS": 5}