{"MSE_train": [0.06004474351596817], "R2_train": 0.880436780056982, "MAE_train": 0.20054321643562756, "MSE_test": 0.0906626397829684, "R2_test": 0.8309173544960734, "MAE_test": 0.2575785327481978}