{"MSE_train": [3.818567803197928], "R2_train": 0.4756818952482055, "MAE_train": 1.4462245711628543, "MSE_test": 10.328943648302578, "R2_test": -0.029699191414082504, "MAE_test": 2.39912192175881}