{"MSE_train": [751.4725780584315], "R2_train": -0.0016545478705973782, "MAE_train": 20.783843011589287, "MSE_test": 771.6436006046018, "R2_test": 0.002049282626148674, "MAE_test": 21.15846939457081}