{"MSE_train": [107.32074177120148], "R2_train": 0.4800670246678469, "MAE_train": 9.610875094018397, "MSE_test": 91.56003738022508, "R2_test": 0.4480931330756741, "MAE_test": 8.238976133111805, "hyperparameters": {"alpha": 0.001, "beta": 0.001}}