Time,Iteration,Cost,Parameters
Wed Mar 19 10:54:47 2025,998,0.12551275427966302,[-2.97774654  1.16206989 -2.03016573  0.03568693  0.52304953 -2.71057041
  3.2633645   2.21454704  1.23557037 -1.11546465  0.4911595   1.11511442
  1.07579708 -1.97909788  0.60109108  2.79445034 -0.62848302 -0.53016847
 -2.0002482   0.63635603  1.65834166  2.83420449 -1.32660379 -0.29301498]
Wed Mar 19 10:55:43 2025,999,0.1206573740278637,[-2.97394038  1.16587605 -2.02635957  0.03188077  0.52685569 -2.71437657
  3.25955834  2.2183532   1.23176421 -1.11927081  0.49496566  1.11892058
  1.07960324 -1.98290404  0.60489724  2.79064418 -0.63228918 -0.52636231
 -1.99644203  0.63254987  1.66214782  2.83039833 -1.33040995 -0.28920882]
