{"MSE_train": [794.1021834749622], "R2_train": -0.05847649904507768, "MAE_train": 20.792668318521613, "MSE_test": 813.8157347960911, "R2_test": -0.05249106674836557, "MAE_test": 21.30405414765851}