{"MSE_train": [2.066472079326605], "R2_train": 0.7162578275426619, "MAE_train": 0.7995043491109037, "MSE_test": 4.6699683066413105, "R2_test": 0.5344477854646648, "MAE_test": 1.370172651396586}