{"MSE_train": [0.6456112258201675], "R2_train": -0.2855639389964255, "MAE_train": 0.7292179294092029, "MSE_test": 0.5348258317988015, "R2_test": 0.0025685691388034337, "MAE_test": 0.6651005298129695, "hyperparameters": {"alpha": 0.001, "beta": 0.001}}