Time,Iteration,Cost,Parameters
Fri Apr  5 03:35:48 2024,0,0.3530612775065334,[-13.89704281   2.23743146  -2.12427964  -0.11653103   0.55388391
  -2.77011214   3.06857864   2.18960145   1.18551998  -1.06648943
   0.60271193   1.14432128   1.31029581  -1.8735468 ]
Fri Apr  5 03:36:40 2024,1,0.35240143821418324,[-13.8669466    2.23743147  -2.12427964  -0.11653103   0.55388392
  -2.77011214   3.06857866   2.18960145   1.18551998  -1.06648941
   0.60271194   1.14432129   1.31029582  -1.8735468 ]
Fri Apr  5 03:36:55 2024,2,0.3524014345858751,[-13.86687581   2.23743147  -2.12427964  -0.11653103   0.55388391
  -2.77011214   3.06857865   2.18960145   1.18551998  -1.06648941
   0.60271194   1.14432129   1.31029582  -1.8735468 ]
