{"MSE_train": [3.4225385572426044], "R2_train": 0.5300596919424743, "MAE_train": 1.2851932906965229, "MSE_test": 7.7378980224821134, "R2_test": 0.2286038526017281, "MAE_test": 1.9820595179606322}