{"MSE_train": [301.5658324309453], "R2_train": -0.4609852478341061, "MAE_train": 15.604482381115016, "MSE_test": 238.44666165439634, "R2_test": -0.437312103923031, "MAE_test": 13.249463316977838, "hyperparameters": {"alpha": 0.001, "beta": 0.001}}