{"MSE_train": [0.6029836176990397], "R2_train": -0.2006823359286103, "MAE_train": 0.681277914527316, "MSE_test": 0.6329974030370602, "R2_test": -0.18051797034402584, "MAE_test": 0.7433181782329503, "hyperparameters": {"alpha": 0.001, "beta": 0.001}}