{"MSE_train": [1097.2755602664085], "R2_train": -0.46258305000005606, "MAE_train": 25.431186223451576, "MSE_test": 1130.566196579933, "R2_test": -0.462137891160582, "MAE_test": 26.402337336117185}