{"MSE_train": [817.8270286819387], "R2_train": -0.0900998739930936, "MAE_train": 21.27668707325475, "MSE_test": 830.6637554725212, "R2_test": -0.07428026360971329, "MAE_test": 21.543536956193734}