{"MSE_train": [825.4224571967914], "R2_train": 0.01885583582505479, "MAE_train": 21.19904221274594, "MSE_test": 742.371040983208, "R2_test": 0.039906878867016604, "MAE_test": 20.013700030586538}