{"MSE_train": [0.13014806432688478], "R2_train": 0.7408445647513653, "MAE_train": 0.29940538565954056, "MSE_test": 0.17072722243591038, "R2_test": 0.6815997140817434, "MAE_test": 0.35890187162512577, "hyperparameters": {"alpha": 0.001, "beta": 0.001}}