{"MSE_train": [0.5939551034453091], "R2_train": -0.1827044385762735, "MAE_train": 0.670296130156901, "MSE_test": 0.7852505493130153, "R2_test": -0.4644647517333633, "MAE_test": 0.8194140663808607}