{"MSE_train": [3.4649232407971824], "R2_train": 0.524239955827476, "MAE_train": 1.5234758385342797, "MSE_test": 5.929289993281565, "R2_test": 0.4089051775643122, "MAE_test": 1.9125890527306004}