{"MSE_train": 0.0006588653931325662, "R2_train": -0.6917178516085132, "MAE_train": 0.022407288597609404, "MSE_test": 0.0006698338710631558, "R2_test": -0.7221983866485955, "MAE_test": 0.022398856521889138}