{"MSE_train": 0.00021179077333004055, "R2_train": 0.45678295702127814, "MAE_train": 0.010696890738266726, "MSE_test": 0.00021008198900076587, "R2_test": 0.45928261073150367, "MAE_test": 0.010663543468466161}