{"MSE_train": [0.6029836177718713], "R2_train": -0.20068233607363495, "MAE_train": 0.6812779147500551, "MSE_test": 0.632997401758628, "R2_test": -0.18051796795979436, "MAE_test": 0.7433181773919078, "hyperparameters": {"alpha": 0.001, "beta": 0.001}}