{"MSE_train": [0.10752444624300823], "R2_train": 0.7858935143592525, "MAE_train": 0.2599826148731899, "MSE_test": 0.07860819664274059, "R2_test": 0.8533984684489154, "MAE_test": 0.2326385756181503}