{"MSE_train": [107.5001105691367], "R2_train": 0.47919804304087454, "MAE_train": 7.5409825749870665, "MSE_test": 123.94440116611686, "R2_test": 0.25288621457927196, "MAE_test": 8.451910922412193, "hyperparameters": {"alpha": 0.001, "beta": 0.001}}