{"MSE_train": [107.50011044209577], "R2_train": 0.4791980436563452, "MAE_train": 7.540982569168695, "MSE_test": 123.94440101590394, "R2_test": 0.25288621548472745, "MAE_test": 8.451910947805155, "hyperparameters": {"alpha": 0.001, "beta": 0.001}}