{"MSE_train": [244.45843441412163], "R2_train": -0.1843190705944311, "MAE_train": 14.009222971888619, "MSE_test": 198.15248655591, "R2_test": -0.19442631477077765, "MAE_test": 11.977041412822185}