{"MSE_train": [318.9590238179132], "R2_train": -0.5452494226720637, "MAE_train": 15.611338676226456, "MSE_test": 394.4486929325377, "R2_test": -1.3776633180559457, "MAE_test": 18.157166973449645, "BATCH_SIZE": 32, "NUM_CORES": 16, "TOLERANCE": 1e-06, "MAX_ITER": 500, "NUM_QUBITS": 5}