{"MSE_train": [244.50034103284557], "R2_train": -0.18452209409762022, "MAE_train": 14.057305572065014, "MSE_test": 199.48829464175068, "R2_test": -0.20247831733175237, "MAE_test": 12.068932138803296}