{"MSE_train": [27.706433796193817], "R2_train": 0.8657716269776664, "MAE_train": 3.7144955140909657, "MSE_test": 29.46121915338079, "R2_test": 0.8224132533805071, "MAE_test": 3.4975788070016423}