{"MSE_train": [27.706080400500877], "R2_train": 0.8657733390611935, "MAE_train": 3.714207382776194, "MSE_test": 29.529836461759295, "R2_test": 0.8219996410145936, "MAE_test": 3.4958361961915374, "BATCH_SIZE": 32, "NUM_CORES": 16, "TOLERANCE": 1e-06, "MAX_ITER": 500, "NUM_QUBITS": 5}