{"MSE_train": [27.708248400040492], "R2_train": 0.8657628358310392, "MAE_train": 3.714876773505318, "MSE_test": 29.374195331666925, "R2_test": 0.8229378167835388, "MAE_test": 3.4998301771444096, "MAX_ITER": 1000}