{"MSE_train": [0.0009701736143824518], "R2_train": -1.488374888548849, "MAE_train": 0.026924880653738156, "MSE_test": 0.0009677806048975096, "R2_test": -1.4909122602745342, "MAE_test": 0.026897133221178805}