{"MSE_train": [3.716694755017392], "R2_train": 0.4896698316422049, "MAE_train": 1.4289335977440552, "MSE_test": 18.51960999067605, "R2_test": -0.8462321106609121, "MAE_test": 2.8889460151392923}