{"MSE_train": [0.5019386280025916], "R2_train": 0.0005220263483897147, "MAE_train": 0.6188856884077225, "MSE_test": 0.5681003024397053, "R2_test": -0.059487152348843386, "MAE_test": 0.6783910571826182, "hyperparameters": {"alpha": 0.001, "beta": 0.001}}