{"MSE_train": [0.11861939365690981], "R2_train": 0.763800862109822, "MAE_train": 0.2877262851912255, "MSE_test": 0.17419809478247283, "R2_test": 0.6751266588081701, "MAE_test": 0.3595689404786148, "BATCH_SIZE": 32, "NUM_CORES": 16, "TOLERANCE": 1e-06, "MAX_ITER": 1000, "NUM_QUBITS": 5}