{"MSE_train": [858.9509490461093], "R2_train": -0.14491486400306397, "MAE_train": 22.293213090702586, "MSE_test": 897.0638269281077, "R2_test": -0.16015410341199798, "MAE_test": 23.231142967203642}