{"MSE_train": [8.006882263910587], "R2_train": -0.09940520895518423, "MAE_train": 2.0870079212610313, "MSE_test": 18.82194298054329, "R2_test": -0.8763718854340332, "MAE_test": 3.118975146945906, "hyperparameters": {"alpha": 0.001, "beta": 0.001}}