{"MSE_train": [789.9709521354181], "R2_train": -0.05296988871705821, "MAE_train": 21.02591111929076, "MSE_test": 794.4793410459685, "R2_test": -0.027483708430045217, "MAE_test": 21.25949600489455}