{"MSE_train": [0.0007921607513992978], "R2_train": -1.031793992594543, "MAE_train": 0.022941748251390354, "MSE_test": 0.0007934011205465635, "R2_test": -1.0420873992347501, "MAE_test": 0.02294028322151057}