{"MSE_train": [808.9273072299459], "R2_train": -0.07823723691563389, "MAE_train": 21.446914497333573, "MSE_test": 832.1681346973344, "R2_test": -0.0762258461628873, "MAE_test": 21.91091461965839, "BATCH_SIZE": 25, "NUM_CORES": 16, "TOLERANCE": 1e-06, "MAX_ITER": 1000}