{"MSE_train": [5.9661791396483336e-05], "R2_train": 0.8469749111746878, "MAE_train": 0.005385250116995493, "MSE_test": 5.857745557012802e-05, "R2_test": 0.8492310121561373, "MAE_test": 0.005363681328283874}