{"MSE_train": [1982.613817032112], "R2_train": -1.6426701445743026, "MAE_train": 36.41710660291845, "MSE_test": 2042.3948680207272, "R2_test": -1.6413870627644291, "MAE_test": 36.746139257828446}