{"MSE_train": [3.4606293366758125], "R2_train": 0.5248295411869442, "MAE_train": 1.5232540319490024, "MSE_test": 5.944547076363117, "R2_test": 0.4073841889088079, "MAE_test": 1.911817854833697}