{"MSE_train": [7.967416367154999], "R2_train": -0.09398624423969837, "MAE_train": 2.026168463354648, "MSE_test": 19.810181678630663, "R2_test": -0.974890051762872, "MAE_test": 3.2162710542551536}