{"MSE_train": [764.7121853460548], "R2_train": -0.019301915504333245, "MAE_train": 20.020007584221048, "MSE_test": 786.6734542235425, "R2_test": -0.01738851636459504, "MAE_test": 20.614937072398476}