{"MSE_train": [0.370080338701262], "R2_train": 0.2630829221385824, "MAE_train": 0.5214556789853818, "MSE_test": 0.4492030713153631, "R2_test": 0.1622520163949741, "MAE_test": 0.5922176800851917}