{"MSE_train": [301.469383305594], "R2_train": -0.4605179841916409, "MAE_train": 15.68403637399376, "MSE_test": 242.0681576775296, "R2_test": -0.4591418080264291, "MAE_test": 13.497373113800554}