{"MSE_train": [120.86139178858238], "R2_train": 0.41446711979132833, "MAE_train": 9.061979365166668, "MSE_test": 133.35200378791055, "R2_test": 0.1961789366354928, "MAE_test": 8.929206040598524, "BATCH_SIZE": 32, "NUM_CORES": 16, "TOLERANCE": 1e-06, "MAX_ITER": 500, "NUM_QUBITS": 5}