{"MSE_train": [301.4889258470571], "R2_train": -0.46061266124624156, "MAE_train": 15.689893301434875, "MSE_test": 242.39017170296233, "R2_test": -0.4610828486481606, "MAE_test": 13.516642151832869, "MAX_ITER": 1000}