{"MSE_train": [0.20065461866969728], "R2_train": 0.600449416555384, "MAE_train": 0.37967095087829783, "MSE_test": 0.21491105490524634, "R2_test": 0.5991984151530854, "MAE_test": 0.39897827043665773, "hyperparameters": {"alpha": 0.001, "beta": 0.001}}