{"MSE_train": [0.31115617665407663], "R2_train": 0.3804148005724053, "MAE_train": 0.44917778253839635, "MSE_test": 0.29092229916205287, "R2_test": 0.45744010877956676, "MAE_test": 0.4636844792514285}