{"MSE_train": [0.04344696251970816], "R2_train": 0.9134868694339835, "MAE_train": 0.16759148541174632, "MSE_test": 0.04465916531064012, "R2_test": 0.9167122219825465, "MAE_test": 0.18774099109960668}