{"MSE_train": [2.2335122621597585], "R2_train": 0.6933219529964183, "MAE_train": 1.22069765637702, "MSE_test": 3.9269520943490788, "R2_test": 0.6085195607648037, "MAE_test": 1.6344060284622022}