{"MSE_train": [0.08775972654075538], "R2_train": 0.8227625850494638, "MAE_train": 0.23727321964126538, "MSE_test": 0.07735487423281537, "R2_test": 0.8557358708149485, "MAE_test": 0.238424958414946}