Time,Iteration,Cost,Parameters
Fri Apr  5 01:22:14 2024,0,0.07723046457001949,[-1.63772619  2.23743466 -2.12427962 -0.11653103  0.5538871  -2.77010899
  3.06858498  2.18960147  1.18552    -1.0664831 ]
Fri Apr  5 01:22:40 2024,1,0.07584869784140189,[-1.58541435  2.23743466 -2.12427962 -0.11653103  0.5538871  -2.77010899
  3.06858498  2.18960147  1.18552001 -1.06648311]
Fri Apr  5 01:22:53 2024,2,0.07584869499133537,[-1.58533902  2.23743465 -2.12427961 -0.11653103  0.5538871  -2.77010899
  3.06858498  2.18960147  1.18552001 -1.06648311]
