{"MSE_train": [847.4121370276688], "R2_train": -0.1295345242903938, "MAE_train": 21.76811128867385, "MSE_test": 873.1883286833876, "R2_test": -0.12927641508242727, "MAE_test": 22.21466118304613}