{"MSE_train": [1576.1062992517157], "R2_train": -1.100827214017413, "MAE_train": 31.3289204904068, "MSE_test": 1686.5876968982275, "R2_test": -1.1812290035383213, "MAE_test": 33.00270443603886}