Time,Iteration,Cost,Parameters
Fri Oct 25 13:55:09 2024,205,0.14646751142421868,[-1.50258973  2.35972865 -2.20510038 -0.26174003  0.58681274 -2.99821975
  3.18259136  2.00619758  1.16287673 -0.96349236]
