{"MSE_train": [9.112404291493487e-05], "R2_train": 0.7662781415912799, "MAE_train": 0.0060702270850703415, "MSE_test": 8.987941466613041e-05, "R2_test": 0.7686647833143209, "MAE_test": 0.006043060955439791}