{"MSE_train": [5.23677296394574], "R2_train": 0.9746295925340509, "MAE_train": 1.8450252666432168, "MSE_test": 5.292487645261414, "R2_test": 0.9680978693531771, "MAE_test": 1.9766903780052238}