{"MSE_train": [2.856112325794894], "R2_train": 0.9861630943382852, "MAE_train": 1.2571393376500004, "MSE_test": 2.113989929253157, "R2_test": 0.9872572620987629, "MAE_test": 1.2371054834222466}