{"MSE_train": [744.4199527657127], "R2_train": 0.0077460535686872944, "MAE_train": 19.638370335386195, "MSE_test": 771.2689513507833, "R2_test": 0.0025338087614250604, "MAE_test": 20.30381324755944}