{"MSE_train": [858.4833906746343], "R2_train": -0.144291645028936, "MAE_train": 21.55095353323125, "MSE_test": 850.6441000919773, "R2_test": -0.1001204302756975, "MAE_test": 21.78936177133379}