{"MSE_train": [0.14239150776091483], "R2_train": 0.7164649865494276, "MAE_train": 0.31762473029943966, "MSE_test": 0.1539748514599362, "R2_test": 0.7128422987876546, "MAE_test": 0.33829242920258984, "hyperparameters": {"alpha": 0.001, "beta": 0.001}}