{"MSE_train": [0.4817375939049525], "R2_train": 0.04074704092023318, "MAE_train": 0.6074274595503316, "MSE_test": 0.5356956542821676, "R2_test": 0.0009463806942755504, "MAE_test": 0.6610080131716279}