{"MSE_train": [209.4680242475033], "R2_train": -0.014802276675810244, "MAE_train": 12.632914229798724, "MSE_test": 191.94133565446424, "R2_test": -0.15698665296968373, "MAE_test": 12.06157426856333}