{"MSE_train": [0.1984816197053977], "R2_train": 0.6047763690559871, "MAE_train": 0.37533803711278624, "MSE_test": 0.21201842879016136, "R2_test": 0.6045930614722652, "MAE_test": 0.40945199019032}