{"MSE_train": [1176.3493797730257], "R2_train": -0.567982306392008, "MAE_train": 26.39695156199227, "MSE_test": 1187.3396787147274, "R2_test": -0.5355618619935381, "MAE_test": 26.079408518785993}