{"MSE_train": [1.6322965536974237], "R2_train": 0.992092071022043, "MAE_train": 0.9887383126444032, "MSE_test": 54.686806872526105, "R2_test": 0.6703581048381024, "MAE_test": 2.9730214758582996, "hyperparameters": {"alpha": 0.001, "beta": 0.001}}