{"MSE_train": [206.14272406127847], "R2_train": 0.0013076867027729255, "MAE_train": 12.539285759191317, "MSE_test": 188.7458029860348, "R2_test": -0.13772457670093674, "MAE_test": 11.901822681732776}