{"MSE_train": [7.196126986626034], "R2_train": 0.01448048191858653, "MAE_train": 2.369696761501623, "MSE_test": 6.662791372191421, "R2_test": -0.031101830188465573, "MAE_test": 2.0237710943718987}