{"MSE_train": [7.5632335861679465], "R2_train": 0.012081311791180771, "MAE_train": 2.309668299093951, "MSE_test": 7.5441902648833, "R2_test": -0.1316897959557648, "MAE_test": 1.9923453572315242}