{"MSE_train": [0.03021851002736674], "R2_train": 0.9960528217929883, "MAE_train": 0.1451583349209882, "MSE_test": 0.05716637952786209, "R2_test": 0.9914245788995333, "MAE_test": 0.19640146835225858}