{"MSE_train": [0.0671558937202397], "R2_train": 0.9908029077115372, "MAE_train": 0.16608769199151105, "MSE_test": 0.40335887180539604, "R2_test": 0.9375781038744267, "MAE_test": 0.3776396203075759}