{"MSE_train": [0.00017870009110108683], "R2_train": 0.9999755267760018, "MAE_train": 0.009229130637751697, "MSE_test": 0.302180586733681, "R2_test": 0.9532359729393654, "MAE_test": 0.43624881766929746}