{"MSE_train": [0.0004055297178391725], "R2_train": 0.9999470292194056, "MAE_train": 0.012477211541904183, "MSE_test": 0.16991036872697446, "R2_test": 0.9745120650773549, "MAE_test": 0.3100025065133165}