{"MSE_train": [0.0], "R2_train": 1.0, "MAE_train": 0.0, "MSE_test": 0.08907921311700691, "R2_test": 0.9866373947399583, "MAE_test": 0.21680955277076935}