{"MSE_train": [0.0], "R2_train": 1.0, "MAE_train": 0.0, "MSE_test": 0.26064009617986933, "R2_test": 0.9596645812274369, "MAE_test": 0.3500551523239849}