{"MSE_train": [0.032729029613888676], "R2_train": 0.9957248946982632, "MAE_train": 0.14448194456948085, "MSE_test": 0.04276976891942364, "R2_test": 0.9935841873863124, "MAE_test": 0.16708444195904099}