{"MSE_train": [0.029933302621151042], "R2_train": 0.9959005929121864, "MAE_train": 0.14002967714643294, "MSE_test": 0.06185758695256756, "R2_test": 0.9904272147280433, "MAE_test": 0.18571173835541827}