{"MSE_train": [7.3018614594617945], "R2_train": 0.0, "MAE_train": 2.3843442028974153, "MSE_test": 6.488911603175218, "R2_test": -0.004193026047659032, "MAE_test": 2.005864686797581}