{"MSE_train": [7.56282457111468], "R2_train": 0.012134737830490128, "MAE_train": 2.307194932674739, "MSE_test": 7.605112428856922, "R2_test": -0.14082861521876988, "MAE_test": 2.0017455793161014}