{"MSE_train": [0.019048092610502533], "R2_train": 0.9975119151814823, "MAE_train": 0.10013892095145138, "MSE_test": 0.1452973424005508, "R2_test": 0.9782042188756042, "MAE_test": 0.26946224352038445}