{"MSE_train": [0.025805037913929064], "R2_train": 0.9964659644588996, "MAE_train": 0.10920396541945734, "MSE_test": 0.27034433658954654, "R2_test": 0.958162799243272, "MAE_test": 0.3394118066229955}