{"MSE_train": [7.236593022993196], "R2_train": 0.008938602414049202, "MAE_train": 2.3756294246019785, "MSE_test": 6.589754370949318, "R2_test": -0.019798972055082187, "MAE_test": 2.016518449994936}