{"MSE_train": [7.569359069850887], "R2_train": 0.011281193728482908, "MAE_train": 2.317303667968224, "MSE_test": 7.362403288274538, "R2_test": -0.10442027341689131, "MAE_test": 1.9633265420012687}