{"MSE_train": [0.0390112118097012], "R2_train": 0.9946573607255791, "MAE_train": 0.1281420182583683, "MSE_test": 0.15706265515561021, "R2_test": 0.9756937322304384, "MAE_test": 0.3140649490289547}