{"MSE_train": [0.03926089669174805], "R2_train": 0.9948716943466418, "MAE_train": 0.148898663138862, "MSE_test": 0.08426929270342289, "R2_test": 0.9873589218568908, "MAE_test": 0.22208151559453038}