{"MSE_train": [3.3755502438555234], "R2_train": 0.5365115410886293, "MAE_train": 1.2688689307295309, "MSE_test": 6.4558189240760795, "R2_test": 0.35641516186127065, "MAE_test": 1.905967423622446}