{"MSE_train": [8.734688008631334], "R2_train": -0.19933841647342487, "MAE_train": 2.614699287408471, "MSE_test": 10.460975829670767, "R2_test": -0.04286156648598083, "MAE_test": 2.8900501898706694, "hyperparameters": {"alpha": 0.001, "beta": 0.001}}