{"MSE_train": [0.00043937182264473383], "R2_train": -0.1269341837347644, "MAE_train": 0.013466445830488366, "MSE_test": 0.00043630391340956454, "R2_test": -0.12297638702186786, "MAE_test": 0.013400804498160123}