{"MSE_train": [191.95743083459215], "R2_train": 0.07003067157585341, "MAE_train": 11.197196492244611, "MSE_test": 197.88038239785186, "R2_test": -0.19278612154185493, "MAE_test": 10.220631560325149, "hyperparameters": {"alpha": 0.001, "beta": 0.001}}