{"MSE_train": [0.2597577561050582], "R2_train": 0.4827611559897075, "MAE_train": 0.43308974047946974, "MSE_test": 0.2939002315827815, "R2_test": 0.45188636919031544, "MAE_test": 0.4878512001786586, "hyperparameters": {"alpha": 0.001, "beta": 0.001}}