{"MSE_train": [0.11570265064406167], "R2_train": 0.7696087841016893, "MAE_train": 0.28321986467180765, "MSE_test": 0.16996471618082792, "R2_test": 0.6830217615219156, "MAE_test": 0.35549353961690067}