{"MSE_train": [7.556133476328891], "R2_train": -0.03751400727845078, "MAE_train": 2.403791416716401, "MSE_test": 9.420974160213666, "R2_test": 0.060816884532120974, "MAE_test": 2.66084106070497}