{"MSE_train": [7.8407198908942775], "R2_train": 0.9620143435990247, "MAE_train": 2.216966094511089, "MSE_test": 11.777739716515615, "R2_test": 0.9290059767079537, "MAE_test": 2.8891794102015576}