{"MSE_train": [758.1979064128743], "R2_train": -0.010618887926166165, "MAE_train": 20.18786101519682, "MSE_test": 776.1817010549704, "R2_test": -0.003819748875455886, "MAE_test": 20.633909263629345}