{"MSE_train": [2412.0863145145704], "R2_train": -2.215123608412073, "MAE_train": 39.03794774163626, "MSE_test": 2562.149406303951, "R2_test": -2.313574862846814, "MAE_test": 39.96111221915487, "BATCH_SIZE": 25, "NUM_CORES": 16, "TOLERANCE": 1e-06, "MAX_ITER": 1000}