{"MSE_train": [0.046901065887831786], "R2_train": 0.9066089364705584, "MAE_train": 0.17398944166547275, "MSE_test": 0.04917015490722311, "R2_test": 0.9082993844934022, "MAE_test": 0.18924436053167115}