{"MSE_train": [1.0413412047924715], "R2_train": 0.857016013585123, "MAE_train": 0.7759199340638876, "MSE_test": 1.9604793238739167, "R2_test": 0.8045585257008595, "MAE_test": 0.8393122568067598, "hyperparameters": {"alpha": 0.001, "beta": 0.001}}