{"MSE_train": [761.2242492337972], "R2_train": -0.01465276772231916, "MAE_train": 20.154398507285688, "MSE_test": 775.020992974507, "R2_test": -0.002318629108956749, "MAE_test": 20.535762241041034}