Time,Iteration,Cost,Parameters
Fri Mar 22 12:11:05 2024,0,0.401961966221339,[-4.43042687  2.23743495 -2.12427901 -0.11653071  0.5538877  -2.77010897
  3.06858498  2.18960177  1.1855203  -1.06648308  0.6027151   1.14432476
  1.31029899 -1.87354617  0.7296508   2.88578419 -0.54534335 -0.47522423
 -2.0265424   0.72897401  1.60512664  2.83077107 -1.2645671  -0.25136105
 -2.39279218 -2.27309774  3.13337155  2.54856958 -0.67550787 -2.69002202]
