{"MSE_train": [202.18398563267715], "R2_train": 0.020486445773712725, "MAE_train": 12.61757225064007, "MSE_test": 168.31853891976453, "R2_test": -0.014592830218207675, "MAE_test": 10.998807976720391}