{"MSE_train": [7.794165919700156], "R2_train": -0.07019765361133512, "MAE_train": 2.443431299517015, "MSE_test": 10.614066626300406, "R2_test": -0.05812328877530559, "MAE_test": 2.7685713467115245, "hyperparameters": {"alpha": 0.001, "beta": 0.001}}