{"MSE_train": [789.2886708926625], "R2_train": -0.0520604608421269, "MAE_train": 20.872705126033445, "MSE_test": 809.8851505837137, "R2_test": -0.047407723438880556, "MAE_test": 21.347842283689328}