Time,Iteration,Cost,Parameters
Thu Mar 28 07:32:17 2024,0,0.16863640972383354,[-2.43056607  2.23743461 -2.12427964 -0.11653105  0.55388706 -2.77010899
  3.06858494  2.18960143  1.18552001 -1.06648311  0.60271508  1.14432443
  1.31029896 -1.8735468 ]
Thu Mar 28 07:32:48 2024,1,0.1682998133240397,[-2.38882371  2.23743461 -2.12427964 -0.11653105  0.55388706 -2.770109
  3.06858494  2.18960143  1.18552001 -1.06648311  0.60271508  1.14432443
  1.31029896 -1.8735468 ]
Thu Mar 28 07:33:04 2024,2,0.16829713956868853,[-2.38452894  2.23743462 -2.12427963 -0.11653105  0.55388706 -2.770109
  3.06858494  2.18960143  1.18552001 -1.06648311  0.60271508  1.14432443
  1.31029896 -1.8735468 ]
Thu Mar 28 07:33:19 2024,3,0.1682971226759319,[-2.38484561  2.23743462 -2.12427964 -0.11653105  0.55388706 -2.770109
  3.06858494  2.18960143  1.18552001 -1.06648311  0.60271508  1.14432443
  1.31029896 -1.8735468 ]
