{"MSE_train": [0.1444184731904326], "R2_train": 0.7124288211954715, "MAE_train": 0.32046568840043466, "MSE_test": 0.18036141838367575, "R2_test": 0.6636322763140929, "MAE_test": 0.3678313608500931}