{"MSE_train": [0.14437271401063692], "R2_train": 0.7125199384949712, "MAE_train": 0.32039554598699427, "MSE_test": 0.18379101672041936, "R2_test": 0.6572361956221936, "MAE_test": 0.373062145250423, "BATCH_SIZE": 32, "NUM_CORES": 16, "TOLERANCE": 1e-06, "MAX_ITER": 1000, "NUM_QUBITS": 5}