{"MSE_train": [0.0005438780795632659], "R2_train": -0.39497975986377565, "MAE_train": 0.0198240202464035, "MSE_test": 0.000540508511145278, "R2_test": -0.39118233035584593, "MAE_test": 0.019814524066114975}