Time,Iteration,Cost,Parameters
Thu Apr  4 23:40:21 2024,0,0.2213436500258028,[-3.03839537  2.10870251 -1.80451378 -0.11653103  0.55388708 -2.77010897
  3.06858499  2.18960145  1.18551999 -1.06648308  0.6027151   1.14432445
  1.31029899 -1.8735468   0.7296508 ]
Thu Apr  4 23:40:26 2024,1,0.21045560855774173,[-3.09442717  1.99647538 -1.65028638 -0.11653103  0.55388707 -2.77010897
  3.06858499  2.18960145  1.18551999 -1.06648309  0.6027151   1.14432445
  1.31029899 -1.8735468   0.7296508 ]
Thu Apr  4 23:40:33 2024,2,0.20617491396513948,[-3.08014072  1.93612689 -1.675055   -0.11653103  0.55388707 -2.77010896
  3.06858498  2.18960145  1.18551999 -1.06648309  0.6027151   1.14432445
  1.31029899 -1.8735468   0.7296508 ]
Thu Apr  4 23:40:39 2024,3,0.19932565146254314,[-3.06018927  1.76992918 -1.69807423 -0.11653104  0.55388707 -2.77010897
  3.06858499  2.18960145  1.18551999 -1.06648309  0.6027151   1.14432445
  1.31029899 -1.87354679  0.7296508 ]
Thu Apr  4 23:40:45 2024,4,0.19426142220882964,[-3.03521007  1.50042104 -1.71771304 -0.11653104  0.55388708 -2.77010897
  3.06858498  2.18960144  1.18551999 -1.06648309  0.60271511  1.14432445
  1.31029899 -1.87354678  0.72965081]
Thu Apr  4 23:40:50 2024,5,0.19372175068207848,[-3.02652376  1.39710967 -1.7268509  -0.11653104  0.55388708 -2.77010897
  3.06858498  2.18960144  1.18552    -1.06648308  0.60271511  1.14432445
  1.31029898 -1.87354678  0.72965081]
Thu Apr  4 23:40:56 2024,6,0.19368021631513135,[-3.02449552  1.36410732 -1.73206493 -0.11653104  0.55388708 -2.77010897
  3.06858499  2.18960144  1.18552    -1.06648308  0.60271512  1.14432445
  1.31029899 -1.87354678  0.72965081]
Thu Apr  4 23:41:03 2024,7,0.1936794959780289,[-3.02445539  1.36055288 -1.73316065 -0.11653104  0.55388708 -2.77010897
  3.06858499  2.18960144  1.18552001 -1.06648308  0.60271512  1.14432445
  1.31029899 -1.87354678  0.72965081]
Thu Apr  4 23:41:08 2024,8,0.19367948883391395,[-3.02449066  1.36055014 -1.73327149 -0.11653103  0.55388709 -2.77010896
  3.06858499  2.18960144  1.18552    -1.06648308  0.60271512  1.14432445
  1.31029899 -1.87354678  0.72965081]
Thu Apr  4 23:41:14 2024,9,0.19367948871256074,[-3.02449773  1.36059135 -1.73327946 -0.11653103  0.55388709 -2.77010896
  3.068585    2.18960144  1.18552001 -1.06648307  0.60271513  1.14432446
  1.31029899 -1.87354678  0.72965081]
