{"MSE_train": [0.00047139904826525394], "R2_train": -0.20908004175701067, "MAE_train": 0.01384112162909625, "MSE_test": 0.0004690634281397575, "R2_test": -0.2072941305983922, "MAE_test": 0.013878461850617663}