{"MSE_train": [256.561372289825], "R2_train": -0.2429537426636028, "MAE_train": 14.357426301932747, "MSE_test": 223.38060693300613, "R2_test": -0.3464967297040076, "MAE_test": 12.700345461109215, "MAX_ITER": 1000}