{"MSE_train": [0.049711381077638124], "R2_train": 0.9010129373293736, "MAE_train": 0.17536179687531708, "MSE_test": 0.05525430230505789, "R2_test": 0.8969526628435106, "MAE_test": 0.20040330527839342}