{"MSE_train": [0.0007174290219786322], "R2_train": -0.8401163834414827, "MAE_train": 0.02242309663598011, "MSE_test": 0.0007156565254552653, "R2_test": -0.841985264408952, "MAE_test": 0.022426062003447936}