{"MSE_train": [0.06586323947092967], "R2_train": 0.8688507848330103, "MAE_train": 0.21846744563804932, "MSE_test": 0.07613778229307731, "R2_test": 0.8580057046239468, "MAE_test": 0.23598749867535865}