{"MSE_train": [2.2151079414275864e-16], "R2_train": 0.9999999999999994, "MAE_train": 9.932845912441479e-09, "MSE_test": 0.9834039398476593, "R2_test": -1.1537572635980515, "MAE_test": 0.6776705801554079}