{"MSE_train": [0.0070283598626557685], "R2_train": 0.9818493911302987, "MAE_train": 0.04715704743903548, "MSE_test": 0.9954311246750608, "R2_test": -1.180098053616307, "MAE_test": 0.672546572720873}