{"MSE_train": [0.010700619458045284], "R2_train": 0.9723658488976253, "MAE_train": 0.05721742948836193, "MSE_test": 0.9881874935812542, "R2_test": -1.1642337455217846, "MAE_test": 0.6592654079268553}