{"MSE_train": [0.00016992818584599044], "R2_train": 0.999561163614627, "MAE_train": 0.007143441633681061, "MSE_test": 0.25634732992882003, "R2_test": 0.43857259314652464, "MAE_test": 0.3174344277995938}