{"MSE_train": [2.2151078304394423e-16], "R2_train": 0.9999999999999994, "MAE_train": 9.932845625171272e-09, "MSE_test": 0.98340393984766, "R2_test": -1.1537572635980533, "MAE_test": 0.6776705801554084}