{"MSE_train": [0.007938553667057799], "R2_train": 0.9794988325274152, "MAE_train": 0.04777996709547789, "MSE_test": 0.9994584983497641, "R2_test": -1.1889184222905054, "MAE_test": 0.6755469522713529}