{"MSE_train": [0.00016958876519135806], "R2_train": 0.9995620401621665, "MAE_train": 0.007043866795812467, "MSE_test": 0.25589759266271306, "R2_test": 0.43955756469721685, "MAE_test": 0.31760180114505066}