{"MSE_train": [0.009325403551925841], "R2_train": 0.9759173184454487, "MAE_train": 0.049329929401328916, "MSE_test": 0.9949419890558733, "R2_test": -1.179026795560464, "MAE_test": 0.6714538081241405}