{"MSE_train": [0.001755181699302372], "R2_train": 0.995467275845028, "MAE_train": 0.030883578075586764, "MSE_test": 0.04828473696556563, "R2_test": 0.8942513866920055, "MAE_test": 0.17526833385251078}