{"MSE_train": [0.0], "R2_train": 1.0, "MAE_train": 0.0, "MSE_test": 1.0304602171046462, "R2_test": -1.2568154219330885, "MAE_test": 0.6794661349927965}