{"MSE_train": [0.002076293523870909], "R2_train": 0.9947484078323368, "MAE_train": 0.030739965531705032, "MSE_test": 0.003140388666713187, "R2_test": 0.9931222210656363, "MAE_test": 0.04286635936895764}