{"MSE_train": [0.39524094746234517], "R2_train": 0.00031270137405037257, "MAE_train": 0.5542335122632432, "MSE_test": 0.47771837318264715, "R2_test": -0.046253095503926867, "MAE_test": 0.6218089535497524}