{"MSE_train": [0.0013329920054793386], "R2_train": 0.9966284485815464, "MAE_train": 0.029330734612012542, "MSE_test": 0.02456683331604656, "R2_test": 0.9461960710608558, "MAE_test": 0.11991161046507345}