{"MSE_train": [0.0010006516185995767], "R2_train": 0.9974690407967944, "MAE_train": 0.02717931982121129, "MSE_test": 0.02357520334465987, "R2_test": 0.948367844192054, "MAE_test": 0.11700498882689796}