{"MSE_train": [0.001146473603610335], "R2_train": 0.9971002116377419, "MAE_train": 0.02648833059614649, "MSE_test": 0.023687546777666213, "R2_test": 0.9481218003487759, "MAE_test": 0.11511646688625995}