{"MSE_train": [0.0], "R2_train": 1.0, "MAE_train": 0.0, "MSE_test": 0.03622585774899101, "R2_test": 0.9206615907304118, "MAE_test": 0.12660826770580763}