{"MSE_train": [0.002069610689391535], "R2_train": 0.994765310799478, "MAE_train": 0.03074256214334636, "MSE_test": 0.0031212098473010082, "R2_test": 0.9931642246817929, "MAE_test": 0.04262889964272321}