{"MSE_train": [0.00100065161859958], "R2_train": 0.9974690407967944, "MAE_train": 0.027179319821211342, "MSE_test": 0.02357520334465989, "R2_test": 0.948367844192054, "MAE_test": 0.117004988826898}