{"MSE_train": [0.0023096768044159016], "R2_train": 0.9941581089203174, "MAE_train": 0.0376756537042574, "MSE_test": 0.0015109037590023573, "R2_test": 0.9966909630786581, "MAE_test": 0.02839985376843564}