{"MSE_train": [0.002394518330753542], "R2_train": 0.9939435183096524, "MAE_train": 0.036329497503112276, "MSE_test": 0.02505764645765255, "R2_test": 0.9451211390558376, "MAE_test": 0.12631648642624455}