{"MSE_train": [0.0015652683396295006], "R2_train": 0.9960409494812832, "MAE_train": 0.032173736788548915, "MSE_test": 0.0019294741752351866, "R2_test": 0.995774250181994, "MAE_test": 0.02926551563195041}