{"MSE_train": [0.0019212728351936065], "R2_train": 0.9942369676625948, "MAE_train": 0.03483185468501703, "MSE_test": 0.0016343693276664039, "R2_test": 0.9964205605975011, "MAE_test": 0.033063230118620265}