{"MSE_train": [0.0016601658280920742], "R2_train": 0.9950201818411775, "MAE_train": 0.03267592687519393, "MSE_test": 0.0018689655177989849, "R2_test": 0.9959067704569117, "MAE_test": 0.03259084903063095}