{"MSE_train": [0.0006718106294144577], "R2_train": 0.9979848430108377, "MAE_train": 0.020242298786939346, "MSE_test": 0.017079789249385892, "R2_test": 0.9625934789703128, "MAE_test": 0.08444799202398964}