{"MSE_train": [3.070609961737743e-05], "R2_train": 0.9999078942658174, "MAE_train": 0.0036160056435451883, "MSE_test": 0.01181503305908548, "R2_test": 0.9741238444960894, "MAE_test": 0.07769422314553658}