{"MSE_train": [0.002191435181953217], "R2_train": 0.9934265911704044, "MAE_train": 0.03672360326881492, "MSE_test": 0.017292883709926567, "R2_test": 0.9621267798616097, "MAE_test": 0.09459594646937228}