{"MSE_train": [0.0006310409411687275], "R2_train": 0.9981071353929722, "MAE_train": 0.019866702105703002, "MSE_test": 0.016289225556455744, "R2_test": 0.9643248959669225, "MAE_test": 0.08241874314055624}