{"MSE_train": [0.0017430619166923023], "R2_train": 0.994771527495737, "MAE_train": 0.03244362520422917, "MSE_test": 0.0026773820181171227, "R2_test": 0.9941362539488708, "MAE_test": 0.042217125626818515}