{"MSE_train": [0.0007570746757667308], "R2_train": 0.997729085761089, "MAE_train": 0.020830241432344722, "MSE_test": 0.016194777106563796, "R2_test": 0.9645317479295268, "MAE_test": 0.08234836272465762}