{"MSE_train": [3.0706099617376983e-05], "R2_train": 0.9999078942658174, "MAE_train": 0.003616005643545153, "MSE_test": 0.011815033059085437, "R2_test": 0.9741238444960894, "MAE_test": 0.07769422314553649}