{"MSE_train": [0.0015642858055539125], "R2_train": 0.9949751221814745, "MAE_train": 0.03138671372552407, "MSE_test": 0.0018051061953945648, "R2_test": 0.99604662903781, "MAE_test": 0.036281087201840395}