{"MSE_train": [0.3071811094532079], "R2_train": 0.013257335915728419, "MAE_train": 0.4688366036624218, "MSE_test": 0.5677969822377801, "R2_test": -0.2435346506066609, "MAE_test": 0.658665108650465}