{"MSE_train": [0.0016161196064483645], "R2_train": 0.9948086190300429, "MAE_train": 0.030372167077961507, "MSE_test": 0.0027836281092529446, "R2_test": 0.993903563920653, "MAE_test": 0.04488242686501986}