{"MSE_train": [0.0004908971563323708], "R2_train": 0.9984231153774624, "MAE_train": 0.017595459758393328, "MSE_test": 0.010704238193677156, "R2_test": 0.9765566011821274, "MAE_test": 0.0720158120955567}