{"MSE_train": [4.187814404363481e-05], "R2_train": 0.9998654769119948, "MAE_train": 0.00478119650030931, "MSE_test": 0.008493644372547727, "R2_test": 0.9813980323643738, "MAE_test": 0.06882637641935778}