{"MSE_train": [0.0016153898949865355], "R2_train": 0.9948109630460312, "MAE_train": 0.03037139531401489, "MSE_test": 0.0027808419169959827, "R2_test": 0.9939096659724834, "MAE_test": 0.04480684072799135}