{"MSE_train": [0.0005102465929304361], "R2_train": 0.9983609601406014, "MAE_train": 0.017967067014251832, "MSE_test": 0.009638515639494718, "R2_test": 0.9788906448025, "MAE_test": 0.06844292130958847}