{"MSE_train": [4.1878144043635094e-05], "R2_train": 0.9998654769119948, "MAE_train": 0.004781196500309339, "MSE_test": 0.00849364437254774, "R2_test": 0.9813980323643738, "MAE_test": 0.06882637641935781}