{"MSE_train": [0.0004865309867736471], "R2_train": 0.9984371406076918, "MAE_train": 0.017765857759824817, "MSE_test": 0.009535216790531159, "R2_test": 0.9791168800627645, "MAE_test": 0.06756225751257726}