{"MSE_train": [0.000533890287416759], "R2_train": 0.9983895148835884, "MAE_train": 0.018084814425755977, "MSE_test": 0.008703507008912257, "R2_test": 0.9809384112879137, "MAE_test": 0.07050917426494381}