{"MSE_train": [0.3312862775837607], "R2_train": 0.0006718011268747048, "MAE_train": 0.487012518908955, "MSE_test": 0.5166713689506145, "R2_test": -0.1315642216594315, "MAE_test": 0.6418786929962932}