{"MSE_train": [0.0017590731777375377], "R2_train": 0.9946937390729985, "MAE_train": 0.033829287819908224, "MSE_test": 0.0018391460965331014, "R2_test": 0.99597207810166, "MAE_test": 0.03721237624620999}