{"MSE_train": [0.0005408449880038408], "R2_train": 0.998368535963296, "MAE_train": 0.018251268214241882, "MSE_test": 0.009017497690290296, "R2_test": 0.9802507389252986, "MAE_test": 0.07044052804590502}