{"MSE_train": [6.278713000092603e-05], "R2_train": 0.9998106020267611, "MAE_train": 0.005113349772219898, "MSE_test": 0.008522091725313421, "R2_test": 0.9813357296928402, "MAE_test": 0.06976823665020396}