{"MSE_train": [0.0005693792725345304], "R2_train": 0.9982824620233364, "MAE_train": 0.01855001327052968, "MSE_test": 0.009186841604397537, "R2_test": 0.9798798580794164, "MAE_test": 0.07069857256103998}