{"MSE_train": [6.278713000092544e-05], "R2_train": 0.9998106020267611, "MAE_train": 0.005113349772219872, "MSE_test": 0.008522091725313406, "R2_test": 0.9813357296928402, "MAE_test": 0.06976823665020392}