{"MSE_train": [0.001841732410472352], "R2_train": 0.9944443967133584, "MAE_train": 0.0331020999031903, "MSE_test": 0.0026022168504466767, "R2_test": 0.9943008735108637, "MAE_test": 0.045619125943375874}