{"MSE_train": [0.0005349809278259847], "R2_train": 0.9983862249564484, "MAE_train": 0.01834058718574791, "MSE_test": 0.009160556954092925, "R2_test": 0.9799374242068446, "MAE_test": 0.0711230831507385}