{"MSE_train": [0.0018250689395046982], "R2_train": 0.9944946622316, "MAE_train": 0.03328986878384602, "MSE_test": 0.0015636304675534247, "R2_test": 0.9965754860839808, "MAE_test": 0.03333009515116112}