{"MSE_train": [1.0564480137918992], "R2_train": 0.854941734988631, "MAE_train": 0.8071797961320419, "MSE_test": 1.9250934097215187, "R2_test": 0.8080861707757903, "MAE_test": 1.1482954139296668}