{"MSE_train": [101.22892560162089], "R2_train": 0.5095798294989862, "MAE_train": 7.347578174189678, "MSE_test": 118.84123278273368, "R2_test": 0.2836471639459066, "MAE_test": 7.8188816602216775}