{"MSE_train": [788.4699893835764], "R2_train": -0.05096922201215848, "MAE_train": 20.841827178832503, "MSE_test": 809.7277419599346, "R2_test": -0.04720415011967205, "MAE_test": 21.32712928370452}