{"MSE_train": [88.55802960577911], "R2_train": 0.5709660680444423, "MAE_train": 6.823010483152205, "MSE_test": 102.84874396370401, "R2_test": 0.38004691050541695, "MAE_test": 6.7345900012164845, "hyperparameters": {"alpha": 0.001, "beta": 0.001}}