{"MSE_train": [202.1839856326771], "R2_train": 0.020486445773712947, "MAE_train": 12.61757225064007, "MSE_test": 168.3185389197642, "R2_test": -0.014592830218205677, "MAE_test": 10.998807976720375}