{"MSE_train": [1171.5469367930825], "R2_train": -0.5615810231087539, "MAE_train": 26.27036635750308, "MSE_test": 1251.0310819046504, "R2_test": -0.6179326371209795, "MAE_test": 27.37574233255171}