{"MSE_train": [1079.0344128317752], "R2_train": -0.4382690180316693, "MAE_train": 25.209881800851527, "MSE_test": 1147.1130817942621, "R2_test": -0.4835376357538168, "MAE_test": 26.271065836805505}