{"MSE_train": [0.589780715330444], "R2_train": -0.17439224911422002, "MAE_train": 0.6694770441048274, "MSE_test": 0.6324817538818521, "R2_test": -0.17955630274287082, "MAE_test": 0.6679460580412562, "hyperparameters": {"alpha": 0.001, "beta": 0.001}}