{"MSE_train": [205.999614001184], "R2_train": 0.00200100691391647, "MAE_train": 12.55428352385322, "MSE_test": 191.64240223181088, "R2_test": -0.15518473792643794, "MAE_test": 12.026774236561128}