{"MSE_train": [0.481568218966529], "R2_train": 0.041084306296513495, "MAE_train": 0.6073715320382809, "MSE_test": 0.5163230617321116, "R2_test": 0.03707558679807188, "MAE_test": 0.6533906039347024}