{"MSE_train": [1137.0374503702628], "R2_train": -0.5155825595195631, "MAE_train": 25.55819567372034, "MSE_test": 1231.0245074596264, "R2_test": -0.5920585479638072, "MAE_test": 26.6136842538935}