{"MSE_train": [3.4141128344932326], "R2_train": 0.5312166071030261, "MAE_train": 1.251676900692673, "MSE_test": 6.577122722571841, "R2_test": 0.3443223063399736, "MAE_test": 1.861268008254974, "hyperparameters": {"alpha": 0.001, "beta": 0.001}}