{"MSE_train": [8.716201773529184], "R2_train": -0.1968001172334224, "MAE_train": 2.6246471572209513, "MSE_test": 12.329481566770415, "R2_test": -0.22913413337720057, "MAE_test": 2.9703978230455554}