{"MSE_train": [1389.6522969027037], "R2_train": -0.8522985186602274, "MAE_train": 30.03610544215051, "MSE_test": 1375.3680420442486, "R2_test": -0.7787350573965763, "MAE_test": 29.99680355505273}