{"MSE_train": [990.2381214124057], "R2_train": -0.31991046213591656, "MAE_train": 24.362859584114943, "MSE_test": 1015.4450114985001, "R2_test": -0.31325404226074216, "MAE_test": 24.725145552711673, "BATCH_SIZE": 25, "NUM_CORES": 16, "TOLERANCE": 1e-06, "MAX_ITER": 1000}