{"MSE_train": [798.68027718224], "R2_train": -0.06457874218257253, "MAE_train": 21.22642947944848, "MSE_test": 805.3180745136838, "R2_test": -0.041501218367347326, "MAE_test": 21.328394837750896}