{"MSE_train": [6.729955710545267], "R2_train": 0.967395623262675, "MAE_train": 1.9777415365277804, "MSE_test": 10.909169931866474, "R2_test": 0.9342415537377025, "MAE_test": 2.4266642107764276}