{"MSE_train": [0.20065494242077464], "R2_train": 0.6004487718907721, "MAE_train": 0.3796696765119377, "MSE_test": 0.21490748179803773, "R2_test": 0.5992050788727934, "MAE_test": 0.39897339482594985, "hyperparameters": {"alpha": 0.001, "beta": 0.001}}