{"MSE_train": [1073.9228985359682], "R2_train": -0.43145576670301944, "MAE_train": 25.353963925587426, "MSE_test": 1172.8606696728805, "R2_test": -0.5168364589073826, "MAE_test": 26.610340312041437}