{"MSE_train": [750.7318400132701], "R2_train": -0.0006672016208730813, "MAE_train": 19.988744305097466, "MSE_test": 777.1537922058254, "R2_test": -0.005076934265950239, "MAE_test": 20.599812144951578}