{"MSE_train": [6.04910412565615], "R2_train": 0.16941246716789082, "MAE_train": 2.0266866660996037, "MSE_test": 9.820162559319403, "R2_test": 0.02102153025611908, "MAE_test": 2.75778824353447, "hyperparameters": {"alpha": 0.001, "beta": 0.001}}