{"MSE_train": [0.0679732649281571], "R2_train": 0.8646492274100734, "MAE_train": 0.22081757278486056, "MSE_test": 0.07228162202377422, "R2_test": 0.8651973083692348, "MAE_test": 0.23172871476344511, "hyperparameters": {"alpha": 0.001, "beta": 0.001}}