{"MSE_train": [244.56636634874712], "R2_train": -0.18484196459401625, "MAE_train": 13.97114841706998, "MSE_test": 197.084107395547, "R2_test": -0.18798632400674453, "MAE_test": 11.94272723985471, "MAX_ITER": 1000}