{"MSE_train": [186.68246467870142], "R2_train": 0.09558611223853286, "MAE_train": 9.34916945981538, "MSE_test": 49.6092759705936, "R2_test": 0.7009645162374304, "MAE_test": 4.889823975014721}