{"MSE_train": [3068.863723321178], "R2_train": -3.0905568546517674, "MAE_train": 47.4386394174972, "MSE_test": 3194.1521382191013, "R2_test": -3.130930931377394, "MAE_test": 48.090462336976614}