{"MSE_train": [0.0005125890041524098], "R2_train": -0.31472716549916235, "MAE_train": 0.018196202796018638, "MSE_test": 0.0005090935903841624, "R2_test": -0.3103253562819517, "MAE_test": 0.018178069073147635}