{"MSE_train": [936.1932054302034], "R2_train": -0.24787278908772192, "MAE_train": 23.753698358465375, "MSE_test": 961.631104220829, "R2_test": -0.24365762841066463, "MAE_test": 24.337682908596655, "BATCH_SIZE": 25, "NUM_CORES": 16, "TOLERANCE": 1e-06, "MAX_ITER": 1000}