{"MSE_train": [614.9948135339756], "R2_train": 0.18025970623609633, "MAE_train": 18.692215099868797, "MSE_test": 623.7698109379667, "R2_test": 0.1932913979796399, "MAE_test": 18.88820572330744}