{"MSE_train": [1515.2301978628445], "R2_train": -1.01968410168943, "MAE_train": 31.196987043529308, "MSE_test": 1652.225342911891, "R2_test": -1.1367888814606544, "MAE_test": 32.78427679480148}