{"MSE_train": [1751.036997705779], "R2_train": -1.3339962407853707, "MAE_train": 35.614209019836785, "MSE_test": 1833.8242728995306, "R2_test": -1.3716470236308131, "MAE_test": 36.74661764728484}