{"MSE_train": [2027.8094918007425], "R2_train": -1.7029124667799165, "MAE_train": 35.21646689285753, "MSE_test": 2179.5416182869185, "R2_test": -1.8187561198088993, "MAE_test": 35.94175864800916}