{"MSE_train": [1.0850094994171406], "R2_train": 0.8510200280074479, "MAE_train": 0.8442269268162665, "MSE_test": 1.684664130075897, "R2_test": 0.8320547239282756, "MAE_test": 1.0432693101413808, "hyperparameters": {"alpha": 0.001, "beta": 0.001}}