{"MSE_train": [1488.351492195782], "R2_train": -0.9838568758419486, "MAE_train": 30.770652687940153, "MSE_test": 1583.90172179928, "R2_test": -1.0484273546502387, "MAE_test": 31.8116558374338}