{"MSE_train": [0.0005435608400232485], "R2_train": -0.3941660798241089, "MAE_train": 0.019807618366422634, "MSE_test": 0.000540194408329566, "R2_test": -0.3903738800204246, "MAE_test": 0.019798130453800793}