{"MSE_train": [1090.8658040650394], "R2_train": -0.4540393431006886, "MAE_train": 25.377043282447676, "MSE_test": 1160.220629216115, "R2_test": -0.5004893558774604, "MAE_test": 26.455678524546865}