{"MSE_train": [841.8593291295814], "R2_train": -0.12213306288385595, "MAE_train": 22.04126686781297, "MSE_test": 885.4122457079247, "R2_test": -0.145085354279483, "MAE_test": 22.929771229502517}