{"MSE_train": [1503.1907300211565], "R2_train": -1.0036364266714988, "MAE_train": 32.064723080284935, "MSE_test": 1517.1875129233044, "R2_test": -0.9621472474159616, "MAE_test": 32.467189777617136}