{"MSE_train": [7.781972494167559], "R2_train": -0.06852340449617489, "MAE_train": 2.5052572643790043, "MSE_test": 9.331587406875244, "R2_test": 0.06972790881201707, "MAE_test": 2.7007347826555184}