{"MSE_train": 0.0006089382525751564, "R2_train": -0.5632213651284372, "MAE_train": 0.021455030538028934, "MSE_test": 0.0006314792254934464, "R2_test": -0.6070827120345588, "MAE_test": 0.021217881031236036}