{"MSE_train": [1833.615738093595], "R2_train": -1.44406728433641, "MAE_train": 34.040274674775766, "MSE_test": 1949.07540673188, "R2_test": -1.5206989325639348, "MAE_test": 34.46167439725886}