{"MSE_train": [1.3150150628977888], "R2_train": 0.8194385327082033, "MAE_train": 1.0471803661447046, "MSE_test": 10.79313758709733, "R2_test": -0.07597499073213032, "MAE_test": 2.266941675487915}