{"MSE_train": [0.9992188105883884], "R2_train": 0.8627997353978396, "MAE_train": 0.6235477446108562, "MSE_test": 7.331274055034955, "R2_test": 0.26914046358021215, "MAE_test": 1.4510468745212943}