{"MSE_train": [968.9564553886618], "R2_train": -0.2915436551740147, "MAE_train": 23.187032177414395, "MSE_test": 962.084088820297, "R2_test": -0.24424346402913444, "MAE_test": 23.365207479447616}