{"MSE_train": [1748.7240241904642], "R2_train": -1.3309132268360058, "MAE_train": 35.559982871945266, "MSE_test": 1831.049556877468, "R2_test": -1.3680585407579477, "MAE_test": 36.71409978745873}