{"MSE_train": [761.6544373477677], "R2_train": -0.015226175047323265, "MAE_train": 20.292256587670384, "MSE_test": 786.6468185771809, "R2_test": -0.01735406903376302, "MAE_test": 20.91352559401965}