{"MSE_train": [823.105728381211], "R2_train": -0.09713597047219635, "MAE_train": 21.599641138949508, "MSE_test": 823.5645899578137, "R2_test": -0.06509905960231022, "MAE_test": 21.721732483266333}