{"MSE_train": [74.64500693505347], "R2_train": 0.638369993452226, "MAE_train": 7.056357269891583, "MSE_test": 70.2540960470096, "R2_test": 0.576521382610532, "MAE_test": 6.889911124263497, "MAX_ITER": 1000}