{"MSE_train": [49.01404180062069], "R2_train": 0.7625434173686485, "MAE_train": 5.174926489629786, "MSE_test": 47.11089967923558, "R2_test": 0.7160242635989931, "MAE_test": 4.959559750092259}