{"MSE_train": [0.5053880587128343], "R2_train": -0.0063466022531677435, "MAE_train": 0.6206370967734844, "MSE_test": 0.5803471510152137, "R2_test": -0.08232709569474594, "MAE_test": 0.6829939711977742}