{"MSE_train": [0.00042749179180346823], "R2_train": -0.09646337935259353, "MAE_train": 0.013093591806618583, "MSE_test": 0.00042239924019351303, "R2_test": -0.08718798538031858, "MAE_test": 0.013015710711863932}