{"MSE_train": [924.9847668889317], "R2_train": -0.23293281154602652, "MAE_train": 23.70810883247584, "MSE_test": 1009.6806302762022, "R2_test": -0.30579908718627347, "MAE_test": 25.00324824066277}