{"MSE_train": [7.9678800094837], "R2_train": -0.09404990582163064, "MAE_train": 2.0251563844942213, "MSE_test": 19.923744455884464, "R2_test": -0.9862111997809648, "MAE_test": 3.226397227294771}