{"MSE_train": [1.6574351888988317], "R2_train": 0.772421671741801, "MAE_train": 0.8035262350291085, "MSE_test": 5.509336849129586, "R2_test": 0.45077058294254346, "MAE_test": 1.462989248022177}