{"MSE_train": [0.4001075298554433], "R2_train": 0.20329171561467296, "MAE_train": 0.5448481495872011, "MSE_test": 0.45543486250654, "R2_test": 0.1506299442453587, "MAE_test": 0.6001324873270377, "hyperparameters": {"alpha": 0.001, "beta": 0.001}}