{"MSE_train": [0.0006696051280024825], "R2_train": -0.7174540320038758, "MAE_train": 0.021589870652967916, "MSE_test": 0.0006653793231431111, "R2_test": -0.7125797989368361, "MAE_test": 0.021567599813144857}