{"MSE_train": [833.3124568776446], "R2_train": -0.11074074636933928, "MAE_train": 21.332011640097374, "MSE_test": 850.1913578416688, "R2_test": -0.09953490808238596, "MAE_test": 21.847243921275133}