{"MSE_train": [3.5959492082634115], "R2_train": 0.5062491041585255, "MAE_train": 1.2825018999007685, "MSE_test": 4.972083041364769, "R2_test": 0.5043297686904957, "MAE_test": 1.7003141448505903, "hyperparameters": {"alpha": 0.001, "beta": 0.001}}