{"MSE_train": [2460.330853859735], "R2_train": -2.2794298301638514, "MAE_train": 40.293097596789, "MSE_test": 2614.512785982716, "R2_test": -2.381295339338292, "MAE_test": 41.250814920110884, "BATCH_SIZE": 25, "NUM_CORES": 16, "TOLERANCE": 1e-06, "MAX_ITER": 1000}