{"MSE_train": [0.000980408334632883], "R2_train": -1.5146256755058891, "MAE_train": 0.024555506260826712, "MSE_test": 0.0009670663826159911, "R2_test": -1.489073966524285, "MAE_test": 0.024369509357073414}