{"MSE_train": [9.809028466771426], "R2_train": 0.9524785491445904, "MAE_train": 2.517611400109982, "MSE_test": 12.769243011292136, "R2_test": 0.9230293793558491, "MAE_test": 3.109320473893844}