{"MSE_train": [794.7621564930969], "R2_train": -0.05935619179021345, "MAE_train": 21.3074539631787, "MSE_test": 832.6553525013204, "R2_test": -0.07685595487709707, "MAE_test": 22.131227491233613}