Time,Iteration,Cost,Parameters
Fri Apr  5 04:44:27 2024,0,0.34884890195202733,[-7.58077538  2.23743401 -2.12427901 -0.11653165  0.55388646 -2.77010897
  3.06858436  2.18960207  1.18552061 -1.06648371  0.6027151   1.14432507
  1.31029899 -1.87354494]
Fri Apr  5 04:45:10 2024,1,0.34884613298900047,[-7.58320565  2.23743401 -2.12427901 -0.11653165  0.55388646 -2.77010897
  3.06858436  2.18960207  1.18552061 -1.06648371  0.6027151   1.14432507
  1.31029899 -1.87354493]
Fri Apr  5 04:45:30 2024,2,0.34884613258135355,[-7.5832355   2.23743401 -2.12427901 -0.11653165  0.55388646 -2.77010897
  3.06858437  2.18960208  1.18552061 -1.06648371  0.6027151   1.14432507
  1.31029899 -1.87354493]
