{"MSE_train": [744.1691556821087], "R2_train": 0.008080346591106902, "MAE_train": 20.218378245508728, "MSE_test": 775.4148902937602, "R2_test": -0.002828048369367231, "MAE_test": 20.89317576338154}