{"MSE_train": [776.7443336901053], "R2_train": -0.03533983420072895, "MAE_train": 20.977878619839412, "MSE_test": 817.5774214858315, "R2_test": -0.057355978383245576, "MAE_test": 21.50573159112124}