Time,Iteration,Cost,Parameters
Wed Mar 19 10:30:57 2025,997,0.10403843483621042,[-2.92262009  2.23665062 -2.1710297  -0.00979383  0.47099666 -2.74615827
  2.96580504  2.41696522  1.21354311 -0.77477821  0.65888349  1.56803556
  1.30532798 -1.88911781  0.61740951]
Wed Mar 19 10:31:38 2025,998,0.10795771519713716,[-2.92424634  2.23502437 -2.17265596 -0.00816758  0.47262292 -2.74453202
  2.96743129  2.41859147  1.21516936 -0.77315196  0.66050974  1.56966181
  1.30695423 -1.89074406  0.61578326]
Wed Mar 19 10:32:17 2025,999,0.10215183682930186,[-2.92438285  2.23516087 -2.17251945 -0.00803107  0.47248641 -2.74439551
  2.96729479  2.41872798  1.21503286 -0.77328847  0.66064625  1.56979832
  1.30709073 -1.89088056  0.61591976]
