{"MSE_train": [1001.6622139962916], "R2_train": -0.3351378897574395, "MAE_train": 23.78664535168492, "MSE_test": 1002.994406545687, "R2_test": -0.2971519322521021, "MAE_test": 23.948056723297274, "BATCH_SIZE": 25, "NUM_CORES": 16, "TOLERANCE": 1e-06, "MAX_ITER": 1000}