{"MSE_train": [764.2137231465207], "R2_train": -0.018637504129010996, "MAE_train": 20.169177917879978, "MSE_test": 776.3357153819563, "R2_test": -0.004018932420788213, "MAE_test": 20.52351729877486}