{"MSE_train": [775.4543998452664], "R2_train": -0.03362045262931712, "MAE_train": 20.27047499831455, "MSE_test": 783.5354612975856, "R2_test": -0.013330214981522426, "MAE_test": 20.544843488028157}