{"MSE_train": [8.746741526475844], "R2_train": -0.20099345520981515, "MAE_train": 2.632831104247997, "MSE_test": 10.037787199633396, "R2_test": -0.0006736133900488994, "MAE_test": 2.7972765990768407}