{"MSE_train": [0.47149102314030544], "R2_train": 0.06115037553801528, "MAE_train": 0.5988697903595661, "MSE_test": 0.5618013379598745, "R2_test": -0.04773980437028702, "MAE_test": 0.6654744245040061}