{"MSE_train": [0.5045384028110453], "R2_train": -0.00465473732856414, "MAE_train": 0.6224504190708975, "MSE_test": 0.6109647853180408, "R2_test": -0.13942791053299075, "MAE_test": 0.6991420943126047}