{"MSE_train": [3.380935805984035], "R2_train": 0.5357720628670093, "MAE_train": 1.2608179907834998, "MSE_test": 6.762833680154451, "R2_test": 0.32580865873274967, "MAE_test": 1.8827729662598411}