{"MSE_train": [0.0009804032545894536], "R2_train": -1.5146126458251037, "MAE_train": 0.024527304654402643, "MSE_test": 0.0009670309134199916, "R2_test": -1.4889826744951509, "MAE_test": 0.024340541946154204}