{"MSE_train": [0.1509740704727631], "R2_train": 0.699375083701919, "MAE_train": 0.32245438623273837, "MSE_test": 0.17981987750204595, "R2_test": 0.6646422310775291, "MAE_test": 0.37262711086917016}