{"MSE_train": [4.419533277721908], "R2_train": 0.39316481165477224, "MAE_train": 1.6777863931319252, "MSE_test": 7.280469082831425, "R2_test": 0.27420524470198604, "MAE_test": 2.3148261476372487, "hyperparameters": {"alpha": 0.001, "beta": 0.001}}