Time,Iteration,Cost,Parameters
Mon Apr  1 17:59:23 2024,0,0.2548445177494442,[-3.27682423  1.96771679 -1.30820078 -0.11653103  0.55388706 -2.77010898
  3.06858498  2.18960144  1.18551998 -1.0664831   0.6027151   1.14432444
  1.31029899 -1.8735468   0.72965079]
Mon Apr  1 17:59:29 2024,1,0.1644863464400193,[-3.54188749  1.86941307 -0.68531071 -0.11653102  0.55388707 -2.77010897
  3.06858499  2.18960144  1.18551999 -1.0664831   0.6027151   1.14432444
  1.31029899 -1.8735468   0.72965079]
Mon Apr  1 17:59:36 2024,2,0.16173556667693367,[-3.54174056  1.85496327 -0.74856292 -0.11653102  0.55388707 -2.77010897
  3.06858499  2.18960144  1.18551999 -1.0664831   0.6027151   1.14432444
  1.31029899 -1.8735468   0.72965079]
Mon Apr  1 17:59:42 2024,3,0.16016767278467978,[-3.5538217   1.81259311 -0.86709599 -0.11653103  0.55388707 -2.77010897
  3.06858499  2.18960144  1.18551999 -1.0664831   0.60271509  1.14432444
  1.31029899 -1.87354681  0.72965079]
Mon Apr  1 17:59:49 2024,4,0.1598151456559485,[-3.56091757  1.81435538 -0.83057076 -0.11653102  0.55388707 -2.77010898
  3.06858499  2.18960144  1.18551999 -1.0664831   0.60271509  1.14432444
  1.31029899 -1.87354681  0.72965079]
Mon Apr  1 17:59:57 2024,5,0.1597185289160402,[-3.57086485  1.80466254 -0.82693148 -0.11653102  0.55388707 -2.77010897
  3.06858499  2.18960144  1.18551999 -1.0664831   0.60271509  1.14432444
  1.31029899 -1.87354681  0.72965079]
Mon Apr  1 18:00:03 2024,6,0.1596623709846813,[-3.58598018  1.78896908 -0.82542366 -0.11653103  0.55388707 -2.77010898
  3.06858499  2.18960144  1.18551999 -1.0664831   0.60271508  1.14432444
  1.31029899 -1.87354681  0.72965078]
Mon Apr  1 18:00:10 2024,7,0.1596623188815535,[-3.58552259  1.78943743 -0.82549241 -0.11653103  0.55388707 -2.77010898
  3.06858499  2.18960144  1.18551999 -1.0664831   0.60271508  1.14432444
  1.31029899 -1.87354681  0.72965078]
