{"MSE_train": [0.5939551034453088], "R2_train": -0.18270443857627283, "MAE_train": 0.6702961301569006, "MSE_test": 0.7852505493130135, "R2_test": -0.4644647517333602, "MAE_test": 0.8194140663808595}