{"MSE_train": [747.1701567587646], "R2_train": 0.004080245370695845, "MAE_train": 20.302681504846266, "MSE_test": 774.1038319692257, "R2_test": -0.001132483740226231, "MAE_test": 20.79163344441978}