{"MSE_train": [828.8274424347912], "R2_train": -0.10476257065791628, "MAE_train": 21.82028760624597, "MSE_test": 835.5957089566124, "R2_test": -0.08065865709816689, "MAE_test": 22.158646455018165}