{"MSE_train": [6.9579675068557405], "R2_train": 0.9662909826339393, "MAE_train": 1.4674802495498802, "MSE_test": 52.34300306114019, "R2_test": 0.6844861180547799, "MAE_test": 3.16171811434728}