{"MSE_train": [0.3217629686424713], "R2_train": 0.9558195222416516, "MAE_train": 0.448841341856702, "MSE_test": 0.930199177613973, "R2_test": 0.9072678316721615, "MAE_test": 0.6429531490344507}