{"MSE_train": [190.29630570299338], "R2_train": 0.07807826533841278, "MAE_train": 12.660289499652603, "MSE_test": 176.22306442593188, "R2_test": -0.06223983901655106, "MAE_test": 11.998825637817301}