{"MSE_train": [190.3253621052144], "R2_train": 0.07793749682144313, "MAE_train": 12.684279554380302, "MSE_test": 176.0172473507262, "R2_test": -0.06099921198770253, "MAE_test": 11.976270782380812}