{"MSE_train": [3.025222538199519], "R2_train": 0.584614172268249, "MAE_train": 1.3710196536003185, "MSE_test": 14.745910188873523, "R2_test": -0.47002949334930366, "MAE_test": 2.460962973820723}