{"MSE_train": [0.00039006518109634624], "R2_train": -0.00046876883499336053, "MAE_train": 0.012210317118220704, "MSE_test": 0.00038844322129570884, "R2_test": 0.00020936827052431273, "MAE_test": 0.012196602636690318}