{"MSE_train": [759.6887913649813], "R2_train": -0.012606121707188667, "MAE_train": 20.13546362089447, "MSE_test": 773.2768638984147, "R2_test": -6.298302919272025e-05, "MAE_test": 20.51419938008592}