{"MSE_train": [0.2912848179151272], "R2_train": 0.41998335389364283, "MAE_train": 0.47741953957352967, "MSE_test": 0.2470588993593311, "R2_test": 0.5392438120160332, "MAE_test": 0.4724512191136851}