{"MSE_train": [58.41754111971695], "R2_train": 0.7169866191316877, "MAE_train": 5.0467620249313825, "MSE_test": 76.69545787354738, "R2_test": 0.5376940521929252, "MAE_test": 5.1705417122319615, "MAX_ITER": 1000}