{"MSE_train": [33.55846489870628], "R2_train": 0.8374205003207867, "MAE_train": 3.0692733494800466, "MSE_test": 61.13337916316313, "R2_test": 0.6314993667125206, "MAE_test": 4.191104307727155}