{"MSE_train": [0.13186917688546354], "R2_train": 0.7374174244666654, "MAE_train": 0.3001692555471843, "MSE_test": 0.14535058415884286, "R2_test": 0.7289262550268794, "MAE_test": 0.3308045938609621, "BATCH_SIZE": 32, "NUM_CORES": 16, "TOLERANCE": 1e-06, "MAX_ITER": 1000, "NUM_QUBITS": 5}