{"MSE_train": [0.23136586641367973], "R2_train": 0.5392960923220681, "MAE_train": 0.4086762388397105, "MSE_test": 0.2228702733897756, "R2_test": 0.5843547516470424, "MAE_test": 0.4067269340189982}