{"MSE_train": [3.37575495277634], "R2_train": 0.5364834330127957, "MAE_train": 1.2664357337850238, "MSE_test": 6.458827964295528, "R2_test": 0.3561151886610676, "MAE_test": 1.9029919198870684}