{"MSE_train": [753.0007831467954], "R2_train": -0.00369152649301574, "MAE_train": 20.126901344489593, "MSE_test": 773.6896986121253, "R2_test": -0.0005968936303841765, "MAE_test": 20.605075738569436}