{"MSE_train": [0.4513460233660288], "R2_train": 0.10126381258056594, "MAE_train": 0.5730436237239845, "MSE_test": 0.4304120324377709, "R2_test": 0.1972966452828624, "MAE_test": 0.5759221319908321}