{"MSE_train": [0.2358791547239006], "R2_train": 0.5303090727879154, "MAE_train": 0.40396002967283084, "MSE_test": 0.3504604463993175, "R2_test": 0.34640355097166, "MAE_test": 0.5287637855921438, "BATCH_SIZE": 32, "NUM_CORES": 16, "TOLERANCE": 1e-06, "MAX_ITER": 1000, "NUM_QUBITS": 5}