{"MSE_train": [0.12563846378542606], "R2_train": 0.7498242410697459, "MAE_train": 0.29418228181843104, "MSE_test": 0.18234026157364153, "R2_test": 0.6599418031225139, "MAE_test": 0.3733075409872966}