{"MSE_train": [0.11538273268455693], "R2_train": 0.7702458160734524, "MAE_train": 0.2838344731835966, "MSE_test": 0.16529788531501582, "R2_test": 0.6917252375159946, "MAE_test": 0.35315842005129205, "BATCH_SIZE": 32, "NUM_CORES": 16, "TOLERANCE": 1e-06, "MAX_ITER": 1000, "NUM_QUBITS": 5}