{"MSE_train": [817.7623938906924], "R2_train": -0.09001372083928216, "MAE_train": 21.100966925279188, "MSE_test": 840.2374663871078, "R2_test": -0.0866617460293897, "MAE_test": 21.421664353741274}