{"MSE_train": [1334.1462817659549], "R2_train": -0.7783133139844347, "MAE_train": 28.86153141890134, "MSE_test": 1434.7844333884648, "R2_test": -0.8555770480762985, "MAE_test": 30.28747358740128}