{"MSE_train": [1327.1528305436054], "R2_train": -0.7689915869823978, "MAE_train": 28.771577232010745, "MSE_test": 1426.739407265595, "R2_test": -0.8451725820970319, "MAE_test": 30.185263403422688}