{"MSE_train": [6.0491041279133295], "R2_train": 0.16941246685796307, "MAE_train": 2.0266866678028945, "MSE_test": 9.820162548861516, "R2_test": 0.02102153129867279, "MAE_test": 2.7577882435715204, "hyperparameters": {"alpha": 0.001, "beta": 0.001}}