{"MSE_train": [1220.5918313414459], "R2_train": -0.6269540561489324, "MAE_train": 27.441730020111535, "MSE_test": 1309.3314400378838, "R2_test": -0.6933312851193905, "MAE_test": 28.784090812565864}