{"MSE_train": [795.947089461924], "R2_train": -0.060935615353763906, "MAE_train": 20.845938546889364, "MSE_test": 814.6056108049169, "R2_test": -0.05351259706239464, "MAE_test": 21.248768876908496}