{"MSE_train": [0.5020917393402399], "R2_train": 0.0002171456299945307, "MAE_train": 0.6187141092400574, "MSE_test": 0.5742272468000343, "R2_test": -0.07091368883376958, "MAE_test": 0.6784097614872833, "hyperparameters": {"alpha": 0.001, "beta": 0.001}}