{"MSE_train": [2.032126588033091], "R2_train": 0.7209737220428729, "MAE_train": 0.9442720717737908, "MSE_test": 4.310782775206375, "R2_test": 0.5702552275303373, "MAE_test": 1.2876576642230844, "hyperparameters": {"alpha": 0.001, "beta": 0.001}}