ratio,R2_train,R2_test
0.1,0.7988120706150936,0.5506648180962381
0.3,0.7971774195924071,0.6272661098218495
0.5,0.7056365754977727,0.6657834422218014
0.7,0.701110739497784, 0.7299109670396977
0.8,0.7119953772026775,0.6708777263183063
