{"MSE_train": [729.1289925078513], "R2_train": 0.028127715296341838, "MAE_train": 20.161434320928638, "MSE_test": 741.7957482956624, "R2_test": 0.04065089300746494, "MAE_test": 20.30132234207503}