{"MSE_train": [322.77491386829183], "R2_train": -0.5637361292927041, "MAE_train": 16.553968274551714, "MSE_test": 302.8571218144654, "R2_test": -0.8255663716279888, "MAE_test": 16.325235992938303, "MAX_ITER": 1000}