{"MSE_train": [128.32306937259625], "R2_train": 0.37831779615455674, "MAE_train": 8.680706371770189, "MSE_test": 126.05508130791218, "R2_test": 0.24016342746091246, "MAE_test": 7.902583718661033}