Time,Iteration,Cost,Parameters
Thu Apr  4 13:30:15 2024,0,0.21598563766834966,[-2.95047726  2.07898391 -1.92335674 -0.11653103  0.55388708 -2.77010898
  3.06858498  2.18960145  1.18551998 -1.06648308  0.60271511  1.14432446
  1.31029899 -1.8735468   0.7296508 ]
Thu Apr  4 13:30:21 2024,1,0.1884963666752599,[-2.95906335  1.7685668  -1.70085817 -0.11653102  0.55388708 -2.77010897
  3.06858498  2.18960145  1.18551998 -1.06648309  0.60271511  1.14432446
  1.31029899 -1.8735468   0.7296508 ]
Thu Apr  4 13:30:26 2024,2,0.17589225183256954,[-2.94004372  1.65826717 -1.7550974  -0.11653102  0.55388708 -2.77010897
  3.06858498  2.18960145  1.18551999 -1.06648309  0.60271511  1.14432446
  1.31029899 -1.87354679  0.7296508 ]
Thu Apr  4 13:30:32 2024,3,0.15691817643132686,[-2.91129687  1.35571555 -1.84920687 -0.11653101  0.55388708 -2.77010897
  3.06858497  2.18960146  1.18551998 -1.06648309  0.60271511  1.14432446
  1.31029899 -1.87354679  0.7296508 ]
Thu Apr  4 13:30:39 2024,4,0.14958368935403876,[-2.90016873  1.04035386 -1.95105507 -0.11653101  0.55388708 -2.77010897
  3.06858496  2.18960147  1.18551998 -1.06648309  0.60271512  1.14432445
  1.31029899 -1.87354679  0.72965079]
Thu Apr  4 13:30:44 2024,5,0.1495291326315704,[-2.89591062  1.00711974 -1.9524744  -0.11653101  0.55388708 -2.77010897
  3.06858496  2.18960147  1.18551998 -1.06648309  0.60271512  1.14432445
  1.31029899 -1.87354679  0.72965079]
Thu Apr  4 13:30:50 2024,6,0.1495272278676976,[-2.89688917  1.00954114 -1.95382783 -0.11653101  0.55388708 -2.77010897
  3.06858497  2.18960147  1.18551998 -1.06648309  0.60271511  1.14432445
  1.31029899 -1.87354679  0.72965079]
Thu Apr  4 13:30:56 2024,7,0.14952718345502092,[-2.89680171  1.00994368 -1.95350383 -0.11653101  0.55388708 -2.77010897
  3.06858496  2.18960147  1.18551997 -1.06648309  0.60271511  1.14432445
  1.31029899 -1.87354679  0.72965079]
