{"MSE_train": [788.4709121002055], "R2_train": -0.050970451921718896, "MAE_train": 20.84632529746087, "MSE_test": 808.9274317811756, "R2_test": -0.0461691255093617, "MAE_test": 21.319332626214525}