{"MSE_train": [233.05686836962144], "R2_train": -0.12908230965588752, "MAE_train": 12.342942384740656, "MSE_test": 284.1825399555395, "R2_test": -0.7129994673345694, "MAE_test": 13.573153981256274}