{"MSE_train": [1459.3017184596567], "R2_train": -0.9451357849771547, "MAE_train": 31.647163339983084, "MSE_test": 1481.5231028930775, "R2_test": -0.9160232031726174, "MAE_test": 32.108134101949695}