Time,Iteration,Cost,Parameters
Thu Apr  4 13:15:58 2024,0,0.4019619828723463,[-4.43042718  2.23743464 -2.12427964 -0.11653103  0.55388708 -2.77010897
  3.06858498  2.18960145  1.18551998 -1.06648308  0.6027151   1.14432445
  1.31029899 -1.8735468   0.72965018  2.88578419 -0.54534335 -0.47522485
 -2.0265424   0.7289737 ]
Thu Apr  4 13:16:08 2024,1,0.4009791668345136,[-4.39657817  2.23743464 -2.12427964 -0.11653103  0.55388708 -2.77010897
  3.06858498  2.18960145  1.18551998 -1.06648308  0.6027151   1.14432445
  1.31029899 -1.8735468   0.72965019  2.88578419 -0.54534335 -0.47522485
 -2.0265424   0.7289737 ]
Thu Apr  4 13:16:13 2024,2,0.40097091407259056,[-4.39317941  2.23743464 -2.12427963 -0.11653102  0.55388708 -2.77010897
  3.06858498  2.18960146  1.18551999 -1.06648308  0.6027151   1.14432445
  1.31029899 -1.8735468   0.7296502   2.88578419 -0.54534335 -0.47522485
 -2.0265424   0.7289737 ]
