{"MSE_train": [758.5610372463063], "R2_train": -0.011102913107389645, "MAE_train": 20.043778511644355, "MSE_test": 783.9775090222264, "R2_test": -0.013901906165863398, "MAE_test": 20.643403827369127}