{"MSE_train": [2530.769318212502], "R2_train": -2.3733188292092486, "MAE_train": 42.947276288032285, "MSE_test": 2680.48441224485, "R2_test": -2.4666150798286317, "MAE_test": 44.81510636673116}