{"MSE_train": [102.82287214562552], "R2_train": 0.501857693447117, "MAE_train": 9.20444188806361, "MSE_test": 130.68654157927025, "R2_test": 0.2122458468134214, "MAE_test": 9.83571514447694, "hyperparameters": {"alpha": 0.001, "beta": 0.001}}