{"MSE_train": [85.93664794658014], "R2_train": 0.5836657824058482, "MAE_train": 6.509266513420831, "MSE_test": 79.18031385421213, "R2_test": 0.5227158027482275, "MAE_test": 5.840684409524238}