{"MSE_train": [0.0005125912244468392], "R2_train": -0.314732860278758, "MAE_train": 0.0182263146407182, "MSE_test": 0.000509098150817818, "R2_test": -0.31033709410770194, "MAE_test": 0.018208515271940697}