{"MSE_train": [1459.412506701464], "R2_train": -0.9452834570938717, "MAE_train": 31.655277424700426, "MSE_test": 1481.765533713887, "R2_test": -0.9163367339416806, "MAE_test": 32.11831174071775}