{"MSE_train": [1765.3830312275911], "R2_train": -1.3531183886063256, "MAE_train": 34.628086131720664, "MSE_test": 1842.920418512173, "R2_test": -1.3834108807176357, "MAE_test": 36.205618094517824}