{"MSE_train": [645.4034241007594], "R2_train": 0.13972739147440383, "MAE_train": 18.774076268106942, "MSE_test": 661.9913989882948, "R2_test": 0.143860208264457, "MAE_test": 18.95898569612888}