{"MSE_train": [1459.2981282168626], "R2_train": -0.9451309994625161, "MAE_train": 31.616607548903115, "MSE_test": 1480.9394470255065, "R2_test": -0.9152683731043247, "MAE_test": 32.07129704068666}