{"MSE_train": [8.744980470254793], "R2_train": -0.20075164893380526, "MAE_train": 2.6326717590217887, "MSE_test": 10.036592690844925, "R2_test": -0.0005545320226307826, "MAE_test": 2.7971441513507704}