{"MSE_train": [0.3649474066596818], "R2_train": 0.27330379821704887, "MAE_train": 0.5128569005655483, "MSE_test": 0.31185324992228075, "R2_test": 0.4184046192336668, "MAE_test": 0.5048059654732606, "hyperparameters": {"alpha": 0.001, "beta": 0.001}}