Time,Iteration,Cost,Parameters
Fri Apr  5 02:48:45 2024,0,0.18898230938573904,[-3.44958914  2.23743464 -2.12427964 -0.11653102  0.55388708 -2.77010897
  3.06858498  2.18960145  1.18551998 -1.06648308  0.6027151   1.14432445
  1.31029899 -1.8735468 ]
Fri Apr  5 02:49:05 2024,1,0.12181327649897289,[-3.94592765  2.23743464 -2.12427964 -0.11653102  0.55388708 -2.77010897
  3.06858498  2.18960146  1.18551998 -1.06648308  0.60271511  1.14432445
  1.31029898 -1.8735468 ]
Fri Apr  5 02:49:28 2024,2,0.12003662847134511,[-4.02063223  2.23743464 -2.12427964 -0.11653102  0.55388708 -2.77010897
  3.06858498  2.18960146  1.18551998 -1.06648308  0.60271511  1.14432446
  1.31029898 -1.8735468 ]
Fri Apr  5 02:49:47 2024,3,0.11958985841215355,[-4.07453997  2.23743463 -2.12427965 -0.11653102  0.55388708 -2.77010897
  3.06858498  2.18960146  1.18551998 -1.06648308  0.6027151   1.14432445
  1.31029898 -1.8735468 ]
Fri Apr  5 02:50:06 2024,4,0.11957114424083332,[-4.08706268  2.23743463 -2.12427965 -0.11653102  0.55388708 -2.77010897
  3.06858498  2.18960146  1.18551998 -1.06648308  0.6027151   1.14432445
  1.31029898 -1.8735468 ]
Fri Apr  5 02:50:25 2024,5,0.11957086521821156,[-4.08875735  2.23743463 -2.12427964 -0.11653102  0.55388708 -2.77010897
  3.06858498  2.18960146  1.18551998 -1.06648309  0.6027151   1.14432445
  1.31029898 -1.8735468 ]
