{"MSE_train": [758.9018401895637], "R2_train": -0.011557176946162429, "MAE_train": 20.159141075732354, "MSE_test": 784.2566604552422, "R2_test": -0.014262926943610754, "MAE_test": 20.7979818346021}