{"MSE_train": [0.15577569929659404], "R2_train": 0.6898139103246732, "MAE_train": 0.32410416284954646, "MSE_test": 0.1379387932859813, "R2_test": 0.7427489852242932, "MAE_test": 0.3275631057811774, "hyperparameters": {"alpha": 0.001, "beta": 0.001}}