{"MSE_train": [0.316453734478764], "R2_train": 0.36986611580392903, "MAE_train": 0.4829825761042129, "MSE_test": 0.36655441638065117, "R2_test": 0.31638886104404684, "MAE_test": 0.5287969075435596, "hyperparameters": {"alpha": 0.001, "beta": 0.001}}