Time,Iteration,Cost,Parameters
Thu Apr  4 23:47:24 2024,0,0.22792756371274625,[-3.02747236  2.08917834 -1.80684538 -0.11653103  0.55388708 -2.77010897
  3.06858498  2.18960145  1.18551998 -1.06648309  0.6027151   1.14432445
  1.31029899 -1.8735468   0.7296508 ]
Thu Apr  4 23:47:30 2024,1,0.21215134380393902,[-3.08899565  1.93243694 -1.61645507 -0.11653103  0.55388707 -2.77010897
  3.06858498  2.18960145  1.18551998 -1.06648309  0.6027151   1.14432445
  1.31029899 -1.8735468   0.72965081]
Thu Apr  4 23:47:37 2024,2,0.20532207732412858,[-3.07305346  1.86027019 -1.65485084 -0.11653103  0.55388707 -2.77010897
  3.06858498  2.18960145  1.18551998 -1.06648309  0.6027151   1.14432445
  1.31029899 -1.8735468   0.72965081]
Thu Apr  4 23:47:43 2024,3,0.19479217030017545,[-3.05213201  1.64812767 -1.69762222 -0.11653102  0.55388707 -2.77010897
  3.06858498  2.18960145  1.18551998 -1.06648309  0.6027151   1.14432445
  1.31029899 -1.8735468   0.7296508 ]
Thu Apr  4 23:47:49 2024,4,0.18920674737875992,[-3.03235508  1.37119865 -1.73034555 -0.11653102  0.55388707 -2.77010897
  3.06858498  2.18960145  1.18551998 -1.0664831   0.6027151   1.14432445
  1.31029899 -1.8735468   0.72965081]
Thu Apr  4 23:47:56 2024,5,0.18889990627965908,[-3.02742663  1.29682003 -1.73874329 -0.11653103  0.55388706 -2.77010898
  3.06858498  2.18960144  1.18551998 -1.0664831   0.60271509  1.14432444
  1.31029898 -1.8735468   0.72965081]
Thu Apr  4 23:48:02 2024,6,0.18889186670717795,[-3.02685855  1.28357828 -1.74102042 -0.11653103  0.55388706 -2.77010898
  3.06858498  2.18960144  1.18551998 -1.0664831   0.60271509  1.14432444
  1.31029898 -1.8735468   0.72965081]
Thu Apr  4 23:48:09 2024,7,0.18889183746043134,[-3.02688178  1.28300132 -1.74124207 -0.11653103  0.55388706 -2.77010898
  3.06858498  2.18960144  1.18551998 -1.0664831   0.60271509  1.14432444
  1.31029898 -1.8735468   0.72965081]
Thu Apr  4 23:48:15 2024,8,0.18889183726554967,[-3.02688921  1.28300947 -1.74125889 -0.11653103  0.55388706 -2.77010898
  3.06858498  2.18960144  1.18551998 -1.0664831   0.60271509  1.14432444
  1.31029898 -1.8735468   0.72965081]
