{"MSE_train": [0.0008406585206541831], "R2_train": -1.1561847504707092, "MAE_train": 0.021528862173091128, "MSE_test": 0.0008415223128289771, "R2_test": -1.16594364023473, "MAE_test": 0.0215414063600542}