{"MSE_train": [0.0005172756434281029], "R2_train": -0.32674781346611903, "MAE_train": 0.018392611244322808, "MSE_test": 0.0005138880122404179, "R2_test": -0.32266543018117977, "MAE_test": 0.018376103005583802}