{"MSE_train": [984.1837698013953], "R2_train": -0.3118404819361804, "MAE_train": 23.757852896534533, "MSE_test": 955.2716167524095, "R2_test": -0.2354330347300242, "MAE_test": 23.68136063111637}