{"MSE_train": [1239.1427606678708], "R2_train": -0.6516810033052061, "MAE_train": 27.970624933064972, "MSE_test": 1193.469539282176, "R2_test": -0.543489483949962, "MAE_test": 27.32870062399268}