Time,Iteration,Cost,Parameters
Mon Nov  4 17:12:44 2024,270,0.120523350314209,[-1.77557528  2.14238454 -2.04814924 -0.04957393  0.5773317  -2.9120714
  2.99110074  2.148056    1.15553572 -0.93733299  0.5763061   1.21082741
  1.32663303 -1.90571143  0.66277521  2.81000437]
