{"ridge": {"MSE_train": [602.7782358105994], "R2_train": 0.1882907213814673, "MAE_train": 18.197704699889353, "MSE_test": 869.2549880677484, "R2_test": -0.08365654365868691, "MAE_test": 21.613905527681215}, "lasso": {"MSE_train": [602.9174741822111], "R2_train": 0.1881032211177509, "MAE_train": 18.18397984472413, "MSE_test": 866.2489777639836, "R2_test": -0.07990910156091835, "MAE_test": 21.55285378847784}, "elastic": {"MSE_train": [602.7550274662764], "R2_train": 0.18832197405004292, "MAE_train": 18.197053350152874, "MSE_test": 869.1174101263581, "R2_test": -0.08348503214768344, "MAE_test": 21.60709277138911}, "knn": {"MSE_train": [10.03260289257366], "R2_train": 0.9864899620245148, "MAE_train": 0.8483739960960479, "MSE_test": 966.5039365403458, "R2_test": -0.20489192432703796, "MAE_test": 22.61407484129457}, "rfr": {"MSE_train": [40.05447452311552], "R2_train": 0.9460621059470065, "MAE_train": 4.138765895554267, "MSE_test": 776.7194414076794, "R2_test": 0.031702875655226004, "MAE_test": 20.605646780358235}, "grad": {"MSE_train": [18.44601211790456], "R2_train": 0.975160352016562, "MAE_train": 2.8340853982137815, "MSE_test": 845.9343837062675, "R2_test": -0.05458391725412648, "MAE_test": 21.693229588570112}, "svr": {"MSE_train": [165.00289821397178], "R2_train": 0.7778048782748119, "MAE_train": 8.89038995281159, "MSE_test": 1491.5829583746042, "R2_test": -0.859481573807714, "MAE_test": 29.2277089671959}, "krr": {"MSE_train": [111.07497940652118], "R2_train": 0.8504249389737999, "MAE_train": 7.005858766904179, "MSE_test": 898.9529966591479, "R2_test": -0.1206795596729402, "MAE_test": 22.178533202796515}, "gpr": {"MSE_train": [80.63556155052021], "R2_train": 0.8914150684137523, "MAE_train": 5.7629585038910465, "MSE_test": 1375.5120896864987, "R2_test": -0.7147818503564745, "MAE_test": 28.162860214628463}}