{"MSE_train": [45.90028516963763], "R2_train": 0.77762852321947, "MAE_train": 6.071778448522786, "MSE_test": 94.60602382234296, "R2_test": 0.4297324936300819, "MAE_test": 8.02908403465528, "hyperparameters": {"alpha": 0.001, "beta": 0.001}}