{"MSE_train": [0.4994105746520012], "R2_train": 0.00555597571822819, "MAE_train": 0.6179773171509624, "MSE_test": 0.4458802861293364, "R2_test": 0.16844889430454701, "MAE_test": 0.5868768005559922}