{"MSE_train": [0.09600445436275182], "R2_train": 0.808832530204238, "MAE_train": 0.2531418098913556, "MSE_test": 0.061698844599168745, "R2_test": 0.8849338173437692, "MAE_test": 0.21927612845940975, "BATCH_SIZE": 32, "NUM_CORES": 16, "TOLERANCE": 1e-06, "MAX_ITER": 1000, "NUM_QUBITS": 5}