{"MSE_train": [1153.3801917538838], "R2_train": -0.5373661637514986, "MAE_train": 27.705205004904094, "MSE_test": 1262.425985070878, "R2_test": -0.6326694298323199, "MAE_test": 29.166849866989992}