{"MSE_train": [0.2758062185320167], "R2_train": 0.4508048892035662, "MAE_train": 0.44732806005071046, "MSE_test": 0.24658349519957015, "R2_test": 0.540130424111251, "MAE_test": 0.4549845440227268, "hyperparameters": {"alpha": 0.001, "beta": 0.001}}