{"MSE_train": [0.13183382923810644], "R2_train": 0.7374878099540195, "MAE_train": 0.3015534507533356, "MSE_test": 0.12327665933260283, "R2_test": 0.7700933511450823, "MAE_test": 0.30762683406642494}