{"MSE_train": [0.06112231397862722], "R2_train": 0.8782910835865367, "MAE_train": 0.2014290462939916, "MSE_test": 0.10579570243427165, "R2_test": 0.8026947230595278, "MAE_test": 0.31195282634299865, "BATCH_SIZE": 32, "NUM_CORES": 16, "TOLERANCE": 1e-06, "MAX_ITER": 1000, "NUM_QUBITS": 5}