{"MSE_train": [0.11621257491350279], "R2_train": 0.7685934048359713, "MAE_train": 0.2865402354741101, "MSE_test": 0.16059799492797916, "R2_test": 0.7004903683584336, "MAE_test": 0.3512688516592558, "hyperparameters": {"alpha": 0.001, "beta": 0.001}}