Time,Iteration,Cost,Parameters
Thu Apr  4 23:41:11 2024,0,0.06879112641418468,[-4.67903297  2.23743479 -2.12427932 -0.11653071  0.55388724 -2.77010897
  3.06858498  2.18960177  1.1855203  -1.06648308  0.60271542  1.14432477
  1.31029914 -1.87354648  0.7296508   2.88578419 -0.54534335 -0.47522485
 -2.0265424   0.7289737 ]
Thu Apr  4 23:41:22 2024,1,0.06801257337041457,[-4.70979329  2.2374348  -2.12427931 -0.1165307   0.55388724 -2.77010897
  3.06858498  2.18960177  1.18552031 -1.06648308  0.60271542  1.14432477
  1.31029915 -1.87354648  0.7296508   2.88578419 -0.54534335 -0.47522485
 -2.0265424   0.7289737 ]
Thu Apr  4 23:41:29 2024,2,0.06800696159176206,[-4.71263759  2.23743479 -2.12427932 -0.1165307   0.55388724 -2.77010898
  3.06858498  2.18960177  1.18552031 -1.06648309  0.60271542  1.14432477
  1.31029915 -1.87354648  0.7296508   2.88578419 -0.54534335 -0.47522485
 -2.0265424   0.7289737 ]
