{"MSE_train": [0.8771629879794769], "R2_train": 0.9957820042767846, "MAE_train": 0.7547288630247019, "MSE_test": 1.0669710775992232, "R2_test": 0.9946139061434632, "MAE_test": 0.7855811306207208}