{"MSE_train": [322.73150772525196], "R2_train": -0.5635258410974684, "MAE_train": 16.553766459728568, "MSE_test": 301.15155920189375, "R2_test": -0.8152855575874847, "MAE_test": 16.304477346428968, "hyperparameters": {"alpha": 0.001, "beta": 0.001}}