{"MSE_train": [859.025881961315], "R2_train": -0.14501474375582224, "MAE_train": 21.544098707735735, "MSE_test": 872.3821258090876, "R2_test": -0.1282337695707867, "MAE_test": 21.729128222858925, "BATCH_SIZE": 25, "NUM_CORES": 16, "TOLERANCE": 1e-06, "MAX_ITER": 1000}