Time,Iteration,Cost,Parameters
Tue Mar 18 15:01:16 2025,996,0.11141674374035135,[-1.59969995  2.05015661 -2.12353977 -0.00636888  0.50665565 -2.81050713
  3.0442786   2.07457431  1.21143229 -1.03452155  0.50294894  1.17170846
  1.56578996 -2.13540196  0.54369949  2.78574837 -0.44811786 -0.6033537
 -2.06452144  0.65665377]
Tue Mar 18 15:01:56 2025,997,0.1134753741842089,[-1.59946461  2.04992127 -2.12330443 -0.00660422  0.50689099 -2.81027179
  3.04404326  2.07480965  1.21166763 -1.03428621  0.5027136   1.1719438
  1.5660253  -2.13516662  0.54393482  2.78598371 -0.4483532  -0.60311837
 -2.0642861   0.65641843]
Tue Mar 18 15:02:34 2025,998,0.11165901906545818,[-1.5997199   2.05017656 -2.12304914 -0.00685951  0.5066357  -2.8100165
  3.04378796  2.07455435  1.21141234 -1.03454151  0.5029689   1.1716885
  1.56628059 -2.13542191  0.54367953  2.78572842 -0.4486085  -0.60286307
 -2.0640308   0.65667373]
Tue Mar 18 15:03:13 2025,999,0.11188941845627523,[-1.59968793  2.05020854 -2.12308111 -0.00689149  0.50660373 -2.81004847
  3.04375599  2.07452238  1.21138036 -1.03450953  0.50293692  1.17165653
  1.56631257 -2.13545388  0.54364756  2.78576039 -0.44864047 -0.60289504
 -2.06399883  0.6567057 ]
