{"MSE_train": [1389.7404252409158], "R2_train": -0.8524159868864059, "MAE_train": 30.040534234724724, "MSE_test": 1375.7429657210048, "R2_test": -0.7792199384373653, "MAE_test": 30.00649869053174}