{"MSE_train": [0.1999747877093043], "R2_train": 0.6018031200418501, "MAE_train": 0.3756330913372518, "MSE_test": 0.228059040023256, "R2_test": 0.5746778837399138, "MAE_test": 0.4084874671031882, "BATCH_SIZE": 32, "NUM_CORES": 16, "TOLERANCE": 1e-06, "MAX_ITER": 1000, "NUM_QUBITS": 5}