{"MSE_train": [880.1176622789891], "R2_train": -0.17312844782799286, "MAE_train": 22.028482653088748, "MSE_test": 903.7940799366852, "R2_test": -0.16885820050132105, "MAE_test": 22.40496301883004, "BATCH_SIZE": 25, "NUM_CORES": 16, "TOLERANCE": 1e-06, "MAX_ITER": 1000}