{"MSE_train": [788.4548414161251], "R2_train": -0.05094903094872971, "MAE_train": 20.843289234573565, "MSE_test": 809.4059448394614, "R2_test": -0.0467879765559005, "MAE_test": 21.323774175634753}