{"MSE_train": [942.4625389881539], "R2_train": -0.25622932351598227, "MAE_train": 23.623220219380265, "MSE_test": 971.7752227591116, "R2_test": -0.25677680721869534, "MAE_test": 24.312005572390962}