{"MSE_train": [1096.6177431926171], "R2_train": -0.46170623096118635, "MAE_train": 25.79565555584549, "MSE_test": 1092.0155131191596, "R2_test": -0.4122810891540758, "MAE_test": 25.756270289086295}