{"MSE_train": [1302.1470809730097], "R2_train": -0.7356608660597339, "MAE_train": 28.171627553894446, "MSE_test": 1358.8027253179791, "R2_test": -0.7573114757099624, "MAE_test": 29.204553422208217}