Time,Iteration,Cost,Parameters
Mon Apr  1 18:45:34 2024,0,0.1470892722094368,[-2.77446455  2.23743464 -2.12427964 -0.11653102  0.55388708 -2.77010897
  3.06858498  2.18960145  1.18551999 -1.06648308]
Mon Apr  1 18:45:45 2024,1,0.13537582345923177,[-2.47214389  2.23743464 -2.12427962 -0.11653102  0.55388708 -2.77010897
  3.06858498  2.18960145  1.18551999 -1.06648308]
Mon Apr  1 18:45:55 2024,2,0.134260774174779,[-2.55461679  2.23743464 -2.12427963 -0.11653102  0.55388708 -2.77010897
  3.06858498  2.18960145  1.18551999 -1.06648308]
Mon Apr  1 18:46:07 2024,3,0.134182350096202,[-2.53839522  2.23743464 -2.12427963 -0.11653102  0.55388708 -2.77010897
  3.06858498  2.18960146  1.18551999 -1.06648308]
Mon Apr  1 18:46:17 2024,4,0.1341821069734958,[-2.53743019  2.23743464 -2.12427963 -0.11653102  0.55388708 -2.77010897
  3.06858498  2.18960146  1.18551999 -1.06648308]
