{"MSE_train": [2081.391779926557], "R2_train": -1.7743334928474326, "MAE_train": 37.939539234998115, "MSE_test": 2230.5314525560143, "R2_test": -1.884700218415754, "MAE_test": 40.00170713115173}