{"MSE_train": [0.0003326947943645495], "R2_train": 0.14667915146853905, "MAE_train": 0.01283914039676129, "MSE_test": 0.00033101092954261363, "R2_test": 0.14803088787888563, "MAE_test": 0.01282451507780642}