{"MSE_train": [4.304144623080945], "R2_train": 0.9772930663796412, "MAE_train": 1.7368185522464596, "MSE_test": 5.000751896184324, "R2_test": 0.96985639815952, "MAE_test": 1.8319159559101075}