{"MSE_train": [1150.5433885412372], "R2_train": -0.533584925523614, "MAE_train": 25.779030430217187, "MSE_test": 1246.5326705717928, "R2_test": -0.6121149347346053, "MAE_test": 26.862350976595174, "BATCH_SIZE": 25, "NUM_CORES": 16, "TOLERANCE": 1e-06, "MAX_ITER": 1000}