{"MSE_train": [0.11621257495064272], "R2_train": 0.7685934047620169, "MAE_train": 0.28654023563076503, "MSE_test": 0.16059799460792215, "R2_test": 0.7004903689553286, "MAE_test": 0.35126885150585185, "hyperparameters": {"alpha": 0.001, "beta": 0.001}}