{"MSE_train": [214.4164134879214], "R2_train": -0.03877556178743613, "MAE_train": 12.531802109934059, "MSE_test": 182.3862875751576, "R2_test": -0.09939060124613608, "MAE_test": 11.257106539488808, "hyperparameters": {"alpha": 0.001, "beta": 0.001}}