{"MSE_train": [214.41641348792137], "R2_train": -0.03877556178743591, "MAE_train": 12.531802109934057, "MSE_test": 182.38628757515767, "R2_test": -0.0993906012461363, "MAE_test": 11.257106539488813, "hyperparameters": {"alpha": 0.001, "beta": 0.001}}