Time,Iteration,Cost,Parameters
Mon Mar 18 16:06:41 2024,0,0.3586344587584276,[ 1.11855077  2.23743464 -2.1242795  -0.11653103  0.55388708 -2.77010897
  3.06858498  2.18960172  1.18552025 -1.06648295  0.60271537  1.14432458
  1.31029899 -1.87354667  0.7296508   2.88578419 -0.54534322 -0.47522459
 -2.0265424   0.7289737   1.60512677  2.83077107 -1.26456696 -0.25136105
 -2.39279218 -2.27309774  3.13337155  2.54856958 -0.67550774 -2.69002202]
