Time,Iteration,Cost,Parameters
Mon Mar 18 17:51:07 2024,0,0.32002778361983253,[ 1.23494565  2.23743464 -2.12427964 -0.11653116  0.55388694 -2.77010911
  3.06858498  2.18960132  1.18551998 -1.06648308  0.6027151   1.14432445
  1.31029885 -1.8735468   0.72965067  2.88578419 -0.54534335 -0.47522472
 -2.02654254  0.72897356  1.60512664  2.83077107 -1.2645671  -0.25136105
 -2.39279218 -2.27309774  3.13337155  2.54856945 -0.67550787 -2.69002202]
