Time,Iteration,Cost,Parameters
Mon Mar 18 18:25:43 2024,0,0.5505232117000713,[-0.14386254  2.23743473 -2.12427964 -0.11653112  0.55388699 -2.77010907
  3.06858508  2.18960145  1.18552008 -1.06648318  0.6027152   1.14432436
  1.31029899 -1.87354671  0.72965071  2.88578429 -0.54534335 -0.47522467
 -2.0265425   0.7289736   1.60512654  2.83077098 -1.2645671  -0.25136105
 -2.39279218 -2.27309774  3.13337155  2.54856958 -0.67550787 -2.69002202]
