{"MSE_train": [0.0012204202445769653], "R2_train": -2.1302264306734737, "MAE_train": 0.03016702910275095, "MSE_test": 0.0012046935667510428, "R2_test": -2.1006882759464074, "MAE_test": 0.02998176275411733}