{"MSE_train": 169.56450201221338, "R2_train": 0.17851689629690504, "MAE_train": 10.439686747011843, "MSE_test": 125.54330038813092, "R2_test": 0.24324834760806313, "MAE_test": 8.720765637856752}