{"MSE_train": 0.0008190624878739049, "R2_train": NaN, "MAE_train": 0.02861926777319617, "MSE_test": 0.000776808739622782, "R2_test": NaN, "MAE_test": 0.027871288804480893}