{"MSE_train": 164.20577482909098, "R2_train": 0.2044781310249879, "MAE_train": 10.4188003669707, "MSE_test": 145.23692900587494, "R2_test": 0.12453881908685904, "MAE_test": 9.285069491445801}