{"MSE_train": 0.00021286440515719515, "R2_train": 0.45402922465973694, "MAE_train": 0.010771492613358195, "MSE_test": 0.00020742156680704792, "R2_test": 0.4661301113182098, "MAE_test": 0.010701073623707535}