Data,Predicted,Reference
Train,[-0.0036336481477739642],-0.2691718251657037
Test,[-0.00438410102601282],-0.2692104566748499
