{"MSE_train": [197.5892118027297], "R2_train": 0.04274658290056921, "MAE_train": 11.438446190618635, "MSE_test": 149.4575018000134, "R2_test": 0.09909799169001365, "MAE_test": 9.773752478083399}