{"MSE_train": 0.00025677790418156184, "R2_train": 0.3413965508572192, "MAE_train": 0.012325468352568106, "MSE_test": 0.0002530496482177437, "R2_test": 0.34869073836162623, "MAE_test": 0.01226931189506815}