{"MSE_train": 0.0006806847913506701, "R2_train": -0.7458719931197886, "MAE_train": 0.022127602348689268, "MSE_test": 0.0006739710590546661, "R2_test": -0.734693550969922, "MAE_test": 0.022126627779653275}