{"MSE_train": 1.6530252734268944e-05, "R2_train": 0.9570151582358695, "MAE_train": 0.002843967415811728, "MSE_test": 7.955926743715744e-05, "R2_test": 0.7990483064837303, "MAE_test": 0.004512235263848797}