{"MSE_train": 0.0005959129825852146, "R2_train": -0.5234301053643424, "MAE_train": 0.020304036529384135, "MSE_test": 0.0006029461088638047, "R2_test": -0.5396713206340351, "MAE_test": 0.020250989932192247}