{"MSE_train": 0.0005611803037116524, "R2_train": -0.4396230496313971, "MAE_train": 0.018205470059113448, "MSE_test": 0.0005597266233645694, "R2_test": -0.43646011098738335, "MAE_test": 0.018147331103904107}