{"MSE_train": 0.0005958184526546422, "R2_train": -0.517864737908962, "MAE_train": 0.0198875600941347, "MSE_test": 0.000613170113867591, "R2_test": -0.5610285779996187, "MAE_test": 0.019981620173815065}