{"MSE_train": [1.4514042563431864], "R2_train": 0.9870688769266812, "MAE_train": 0.8380817242243429, "MSE_test": 1.9737604093294088, "R2_test": 0.9881025395495574, "MAE_test": 1.1307339065493074}