{"MSE_train": [1.454578774819016], "R2_train": 0.9870405939111602, "MAE_train": 0.8392323634679826, "MSE_test": 1.9654969618806166, "R2_test": 0.9881523500730341, "MAE_test": 1.1285907386295633}