{"MSE_train": [766.9038685746938], "R2_train": -5.832643811400532, "MAE_train": 25.52383078650544, "MSE_test": 478.17860742281647, "R2_test": -1.8823716613069283, "MAE_test": 17.690930190488892}