Time,Iteration,Cost,Parameters
Tue Jan 14 16:04:05 2025,1,0.14228207523633224,[-2.90318345  2.23743464 -2.12427964 -0.11653103  0.55388708 -2.77010897
  3.06858498  2.18960145  1.18551998 -1.06648308  0.6027151   1.14432445
  1.31029899 -1.8735468   0.7296508  -2.90318345  2.23743464 -2.12427964
 -0.11653103  0.55388708 -2.77010897  3.06858498  2.18960145  1.18551998
 -1.06648308  0.6027151   1.14432445  1.31029899 -1.8735468   0.7296508
 -2.90318345  2.23743464 -2.12427964 -0.11653103  0.55388708 -2.77010897
  3.06858498  2.18960145  1.18551998 -1.06648308  0.6027151   1.14432445
  1.31029899 -1.8735468   0.7296508 ]
