{"MSE_train": [27.651447002735345], "R2_train": 0.8660380195375295, "MAE_train": 4.422136207468062, "MSE_test": 36.07814606615533, "R2_test": 0.782527649293965, "MAE_test": 4.853306916793701, "hyperparameters": {"alpha": 0.001, "beta": 0.001}}