{"MSE_train": [27.65144694591106], "R2_train": 0.8660380198128241, "MAE_train": 4.422136164554712, "MSE_test": 36.07814764009189, "R2_test": 0.7825276398065684, "MAE_test": 4.853306921780749, "hyperparameters": {"alpha": 0.001, "beta": 0.001}}