Time,Iteration,Cost,Parameters
Wed Mar 19 10:31:35 2025,998,0.1366801332559171,[-3.37946253  0.760521   -1.82693421 -0.09940923  0.54198742 -3.07463528
  2.87052967  2.28975442  1.03319162 -1.15885181  0.91900205  1.14399778
  1.10282321 -1.79361547  0.85854641  2.95181226 -0.55472498 -0.37551288
 -1.99526618  0.70752211  1.53830556  2.73289331 -1.24185826 -0.16962981]
Wed Mar 19 10:32:35 2025,999,0.13687462532212422,[-3.38092139  0.76197985 -1.82547535 -0.10086809  0.54344627 -3.07609413
  2.87198853  2.28829557  1.03465048 -1.15739296  0.91754319  1.14545664
  1.10428207 -1.79507433  0.85708755  2.95035341 -0.55326612 -0.37405402
 -1.99380733  0.70898097  1.53976441  2.73435216 -1.24331712 -0.16817096]
