{"MSE_train": [0.0003923501845384047], "R2_train": -0.0063295190153467296, "MAE_train": 0.012096064563106995, "MSE_test": 0.00039100994412846513, "R2_test": -0.006396965169601199, "MAE_test": 0.012088549498390234}