{"MSE_train": [0.5939551034453086], "R2_train": -0.1827044385762724, "MAE_train": 0.6702961301569008, "MSE_test": 0.7852505493130131, "R2_test": -0.4644647517333593, "MAE_test": 0.8194140663808591}