{"M-M-CNOT_Modified-Pauli-CRZ": {"MSE_train": [210.40582567221782], "R2_train": -0.019345609837465583, "MAE_train": 12.676795047780118, "MSE_test": 186.73564397939415, "R2_test": -0.12560771227931578, "MAE_test": 12.018223003198624}, "A2_Modified-Pauli-CRX": {"MSE_train": [33.77471014821607], "R2_train": 0.8363728646622598, "MAE_train": 4.272784811601703, "MSE_test": 40.93735318203194, "R2_test": 0.7532372530491175, "MAE_test": 4.187773181414711}, "M-A1-CNOT_Modified-Pauli-CRX": {"MSE_train": [167.04731621765535], "R2_train": 0.19071181666391646, "MAE_train": 11.217448321269417, "MSE_test": 227.00494512537134, "R2_test": -0.3683435658746368, "MAE_test": 12.278266687984004}, "M-M-CZ_Modified-Pauli-CRX": {"MSE_train": [76.41579913841464], "R2_train": 0.6297910995329928, "MAE_train": 6.000621678094403, "MSE_test": 95.42277711567581, "R2_test": 0.42480925676745906, "MAE_test": 6.637614308642595}, "A1_Modified-Pauli-CRX": {"MSE_train": [10.989912879809678], "R2_train": 0.946757560487027, "MAE_train": 2.3943777675717377, "MSE_test": 12.006714910149839, "R2_test": 0.9276257568507111, "MAE_test": 2.3917070302899353}, "A1-A1-CNOT_Modified-Pauli-CRX": {"MSE_train": [201.30259440781805], "R2_train": 0.024756490449229673, "MAE_train": 12.56167401445764, "MSE_test": 177.79388559190528, "R2_test": -0.07170845669099135, "MAE_test": 11.221994134562435}, "M_Modified-Pauli-CRZ": {"MSE_train": [623.5079156271318], "R2_train": -2.0206865920316908, "MAE_train": 22.428241716975016, "MSE_test": 541.6739523170432, "R2_test": -2.2651097844831516, "MAE_test": 20.985704281461242}, "M-A2-CZ_Modified-Pauli-CRZ": {"MSE_train": [85.93492841203394], "R2_train": 0.5836741129736214, "MAE_train": 6.504244845677303, "MSE_test": 79.05129899269787, "R2_test": 0.523493480325065, "MAE_test": 5.846421235205357}, "IQP_Modified-Pauli-CRX": {"MSE_train": [2.2999230133985997], "R2_train": 0.9888576448908583, "MAE_train": 1.0962784521267674, "MSE_test": 1.6951037921188405, "R2_test": 0.9897822297829041, "MAE_test": 1.1861427282517878}, "A1-A1-CZ_Modified-Pauli-CRX": {"MSE_train": [107.01129169899548], "R2_train": 0.48156620641131476, "MAE_train": 7.535614993017754, "MSE_test": 132.99667473606686, "R2_test": 0.19832079403683756, "MAE_test": 8.635594470750181}, "A2-A2-CZ_Modified-Pauli-CRX": {"MSE_train": [169.20719031357694], "R2_train": 0.18024795155730478, "MAE_train": 11.778144566493612, "MSE_test": 174.97155893706957, "R2_test": -0.05469599682229531, "MAE_test": 12.050506249150377}, "M-A1-CZ_Modified-Pauli-CRX": {"MSE_train": [47.029215559384454], "R2_train": 0.7721592343681561, "MAE_train": 4.057337755695384, "MSE_test": 72.89404517307548, "R2_test": 0.5606082605466334, "MAE_test": 5.3593102820047545}, "M-A2-CNOT_Modified-Pauli-CRX": {"MSE_train": [161.698366104623], "R2_train": 0.2166256847687532, "MAE_train": 11.006620875740936, "MSE_test": 186.62335459543888, "R2_test": -0.12493085276876026, "MAE_test": 11.554893020715387}, "A2-A2-CNOT_Modified-Pauli-CRZ": {"MSE_train": [208.7879648110442], "R2_train": -0.011507616944938182, "MAE_train": 12.72751351698471, "MSE_test": 196.9276499790491, "R2_test": -0.1870432278152494, "MAE_test": 12.1438926610139}, "M-A1-CNOT_Modified-Pauli-CRZ": {"MSE_train": [208.51976496375818], "R2_train": -0.010208278696975492, "MAE_train": 12.601936767449175, "MSE_test": 189.47142069575506, "R2_test": -0.14209846522496017, "MAE_test": 12.027761985023698}, "A2_Modified-Pauli-CRZ": {"MSE_train": [260.10474534018584], "R2_train": -0.2601201958802004, "MAE_train": 13.885225197275002, "MSE_test": 127.8703842414108, "R2_test": 0.2292211191874325, "MAE_test": 10.43334280262015}, "M-M-CNOT_Modified-Pauli-CRX": {"MSE_train": [169.6991861307209], "R2_train": 0.17786439694487033, "MAE_train": 11.333716543476564, "MSE_test": 167.12214443067978, "R2_test": -0.007381186875007106, "MAE_test": 11.282921238951868}, "M_Modified-Pauli-CRX": {"MSE_train": [8.293559711214561], "R2_train": 0.9598204866498251, "MAE_train": 1.5664057416811297, "MSE_test": 51.96319105536592, "R2_test": 0.6867755541463862, "MAE_test": 2.8774759112759316}, "A1-A1-CNOT_Modified-Pauli-CRZ": {"MSE_train": [202.18230359575188], "R2_train": 0.020494594678097333, "MAE_train": 12.609905353774515, "MSE_test": 168.6513622390783, "R2_test": -0.016599027251952947, "MAE_test": 11.017397771001841}, "A1_Modified-Pauli-CRZ": {"MSE_train": [206.65712350619486], "R2_train": -0.0011844059672048157, "MAE_train": 12.56705630425462, "MSE_test": 195.34202165208868, "R2_test": -0.17748535532984344, "MAE_test": 12.089768971266537}, "M-M-CZ_Modified-Pauli-CRZ": {"MSE_train": [322.73054688664587], "R2_train": -0.5635211861568947, "MAE_train": 16.553674354631287, "MSE_test": 300.86647475515866, "R2_test": -0.8135671215939186, "MAE_test": 16.300834074964985}, "A2-A2-CZ_Modified-Pauli-CRZ": {"MSE_train": [228.77309839163405], "R2_train": -0.10832888181393407, "MAE_train": 13.468675385748952, "MSE_test": 200.4137962106918, "R2_test": -0.2080570685627796, "MAE_test": 11.976916783568488}, "IQP_Modified-Pauli-CRZ": {"MSE_train": [2.3692439895357884], "R2_train": 0.9885218080266966, "MAE_train": 1.1378144410558035, "MSE_test": 1.7527885937736851, "R2_test": 0.9894345165330911, "MAE_test": 1.1771232567422003}, "A1-A1-CZ_Modified-Pauli-CRZ": {"MSE_train": [206.93809018355296], "R2_train": -0.0025455952221153932, "MAE_train": 12.577383505470042, "MSE_test": 191.4293743974114, "R2_test": -0.1539006457830192, "MAE_test": 12.012863818275061}, "M-A2-CZ_Modified-Pauli-CRX": {"MSE_train": [71.22569733881669], "R2_train": 0.6549354008712626, "MAE_train": 5.617185497686025, "MSE_test": 62.026680565521076, "R2_test": 0.6261147120935289, "MAE_test": 5.956597622741384}, "A2-A2-CNOT_Modified-Pauli-CRX": {"MSE_train": [182.449595864961], "R2_train": 0.11609294102295065, "MAE_train": 11.969241561415151, "MSE_test": 178.6356785054239, "R2_test": -0.07678262772447209, "MAE_test": 11.77448308101597}, "M-A2-CNOT_Modified-Pauli-CRZ": {"MSE_train": [209.4154009302324], "R2_train": -0.014547334364855669, "MAE_train": 12.625438612586699, "MSE_test": 192.00303203793564, "R2_test": -0.157358547288172, "MAE_test": 12.07764234580502}, "M-A1-CZ_Modified-Pauli-CRZ": {"MSE_train": [58.35076849071984], "R2_train": 0.7173101101092215, "MAE_train": 5.014251936463305, "MSE_test": 77.60112286327266, "R2_test": 0.5322348721700226, "MAE_test": 5.135237899254204}}