{"M-M-CNOT_Modified-Pauli-CRZ": {"MSE_train": [2.193931564057356], "R2_train": 0.6987566808010222, "MAE_train": 1.2478379927087184, "MSE_test": 18.758469424705414, "R2_test": -0.8700441648705486, "MAE_test": 2.8007664883848262}, "A2_Modified-Pauli-CRX": {"MSE_train": [1.0840098855076103], "R2_train": 0.851157282522109, "MAE_train": 0.8434068102045359, "MSE_test": 1.8392261808836536, "R2_test": 0.816646331341469, "MAE_test": 1.0757604774439358}, "M-A1-CNOT_Modified-Pauli-CRX": {"MSE_train": [3.2930980602646116], "R2_train": 0.5478328465783024, "MAE_train": 1.4943904224978575, "MSE_test": 4.126758317129086, "R2_test": 0.5886007468917234, "MAE_test": 1.7224504119874886}, "M-M-CZ_Modified-Pauli-CRX": {"MSE_train": [1.7166009682878827], "R2_train": 0.7642977648441808, "MAE_train": 0.7355427843127291, "MSE_test": 15.977294022182935, "R2_test": -0.5927869582607754, "MAE_test": 2.192482620379691}, "A1_Modified-Pauli-CRX": {"MSE_train": [4.365159739279403], "R2_train": 0.40063070779545296, "MAE_train": 1.6565970207032137, "MSE_test": 7.88725876130867, "R2_test": 0.21371398223013494, "MAE_test": 2.357328962811791}, "A1-A1-CNOT_Modified-Pauli-CRX": {"MSE_train": [2.030037894289188], "R2_train": 0.7212605154171566, "MAE_train": 1.1808034417442455, "MSE_test": 2.771542953695276, "R2_test": 0.7237030585544519, "MAE_test": 1.2885930370819498}, "M_Modified-Pauli-CRZ": {"MSE_train": [7.967416367154999], "R2_train": -0.09398624423969837, "MAE_train": 2.026168463354648, "MSE_test": 19.810181678630663, "R2_test": -0.974890051762872, "MAE_test": 3.2162710542551536}, "M-A2-CZ_Modified-Pauli-CRZ": {"MSE_train": [3.732678019220484], "R2_train": 0.48747520914847997, "MAE_train": 1.485613592814095, "MSE_test": 9.467687721581411, "R2_test": 0.056159978849772196, "MAE_test": 2.3400613896279507}, "IQP_Modified-Pauli-CRX": {"MSE_train": [4.049750561757147], "R2_train": 0.443938762202997, "MAE_train": 1.7667151170830913, "MSE_test": 4.904163654493526, "R2_test": 0.5111006970762026, "MAE_test": 1.9932683278441712}, "A1-A1-CZ_Modified-Pauli-CRX": {"MSE_train": [1.0469039260487993], "R2_train": 0.8562522100816373, "MAE_train": 0.7872656251154325, "MSE_test": 1.997545477418513, "R2_test": 0.8008633764548886, "MAE_test": 0.8877115620839259}, "A2-A2-CZ_Modified-Pauli-CRX": {"MSE_train": [1.9757578916443634], "R2_train": 0.728713568388698, "MAE_train": 0.9585530884761866, "MSE_test": 4.340107826497213, "R2_test": 0.5673317938636899, "MAE_test": 1.2939616822559625}, "M-A1-CZ_Modified-Pauli-CRX": {"MSE_train": [1.4928424099206163], "R2_train": 0.7950214993152216, "MAE_train": 0.6931247264282961, "MSE_test": 6.576180639474666, "R2_test": 0.3444162232240652, "MAE_test": 1.4978358489735752}, "M-A2-CNOT_Modified-Pauli-CRX": {"MSE_train": [3.2909113841007835], "R2_train": 0.5481330936764328, "MAE_train": 1.493125231906093, "MSE_test": 4.027254735608102, "R2_test": 0.5985203244326269, "MAE_test": 1.7114813832411435}, "A2-A2-CNOT_Modified-Pauli-CRZ": {"MSE_train": [3.4905096615626734], "R2_train": 0.5207267476471971, "MAE_train": 1.5074617976573519, "MSE_test": 5.3293943264643415, "R2_test": 0.468709171475734, "MAE_test": 1.7909733769543525}, "M-A1-CNOT_Modified-Pauli-CRZ": {"MSE_train": [3.454595848135129], "R2_train": 0.5256579845824088, "MAE_train": 1.5213880405783768, "MSE_test": 5.946502031703394, "R2_test": 0.4071892981240697, "MAE_test": 1.9143065474966279}, "A2_Modified-Pauli-CRZ": {"MSE_train": [2.120970519721214], "R2_train": 0.7087747814237217, "MAE_train": 1.2104143480071712, "MSE_test": 3.0836306775166644, "R2_test": 0.6925908279323054, "MAE_test": 1.5176747755678146}, "M-M-CNOT_Modified-Pauli-CRX": {"MSE_train": [1.9461573189844708], "R2_train": 0.7327779498417668, "MAE_train": 1.188567820446727, "MSE_test": 18.265940014866523, "R2_test": -0.8209435837920467, "MAE_test": 2.724547588465804}, "M_Modified-Pauli-CRX": {"MSE_train": [2.6391880519171993], "R2_train": 0.6376196132209725, "MAE_train": 1.2105002775722296, "MSE_test": 13.05283863953451, "R2_test": -0.3012460761169844, "MAE_test": 2.4255785009179744}, "A1-A1-CNOT_Modified-Pauli-CRZ": {"MSE_train": [2.0604521260749165], "R2_train": 0.7170844124410565, "MAE_train": 1.2011936640594656, "MSE_test": 2.527064086582788, "R2_test": 0.7480753177471846, "MAE_test": 1.2197800600935995}, "A1_Modified-Pauli-CRZ": {"MSE_train": [6.0326920760973275], "R2_train": 0.17166596511876342, "MAE_train": 2.00191973663417, "MSE_test": 9.986591821831627, "R2_test": 0.004430087522801385, "MAE_test": 2.757249526401985}, "M-M-CZ_Modified-Pauli-CRZ": {"MSE_train": [3.4450850583730803], "R2_train": 0.5269638876119567, "MAE_train": 1.383918327410571, "MSE_test": 15.93583131847985, "R2_test": -0.5886535140354385, "MAE_test": 2.656667450585921}, "A2-A2-CZ_Modified-Pauli-CRZ": {"MSE_train": [3.380935805984035], "R2_train": 0.5357720628670093, "MAE_train": 1.2608179907834998, "MSE_test": 6.762833680154451, "R2_test": 0.32580865873274967, "MAE_test": 1.8827729662598411}, "IQP_Modified-Pauli-CRZ": {"MSE_train": [8.641967776270175], "R2_train": -0.186607230591892, "MAE_train": 2.6225331258083115, "MSE_test": 11.05813971036086, "R2_test": -0.10239322684016772, "MAE_test": 2.854747325194761}, "A1-A1-CZ_Modified-Pauli-CRZ": {"MSE_train": [3.3754752381070885], "R2_train": 0.5365218399425169, "MAE_train": 1.2714804514942948, "MSE_test": 6.452707944783702, "R2_test": 0.35672529743475623, "MAE_test": 1.9091609956874236}, "M-A2-CZ_Modified-Pauli-CRX": {"MSE_train": [1.4260150082567393], "R2_train": 0.8041974046262513, "MAE_train": 0.6956819314175833, "MSE_test": 6.660210612150735, "R2_test": 0.33603921993454533, "MAE_test": 1.496415640892042}, "A2-A2-CNOT_Modified-Pauli-CRX": {"MSE_train": [3.212434482690395], "R2_train": 0.5589085629976347, "MAE_train": 1.3944070277519613, "MSE_test": 6.653496583096748, "R2_test": 0.3367085459105039, "MAE_test": 1.915746407753769}, "M-A2-CNOT_Modified-Pauli-CRZ": {"MSE_train": [3.4606293366758125], "R2_train": 0.5248295411869442, "MAE_train": 1.5232540319490024, "MSE_test": 5.944547076363117, "R2_test": 0.4073841889088079, "MAE_test": 1.911817854833697}, "M-A1-CZ_Modified-Pauli-CRZ": {"MSE_train": [4.134362211469823], "R2_train": 0.4323209457588002, "MAE_train": 1.498483672516509, "MSE_test": 11.414159215844796, "R2_test": -0.1378850456947216, "MAE_test": 2.4752838260485692}}