{"M-M-CNOT_Modified-Pauli-CRZ": {"MSE_train": [0.508908019052636], "R2_train": -0.013355671951108539, "MAE_train": 0.6253693600657731, "MSE_test": 0.57720233509001, "R2_test": -0.07646212421885235, "MAE_test": 0.6853913955680031}, "A2_Modified-Pauli-CRX": {"MSE_train": [0.1430911683455498], "R2_train": 0.7150717976128484, "MAE_train": 0.3185601201553128, "MSE_test": 0.18142402630376606, "R2_test": 0.6616505497871312, "MAE_test": 0.37313076773196213}, "M-A1-CNOT_Modified-Pauli-CRX": {"MSE_train": [0.4243179127927103], "R2_train": 0.15508314363095976, "MAE_train": 0.5617487381571074, "MSE_test": 0.4888478435866318, "R2_test": 0.08831590564336456, "MAE_test": 0.6227615745059667}, "M-M-CZ_Modified-Pauli-CRX": {"MSE_train": [0.08727774224976755], "R2_train": 0.8262094684447462, "MAE_train": 0.2511009482472817, "MSE_test": 0.09812008840459105, "R2_test": 0.817009474197507, "MAE_test": 0.27715801151436864}, "A1_Modified-Pauli-CRX": {"MSE_train": [0.16933993639864944], "R2_train": 0.6628043209913288, "MAE_train": 0.3430628575044943, "MSE_test": 0.19699873681017338, "R2_test": 0.6326042605804071, "MAE_test": 0.37941625893078434}, "A1-A1-CNOT_Modified-Pauli-CRX": {"MSE_train": [0.47426209110668627], "R2_train": 0.05563252685816655, "MAE_train": 0.605203412830179, "MSE_test": 0.6008673043727291, "R2_test": -0.1205964624828808, "MAE_test": 0.7072280528668755}, "M_Modified-Pauli-CRZ": {"MSE_train": [0.11570264995773413], "R2_train": 0.769608785468329, "MAE_train": 0.28322377946821975, "MSE_test": 0.16995203779784687, "R2_test": 0.6830454062618028, "MAE_test": 0.3554881384240039}, "M-A2-CZ_Modified-Pauli-CRZ": {"MSE_train": [0.16190069541812546], "R2_train": 0.677617601113459, "MAE_train": 0.34330457363902245, "MSE_test": 0.18101480885591126, "R2_test": 0.6624137259844634, "MAE_test": 0.3806080209207157}, "IQP_Modified-Pauli-CRX": {"MSE_train": [0.19946090928655758], "R2_train": 0.6028263729576778, "MAE_train": 0.3805852975300347, "MSE_test": 0.21654809680444226, "R2_test": 0.5961453893887858, "MAE_test": 0.40425613345075523}, "A1-A1-CZ_Modified-Pauli-CRX": {"MSE_train": [0.10931980319514771], "R2_train": 0.7823185360085199, "MAE_train": 0.2739698814725748, "MSE_test": 0.09492423763907365, "R2_test": 0.8229696238618337, "MAE_test": 0.2689750459216869}, "A2-A2-CZ_Modified-Pauli-CRX": {"MSE_train": [0.36608631942955583], "R2_train": 0.27103595477186626, "MAE_train": 0.5101064808447703, "MSE_test": 0.31936993201923536, "R2_test": 0.4043862705797173, "MAE_test": 0.5096009098353816}, "M-A1-CZ_Modified-Pauli-CRX": {"MSE_train": [0.06924955070340236], "R2_train": 0.862107841971143, "MAE_train": 0.21716508425269881, "MSE_test": 0.09876974328852708, "R2_test": 0.8157978906091249, "MAE_test": 0.27375768238136067}, "M-A2-CNOT_Modified-Pauli-CRX": {"MSE_train": [0.4084722802514615], "R2_train": 0.18663552836488317, "MAE_train": 0.5521618164223433, "MSE_test": 0.4776672188512392, "R2_test": 0.10916737889819428, "MAE_test": 0.612764987183964}, "A2-A2-CNOT_Modified-Pauli-CRZ": {"MSE_train": [0.5045332739177284], "R2_train": -0.004644524494537228, "MAE_train": 0.622476731994299, "MSE_test": 0.6100009323565273, "R2_test": -0.13763035854245076, "MAE_test": 0.6981486561417195}, "M-A1-CNOT_Modified-Pauli-CRZ": {"MSE_train": [0.5002027805864184], "R2_train": 0.003978507203408088, "MAE_train": 0.6186922647004849, "MSE_test": 0.570122578219489, "R2_test": -0.06325862579813712, "MAE_test": 0.6756574251510672}, "A2_Modified-Pauli-CRZ": {"MSE_train": [0.5939551011986777], "R2_train": -0.18270443410270154, "MAE_train": 0.6702972014367274, "MSE_test": 0.7852241869139605, "R2_test": -0.4644155867831181, "MAE_test": 0.8194025966841805}, "M-M-CNOT_Modified-Pauli-CRX": {"MSE_train": [0.42639561350385513], "R2_train": 0.1509459523872948, "MAE_train": 0.5644555847938019, "MSE_test": 0.5112681258066789, "R2_test": 0.046502865125407356, "MAE_test": 0.628408429228509}, "M_Modified-Pauli-CRX": {"MSE_train": [0.07023692376626826], "R2_train": 0.8601417497577613, "MAE_train": 0.21742575627215416, "MSE_test": 0.10853017594303108, "R2_test": 0.797595025807956, "MAE_test": 0.29051314381251103}, "A1-A1-CNOT_Modified-Pauli-CRZ": {"MSE_train": [0.47631017479742255], "R2_train": 0.05155431007450939, "MAE_train": 0.6047579623794967, "MSE_test": 0.6090933181513642, "R2_test": -0.13593768986135712, "MAE_test": 0.7080785308891966}, "A1_Modified-Pauli-CRZ": {"MSE_train": [0.502090308965595], "R2_train": 0.00021999384264792532, "MAE_train": 0.6186634584161796, "MSE_test": 0.5747699422590078, "R2_test": -0.07192579684348388, "MAE_test": 0.6784655760770311}, "M-M-CZ_Modified-Pauli-CRZ": {"MSE_train": [0.2595860612235912], "R2_train": 0.48310304091874323, "MAE_train": 0.4316067756208362, "MSE_test": 0.29857907220413527, "R2_test": 0.44316049542308866, "MAE_test": 0.49004064346330767}, "A2-A2-CZ_Modified-Pauli-CRZ": {"MSE_train": [0.5265537854035077], "R2_train": -0.0484925468835713, "MAE_train": 0.6213809557226861, "MSE_test": 0.6500192621737072, "R2_test": -0.21226314102413357, "MAE_test": 0.7410327222465579}, "IQP_Modified-Pauli-CRZ": {"MSE_train": [0.2005899305463407], "R2_train": 0.6005782258377239, "MAE_train": 0.3802003492357314, "MSE_test": 0.2163965531141224, "R2_test": 0.5964280130596831, "MAE_test": 0.4009322953774001}, "A1-A1-CZ_Modified-Pauli-CRZ": {"MSE_train": [0.5014497927865975], "R2_train": 0.001495412343955782, "MAE_train": 0.6173098393498397, "MSE_test": 0.5844791016786799, "R2_test": -0.09003303885879888, "MAE_test": 0.6814712844616696}, "M-A2-CZ_Modified-Pauli-CRX": {"MSE_train": [0.09186342700475318], "R2_train": 0.8170782905456536, "MAE_train": 0.24863275038187024, "MSE_test": 0.09220058917696995, "R2_test": 0.8280491327808064, "MAE_test": 0.27041556014525264}, "A2-A2-CNOT_Modified-Pauli-CRX": {"MSE_train": [0.4453151685133365], "R2_train": 0.11327266436298877, "MAE_train": 0.58075203201132, "MSE_test": 0.5531465765013508, "R2_test": -0.03159897759626307, "MAE_test": 0.6556828073773177}, "M-A2-CNOT_Modified-Pauli-CRZ": {"MSE_train": [0.4988027463010759], "R2_train": 0.0067663050585468065, "MAE_train": 0.6161298961885128, "MSE_test": 0.5718113229822392, "R2_test": -0.06640807559079964, "MAE_test": 0.6771459404397995}, "M-A1-CZ_Modified-Pauli-CRZ": {"MSE_train": [0.12999058521276682], "R2_train": 0.741158142740964, "MAE_train": 0.2979841604876357, "MSE_test": 0.17538542775053786, "R2_test": 0.6729123244383013, "MAE_test": 0.3623947160581622}}