{"MSE_train": [755.1044596584451], "R2_train": -0.006495563801451887, "MAE_train": 19.77667431954372, "MSE_test": 781.5793915101318, "R2_test": -0.010800470360957437, "MAE_test": 20.467493159993136}