{"MSE_train": [3.2220373400848543], "R2_train": 0.5575900183890912, "MAE_train": 1.2084955060241218, "MSE_test": 6.773596198649779, "R2_test": 0.3247357361794313, "MAE_test": 1.838217291898733}