{"MSE_train": [819.2036885451058], "R2_train": -0.09193485460725648, "MAE_train": 21.387091806953745, "MSE_test": 822.5595964093519, "R2_test": -0.0637993222211437, "MAE_test": 21.561999898613276}