Time,Iteration,Cost,Parameters
Mon Nov  4 13:18:39 2024,320,0.11608734955782998,[-2.88110174  2.24600339 -2.11847909 -0.10747451  0.54197293 -2.76668584
  3.08176203  2.19104605  1.18493092 -1.04924559  0.6141279   1.14412401
  1.31105757 -1.86365297  0.72359173  2.90022645]
