{"MSE_train": [111.4019556213289], "R2_train": 0.46029491328431427, "MAE_train": 9.491056900738949, "MSE_test": 128.96323955410617, "R2_test": 0.22263359073190603, "MAE_test": 9.76920095333099, "hyperparameters": {"alpha": 0.001, "beta": 0.001}}