{"MSE_train": [111.40195566903135], "R2_train": 0.4602949130532119, "MAE_train": 9.491056955666982, "MSE_test": 128.96323767794826, "R2_test": 0.22263360204103688, "MAE_test": 9.769200931316783, "hyperparameters": {"alpha": 0.001, "beta": 0.001}}