Time,Iteration,Cost,Parameters
Tue Mar 19 10:25:00 2024,0,0.34649450653514635,[-2.94362125  1.98017033 -2.35602868 -0.11653095  0.55388708 -2.77010894
  3.06858502  2.18960149  1.18552006 -1.06648308  1.90922735  1.14432449
  1.31029906 -1.87354673  0.7296508   2.88578419 -0.5453432  -0.47522485
 -2.0265424   0.7289737 ]
Tue Mar 19 10:25:08 2024,1,0.3379695060059693,[-2.9323767   1.96437995 -2.42055157 -0.11653094  0.55388708 -2.77010893
  3.06858502  2.18960149  1.18552007 -1.06648308  2.06861377  1.14432449
  1.31029906 -1.87354672  0.7296508   2.88578419 -0.54534319 -0.47522485
 -2.0265424   0.7289737 ]
