Time,Iteration,Cost,Parameters
Wed Mar 19 10:43:37 2025,999,0.23874839747497145,[-2.10598531  2.19583074 -1.98930152 -0.01184152  0.48636309 -2.77393994
  3.16103105  2.30999024  1.06611477 -1.1304258   0.79968141  1.07858618
  1.18265456 -1.89320491  0.56989742  2.72389843 -0.73812433 -0.3801055
 -2.1527402   0.76176707]
