{"MSE_train": [1.198996905681491], "R2_train": 0.8362920655648647, "MAE_train": 0.8278589392909698, "MSE_test": 2.5340361782149374, "R2_test": 0.7473802653429371, "MAE_test": 1.125891699230187}