{"MSE_train": [230.58975310169777], "R2_train": -0.11712996418595378, "MAE_train": 13.57130779527258, "MSE_test": 188.5963532374056, "R2_test": -0.13682372142729782, "MAE_test": 11.862091226822262, "hyperparameters": {"alpha": 0.001, "beta": 0.001}}