{"MSE_train": [0.04935173411681711], "R2_train": 0.9017290790956723, "MAE_train": 0.18636514905748716, "MSE_test": 0.041849367085012114, "R2_test": 0.9219523971909753, "MAE_test": 0.1818290766800388}