{"MSE_train": [1576.115466555433], "R2_train": -1.1008394333208558, "MAE_train": 32.359945647708564, "MSE_test": 1574.9086290012303, "R2_test": -1.0367967736382386, "MAE_test": 32.55347334315339}