{"MSE_train": [1.2194274514080319], "R2_train": 0.8325634313291177, "MAE_train": 0.976082260647652, "MSE_test": 9.227267735915875, "R2_test": 0.08012760547926512, "MAE_test": 2.0859623169366297}