{"MSE_train": [1289.3898927227876], "R2_train": -0.7186565255129485, "MAE_train": 28.31533121499084, "MSE_test": 1385.2086962105714, "R2_test": -0.7914617720055166, "MAE_test": 29.74327239934295}