{"MSE_train": [2962.382973740824], "R2_train": -2.948626290327785, "MAE_train": 44.09757775481893, "MSE_test": 2775.635645045146, "R2_test": -2.589672202258807, "MAE_test": 42.41534317455936}