Time,Iteration,Cost,Parameters
Thu Apr  4 17:06:58 2024,0,0.29129538291867735,[-2.90585768  2.23743465 -2.12427962 -0.11653101  0.55388708 -2.77010899
  3.068585    2.18960147  1.18552004 -1.0664831   0.6027151   1.14432447
  1.31029904 -1.87354676  0.72965086  2.88578423]
Thu Apr  4 17:07:25 2024,1,0.2912933349115618,[-2.91180788  2.23743468 -2.12427957 -0.11653092  0.5538871  -2.77010902
  3.06858507  2.18960151  1.18552015 -1.06648313  0.60271513  1.14432451
  1.31029919 -1.87354669  0.72965098  2.88578432]
Thu Apr  4 17:07:49 2024,2,0.2912924542791909,[-2.91903183  2.23743473 -2.1242795  -0.11653082  0.55388713 -2.77010904
  3.06858517  2.1896016   1.18552029 -1.06648315  0.60271516  1.14432457
  1.31029937 -1.87354657  0.72965114  2.88578444]
