{"MSE_train": [3.2909113841007835], "R2_train": 0.5481330936764328, "MAE_train": 1.493125231906093, "MSE_test": 4.027254735608102, "R2_test": 0.5985203244326269, "MAE_test": 1.7114813832411435}