{"MSE_train": [1.3937395982088965], "R2_train": 0.808629061388297, "MAE_train": 0.9407408787141446, "MSE_test": 2.8567957681382383, "R2_test": 0.7152041493642445, "MAE_test": 1.3009983977778283}