{"MSE_train": [0.20194951314335913], "R2_train": 0.5978709768170868, "MAE_train": 0.3579468315457345, "MSE_test": 0.2698516351626936, "R2_test": 0.49673615861955034, "MAE_test": 0.46725015306765494}