{"MSE_train": [0.6029836178047943], "R2_train": -0.2006823361391925, "MAE_train": 0.6812779148507431, "MSE_test": 0.6329974011807183, "R2_test": -0.18051796688201338, "MAE_test": 0.7433181770117182, "hyperparameters": {"alpha": 0.001, "beta": 0.001}}