Time,Iteration,Cost,Parameters
Fri Apr  5 04:55:29 2024,0,0.5977001784458996,[-0.10470975  2.23743432 -2.12427948 -0.11653103  0.55388692 -2.77010913
  3.06858483  2.18960145  1.18551983 -1.0664834   0.6027151   1.14432429
  1.31029899 -1.87354696]
Fri Apr  5 04:56:48 2024,1,0.3647372797648165,[-1.39462416  2.23743446 -2.12427952 -0.11653105  0.55388697 -2.77010908
  3.06858487  2.18960145  1.18551992 -1.06648326  0.6027151   1.14432439
  1.31029896 -1.87354689]
Fri Apr  5 04:57:28 2024,2,0.36470214333668993,[-1.40326313  2.23743446 -2.12427953 -0.11653105  0.55388697 -2.77010908
  3.06858487  2.18960145  1.18551992 -1.06648326  0.6027151   1.14432439
  1.31029896 -1.87354689]
Fri Apr  5 04:57:48 2024,3,0.3647013850324913,[-1.40473488  2.23743446 -2.12427952 -0.11653105  0.55388697 -2.77010908
  3.06858487  2.18960146  1.18551992 -1.06648326  0.6027151   1.14432439
  1.31029896 -1.87354689]
