{"MSE_train": [762.3521389609014], "R2_train": -0.016156157077615863, "MAE_train": 20.156900917072754, "MSE_test": 779.2093384343249, "R2_test": -0.007735329711358929, "MAE_test": 20.596242966554435}