{"MSE_train": [215.64188257859655], "R2_train": -0.04471254824482296, "MAE_train": 13.466138690803291, "MSE_test": 175.09927661190503, "R2_test": -0.0554658551992262, "MAE_test": 11.4691698346654}