{"MSE_train": [215.68162414783146], "R2_train": -0.04490508280986272, "MAE_train": 13.457904333471964, "MSE_test": 175.03871152722573, "R2_test": -0.05510078013933373, "MAE_test": 11.44917626481761}