{"MSE_train": [201.7583194618805], "R2_train": 0.0225486555108797, "MAE_train": 12.571362573305228, "MSE_test": 187.1342482904339, "R2_test": -0.12801042489000314, "MAE_test": 11.463607042032427}