{"MSE_train": [0.49344074970045676], "R2_train": 0.017443302599939536, "MAE_train": 0.6144622386680105, "MSE_test": 0.5574852543624764, "R2_test": -0.03969045973824059, "MAE_test": 0.6716274882387433}