{"MSE_train": [0.07376672653258523], "R2_train": 0.8531130814715457, "MAE_train": 0.2233913406353607, "MSE_test": 0.0898598788538582, "R2_test": 0.8324144754923963, "MAE_test": 0.2658973567298964}