{"MSE_train": [0.08486761292539055], "R2_train": 0.8310086033169765, "MAE_train": 0.23833301953696795, "MSE_test": 0.13578344436703538, "R2_test": 0.7467686354139612, "MAE_test": 0.32190291581863406, "BATCH_SIZE": 32, "NUM_CORES": 16, "TOLERANCE": 1e-06, "MAX_ITER": 1000, "NUM_QUBITS": 5}