{"MSE_train": [761.6589361176649], "R2_train": -0.015232171557986396, "MAE_train": 20.1742974135235, "MSE_test": 775.6774184336506, "R2_test": -0.0031675705857494574, "MAE_test": 20.56571418561069}