{"MSE_train": [761.0592310677731], "R2_train": -0.01443281133095442, "MAE_train": 20.15140226251807, "MSE_test": 774.9337308616252, "R2_test": -0.0022057748222348295, "MAE_test": 20.536989568731734}