Time,Iteration,Cost,Parameters
Mon Nov  4 15:45:07 2024,255,0.11221666868833287,[-2.91223017  2.23639471 -2.12351859 -0.12712937  0.55990521 -2.74957254
  3.07807393  2.17900895  1.19131694 -1.07283844  0.60291892  1.13334593
  1.3032011  -1.87111432  0.72005809  2.8775671  -0.54190048 -0.47492231
 -2.02477433  0.71893403  1.60092439  2.83145313 -1.26563728 -0.24929212
 -2.38991608 -2.25977721  3.11606183  2.53360555 -0.68919117 -2.67563479
  1.51205731 -0.04776707 -2.34766876  2.03701502  1.13815305 -0.6453996
  1.04357016 -1.92353497 -0.31671374  2.32358031 -0.20464973  0.57603454
  2.69596568  1.09159568  2.57358108  2.95678336  2.76235503 -2.94566374]
