{"MSE_train": [1091.8984010688168], "R2_train": -0.4554157146612099, "MAE_train": 24.997629432968353, "MSE_test": 1146.0969615023605, "R2_test": -0.48222350838536987, "MAE_test": 25.730033568156273, "BATCH_SIZE": 25, "NUM_CORES": 16, "TOLERANCE": 1e-06, "MAX_ITER": 1000}