{"MSE_train": [0.0008185643831584602], "R2_train": -1.0995160304463063, "MAE_train": 0.01810103190591988, "MSE_test": 0.0008258952707965773, "R2_test": -1.1257221371447272, "MAE_test": 0.018128104621755015}