{"MSE_train": [680.9548361850403], "R2_train": 0.09234012194895114, "MAE_train": 18.967704083498223, "MSE_test": 735.0023969931486, "R2_test": 0.049436593815978425, "MAE_test": 19.975384762110654, "BATCH_SIZE": 25, "NUM_CORES": 16}