{"MSE_train": [0.059971507009449074], "R2_train": 0.8805826111826404, "MAE_train": 0.20085297242722314, "MSE_test": 0.050088194570833376, "R2_test": 0.9065872726977129, "MAE_test": 0.20009327346768976}