{"MSE_train": [2530.622657432955], "R2_train": -2.373123341787462, "MAE_train": 42.903672518469456, "MSE_test": 2679.939216278467, "R2_test": -2.4659099891555085, "MAE_test": 44.785912675346324}