{"MSE_train": [0.1301480643466136], "R2_train": 0.7408445647120805, "MAE_train": 0.29940538574982983, "MSE_test": 0.17072722215517577, "R2_test": 0.6815997146053034, "MAE_test": 0.35890187148730707, "hyperparameters": {"alpha": 0.001, "beta": 0.001}}