{"MSE_train": [1459.2728881921635], "R2_train": -0.9450973564710532, "MAE_train": 31.61852126597248, "MSE_test": 1480.9547935166627, "R2_test": -0.9152882204040969, "MAE_test": 32.07370079746598}