{"MSE_train": [0.00039235289409742153], "R2_train": -0.006336468697874187, "MAE_train": 0.012083765751338361, "MSE_test": 0.00039101629690752645, "R2_test": -0.0064133162053323645, "MAE_test": 0.012076255261065682}