{"MSE_train": [0.9283142638584654], "R2_train": 0.8725354634183252, "MAE_train": 0.7524356922627959, "MSE_test": 1.9391681416143212, "R2_test": 0.8066830514885851, "MAE_test": 0.9033632974891106}