{"MSE_train": [3.4085317843160423], "R2_train": 0.5319829273053225, "MAE_train": 1.241803411317368, "MSE_test": 6.507106773516904, "R2_test": 0.35130224238985286, "MAE_test": 1.845474867032582}