{"MSE_train": [845.1264178240048], "R2_train": -0.1264878382204635, "MAE_train": 22.46700371436332, "MSE_test": 859.6376248363264, "R2_test": -0.11175156991491741, "MAE_test": 22.816690658000198}