{"MSE_train": [917.3881436770529], "R2_train": -0.22280710315584473, "MAE_train": 23.408183716138524, "MSE_test": 894.3029367936882, "R2_test": -0.15658350127381437, "MAE_test": 22.985944146040946}