{"MSE_train": [8.713806856652536], "R2_train": -0.19647127711782963, "MAE_train": 2.627965950214261, "MSE_test": 10.186406788793283, "R2_test": -0.015489598063503696, "MAE_test": 2.7994175383091218, "hyperparameters": {"alpha": 0.001, "beta": 0.001}}