{"MSE_train": [8.084976945713374], "R2_train": -0.1101281966469938, "MAE_train": 2.5457042215691374, "MSE_test": 9.442102485263169, "R2_test": 0.05871058790003669, "MAE_test": 2.7090423596541546}