{"MSE_train": [893.8095616872058], "R2_train": -0.19137868570980765, "MAE_train": 23.213541663208925, "MSE_test": 925.0186075777818, "R2_test": -0.19630744334964856, "MAE_test": 23.967877876254736}