{"MSE_train": [770.7530469330164], "R2_train": -0.02735391455035363, "MAE_train": 20.50996652609627, "MSE_test": 799.1801972566687, "R2_test": -0.03356322859202665, "MAE_test": 21.042009552117467}