{"MSE_train": [13.905768347673785], "R2_train": 0.9326312193527362, "MAE_train": 2.749200649571769, "MSE_test": 20.51706989808941, "R2_test": 0.8763269206750286, "MAE_test": 3.0931948148082355}