{"MSE_train": [2330.768465688935], "R2_train": -2.106733235326606, "MAE_train": 39.45007787819357, "MSE_test": 2307.8443881388953, "R2_test": -1.984687439804957, "MAE_test": 38.96571388783842}