{"MSE_train": [752.3550637144114], "R2_train": -0.002830832670006389, "MAE_train": 20.05553630755727, "MSE_test": 777.3248616047766, "R2_test": -0.005298174783295639, "MAE_test": 20.656371134270444}