{"MSE_train": [0.0004886660666398865], "R2_train": -0.25336780044945595, "MAE_train": 0.017551887863841216, "MSE_test": 0.00048596901248344683, "R2_test": -0.2508063968038723, "MAE_test": 0.017544603991193668}