{"MSE_train": [749.8294022357061], "R2_train": 0.0005356778060819911, "MAE_train": 19.990969019018447, "MSE_test": 777.0537323874195, "R2_test": -0.004947528971225745, "MAE_test": 20.613209165496826}