{"MSE_train": [750.7594306895548], "R2_train": -0.000703977848224957, "MAE_train": 19.99263153553033, "MSE_test": 777.6878301579901, "R2_test": -0.005767594509941132, "MAE_test": 20.612970237168263}