{"MSE_train": [0.29739144091304726], "R2_train": 0.4078236298968998, "MAE_train": 0.45295778121133223, "MSE_test": 0.3646724832831949, "R2_test": 0.3198986003097579, "MAE_test": 0.545899694300952}