{"MSE_train": [24.23671076872109], "R2_train": 0.8825812705514912, "MAE_train": 3.0058680223941088, "MSE_test": 16.81553299423433, "R2_test": 0.8986390963126135, "MAE_test": 2.7890751919396344}