{"MSE_train": [0.16566958884249766], "R2_train": 0.977252318326216, "MAE_train": 0.30579260529262287, "MSE_test": 10.381436928189682, "R2_test": -0.03493228104017465, "MAE_test": 1.714003448501034}