Time,Iteration,Cost,Parameters
Thu Apr  4 18:31:12 2024,0,0.0958713715549797,[-4.6746318   2.23743464 -2.12427955 -0.11653103  0.55388708 -2.77010897
  3.0685849   2.18960145  1.18551998 -1.06648317  0.6027151   1.14432445
  1.3102989  -1.8735468 ]
Thu Apr  4 18:31:57 2024,1,0.09544062548744117,[-4.701487    2.23743463 -2.12427955 -0.11653103  0.55388708 -2.77010897
  3.0685849   2.18960145  1.18551998 -1.06648317  0.6027151   1.14432445
  1.3102989  -1.8735468 ]
Thu Apr  4 18:32:19 2024,2,0.09544006317475769,[-4.70249362  2.23743464 -2.12427955 -0.11653103  0.55388708 -2.77010897
  3.0685849   2.18960145  1.18551998 -1.06648317  0.6027151   1.14432445
  1.3102989  -1.8735468 ]
