{"MSE_train": [744.9356735747544], "R2_train": 0.00705863780809779, "MAE_train": 20.177496915764664, "MSE_test": 770.0688561721456, "R2_test": 0.004085867047789349, "MAE_test": 20.633160906097658}