{"MSE_train": [70.83779333901377], "R2_train": 0.6568146655635505, "MAE_train": 7.301152207417621, "MSE_test": 91.3972599974656, "R2_test": 0.4490743248477117, "MAE_test": 7.826841907311677}