{"MSE_train": [1459.2264067945794], "R2_train": -0.945035400380251, "MAE_train": 31.638687578354205, "MSE_test": 1481.3010159844937, "R2_test": -0.9157359827646896, "MAE_test": 32.09827990330762}