{"MSE_train": [1390.5636711061914], "R2_train": -0.8535133096484679, "MAE_train": 29.413964653460372, "MSE_test": 1387.5489434343572, "R2_test": -0.7944883653628376, "MAE_test": 29.32665926491603}