{"MSE_train": [0.0004556020635909689], "R2_train": -0.1685627370235654, "MAE_train": 0.014015195722019595, "MSE_test": 0.000452996800915359, "R2_test": -0.165941205635866, "MAE_test": 0.013938318296778876}