{"MSE_train": [1.022180913810594], "R2_train": 0.8596468657715626, "MAE_train": 0.8071838236523512, "MSE_test": 1.9090260935278203, "R2_test": 0.8096879321035872, "MAE_test": 1.0395601092595623}