{"MSE_train": [760.0869277018207], "R2_train": -0.0131368065040951, "MAE_train": 19.995039965634415, "MSE_test": 772.9367571448065, "R2_test": 0.00037687000461872344, "MAE_test": 20.233959873675598}