{"MSE_train": [0.4981828266073268], "R2_train": 0.00800071110894518, "MAE_train": 0.6143831490165272, "MSE_test": 0.5616668572232704, "R2_test": -0.047489002510019196, "MAE_test": 0.6733730447460181}