{"MSE_train": [701.731471692127], "R2_train": 0.0646464814186577, "MAE_train": 19.292819288778006, "MSE_test": 711.8897571692152, "R2_test": 0.07932769311962806, "MAE_test": 19.66368324217557}