{"MSE_train": [0.23091089018737163], "R2_train": 0.5402020570981596, "MAE_train": 0.3983303106998178, "MSE_test": 0.31987327067758475, "R2_test": 0.40344756162372575, "MAE_test": 0.47428598829206675, "hyperparameters": {"alpha": 0.001, "beta": 0.001}}