{"MSE_train": [691.8371759049231], "R2_train": 0.07783480879426952, "MAE_train": 19.030432684802918, "MSE_test": 730.0509395303795, "R2_test": 0.05584021139687323, "MAE_test": 19.548400199323527}