{"MSE_train": [3.7364466555488023], "R2_train": 0.4869577470111027, "MAE_train": 1.3235909488721214, "MSE_test": 6.288999675053495, "R2_test": 0.37304548260651826, "MAE_test": 1.8802913978259546, "hyperparameters": {"alpha": 0.001, "beta": 0.001}}