{"MSE_train": [0.5342284482416714], "R2_train": 0.9266464124973803, "MAE_train": 0.49046828480724053, "MSE_test": 2.314024487281202, "R2_test": 0.7693133756366836, "MAE_test": 0.9309964927279039}