{"MSE_train": [1389.6620933215065], "R2_train": -0.852311576525189, "MAE_train": 30.036500184099044, "MSE_test": 1375.409911432061, "R2_test": -0.7787892062103174, "MAE_test": 29.997793927575742}