{"MSE_train": [704.1857731066407], "R2_train": 0.06137508836258043, "MAE_train": 19.535735903409414, "MSE_test": 721.3280962691645, "R2_test": 0.06712128426943853, "MAE_test": 19.917562799620633}