{"MSE_train": [2.3692439895357884], "R2_train": 0.9885218080266966, "MAE_train": 1.1378144410558035, "MSE_test": 1.7527885937736851, "R2_test": 0.9894345165330911, "MAE_test": 1.1771232567422003}