{"MSE_train": [0.47015856476943174], "R2_train": 0.9354436898026831, "MAE_train": 0.4686794662402642, "MSE_test": 0.7943053543361289, "R2_test": 0.920815176367992, "MAE_test": 0.6628992256541781}