{"MSE_train": [7.967880009483716], "R2_train": -0.09404990582163286, "MAE_train": 2.0251563844942244, "MSE_test": 19.923744455884723, "R2_test": -0.9862111997809908, "MAE_test": 3.2263972272947896}