{"MSE_train": [751.5575775028169], "R2_train": -0.0017678455244585223, "MAE_train": 20.785493092822637, "MSE_test": 771.7389927909506, "R2_test": 0.0019259138834750722, "MAE_test": 21.160119423322463}