{"MSE_train": [783.0272334067967], "R2_train": -0.043714451264333265, "MAE_train": 21.184699597977573, "MSE_test": 818.0489572807188, "R2_test": -0.05796580587926403, "MAE_test": 21.79932153023095}