{"MSE_train": [760.9018777007], "R2_train": -0.014223071520941932, "MAE_train": 20.160327358179217, "MSE_test": 775.1435452732526, "R2_test": -0.0024771234635436734, "MAE_test": 20.550828493863996}