{"MSE_train": [760.6539541810414], "R2_train": -0.01389260873595033, "MAE_train": 20.151017956556068, "MSE_test": 774.2722692218177, "R2_test": -0.001350320157096574, "MAE_test": 20.53078958255081}