Time,Iteration,Cost,Parameters
Wed Mar 19 10:42:21 2025,998,0.0942962185219615,[-3.23629548  0.9113671  -1.4297234   0.1548252   0.34287135 -2.8544613
  3.3167104   1.82783856  1.16277845 -1.03563909  0.49594999  1.22187149
  1.20520447 -1.86330416  0.70918393]
Wed Mar 19 10:43:02 2025,999,0.09871855225933102,[-3.23653582  0.91160744 -1.42948306  0.15506554  0.3431117  -2.85470164
  3.31647006  1.82759822  1.16253811 -1.03539875  0.49570964  1.22211183
  1.20544481 -1.86306382  0.70942427]
