{"MSE_train": [0.5601021448491578], "R2_train": -0.11529522842156403, "MAE_train": 0.639879619416216, "MSE_test": 0.587759511367085, "R2_test": -0.09615088795055304, "MAE_test": 0.6890743994442283}