{"MSE_train": [0.29739144091304726], "R2_train": 0.4078236298968998, "MAE_train": 0.4529577812113321, "MSE_test": 0.3646724832831945, "R2_test": 0.3198986003097587, "MAE_test": 0.5458996943009516}