{"MSE_train": [1390.5705270618805], "R2_train": -0.8535224481046095, "MAE_train": 29.413604937513426, "MSE_test": 1387.2800812452615, "R2_test": -0.7941406514515545, "MAE_test": 29.325958513078543}