{"MSE_train": [920.735154892926], "R2_train": -0.22726840900257983, "MAE_train": 23.527193040538545, "MSE_test": 965.2636285567073, "R2_test": -0.2483554970433175, "MAE_test": 24.236489920615426}