{"MSE_train": [760.835437342932], "R2_train": -0.014134511687271756, "MAE_train": 20.201954753827263, "MSE_test": 788.9383902630739, "R2_test": -0.020317711324139953, "MAE_test": 20.834800202886687}