{"MSE_train": [764.0395719941342], "R2_train": -0.018405374176570843, "MAE_train": 20.21326165111116, "MSE_test": 798.5285423744946, "R2_test": -0.03272045680381219, "MAE_test": 21.000505285557463}