{"MSE_train": [1150.5433885412376], "R2_train": -0.5335849255236145, "MAE_train": 25.779030430217198, "MSE_test": 1246.5326705717935, "R2_test": -0.612114934734606, "MAE_test": 26.862350976595177}