{"MSE_train": [836.9130294769135], "R2_train": -0.11554002983529621, "MAE_train": 21.547923654634424, "MSE_test": 825.2395811991445, "R2_test": -0.06726529114958302, "MAE_test": 21.69556783502201}