{"MSE_train": [0.00014849688430144977], "R2_train": 0.6191239254031035, "MAE_train": 0.005973932736418161, "MSE_test": 0.00014825022476676832, "R2_test": 0.6184276678089595, "MAE_test": 0.005965980282106662}