{"MSE_train": [750.0411127622731], "R2_train": 0.0002534841266853549, "MAE_train": 20.087931366816715, "MSE_test": 775.3548830258745, "R2_test": -0.002750442210270876, "MAE_test": 20.717625180803495}