Time,Iteration,Cost,Parameters
Fri Apr  5 00:58:57 2024,0,0.3488489022363922,[-7.58077525  2.23743526 -2.12427901 -0.1165304   0.55388708 -2.77010959
  3.06858436  2.18960207  1.18552061 -1.06648371  0.6027151   1.14432383
  1.31029899 -1.87354618  0.72964956  2.88578357 -0.54534335 -0.47522485
 -2.0265424   0.7289737 ]
Fri Apr  5 00:59:15 2024,1,0.3488461329890261,[-7.58320564  2.23743526 -2.12427901 -0.1165304   0.55388708 -2.7701096
  3.06858436  2.18960207  1.18552061 -1.06648371  0.6027151   1.14432383
  1.31029899 -1.87354618  0.72964956  2.88578357 -0.54534335 -0.47522485
 -2.0265424   0.7289737 ]
Fri Apr  5 00:59:26 2024,2,0.34884613258135366,[-7.58323551  2.23743526 -2.12427901 -0.1165304   0.55388708 -2.7701096
  3.06858436  2.18960207  1.18552061 -1.06648371  0.6027151   1.14432383
  1.31029899 -1.87354618  0.72964956  2.88578357 -0.54534335 -0.47522485
 -2.0265424   0.7289737 ]
