{"MSE_train": [0.0008124750044681681], "R2_train": -1.0838975300097298, "MAE_train": 0.02472836256268408, "MSE_test": 0.0008001778178104484, "R2_test": -1.0595295325171872, "MAE_test": 0.024525108693791438}