{"MSE_train": [0.5573102822785987], "R2_train": -0.10973597278937608, "MAE_train": 0.6369679395489956, "MSE_test": 0.6076453798763491, "R2_test": -0.133237335728144, "MAE_test": 0.6974916280833723, "hyperparameters": {"alpha": 0.001, "beta": 0.001}}