{"MSE_train": [766.0194355827996], "R2_train": -0.021044378480458814, "MAE_train": 19.99569823368918, "MSE_test": 790.0073844308928, "R2_test": -0.02170021938331068, "MAE_test": 20.612517288353423}