{"MSE_train": [670.8663014467443], "R2_train": 0.10578735475160839, "MAE_train": 19.35675875871296, "MSE_test": 671.4916808730766, "R2_test": 0.13157369009111464, "MAE_test": 19.362951048123335}