{"MSE_train": [685.9772059475574], "R2_train": 0.0856456933555475, "MAE_train": 19.65254300086339, "MSE_test": 681.9036792106364, "R2_test": 0.11810806787624517, "MAE_test": 19.53091540798432}