{"MSE_train": [23.033532551870984], "R2_train": 0.8884102652063676, "MAE_train": 2.794272304726897, "MSE_test": 54.82150941679661, "R2_test": 0.6695461429680309, "MAE_test": 3.5727602991370717}