{"MSE_train": [135.43524259916347], "R2_train": 0.34386170383038817, "MAE_train": 9.328583948587031, "MSE_test": 145.4033756689186, "R2_test": 0.12353550957608461, "MAE_test": 8.894602556891488}