{"MSE_train": [125.8632253788069], "R2_train": 0.39023491474166494, "MAE_train": 8.873351917188467, "MSE_test": 122.66230737038708, "R2_test": 0.2606144373951482, "MAE_test": 8.192996545208613}