{"MSE_train": [0.4350109622846037], "R2_train": 0.13379076475818097, "MAE_train": 0.5665528504775548, "MSE_test": 0.4635641416701549, "R2_test": 0.13546912353338358, "MAE_test": 0.5976011143182591}