{"MSE_train": [0.43498927167964974], "R2_train": 0.13383395585899927, "MAE_train": 0.5667683322857165, "MSE_test": 0.4603831562785802, "R2_test": 0.14140154979633301, "MAE_test": 0.5966741541474969, "BATCH_SIZE": 32, "NUM_CORES": 16, "TOLERANCE": 1e-06, "MAX_ITER": 1000, "NUM_QUBITS": 5}