{"MSE_train": [184.36172597543396], "R2_train": 0.10682931237901239, "MAE_train": 11.925157032410207, "MSE_test": 179.79416318257879, "R2_test": -0.08376575777599471, "MAE_test": 11.736491302501552}