{"MSE_train": [764.7004242574841], "R2_train": -0.019286238887250118, "MAE_train": 20.021852575191133, "MSE_test": 786.5813560394561, "R2_test": -0.017269407686954397, "MAE_test": 20.615595689502204}