{"MSE_train": [836.7737432557271], "R2_train": -0.11535437212671096, "MAE_train": 21.544872130118076, "MSE_test": 825.1670935835446, "R2_test": -0.06717154441477957, "MAE_test": 21.69420178896308}