Time,Iteration,Cost,Parameters
Wed Mar 19 09:57:02 2025,996,0.10813780740169178,[-1.67693967  2.03237608 -2.14595865 -0.0398321   0.53336625 -2.64725378
  3.18528071  1.96308366  1.06122711 -1.26852328  0.66069416  1.27358118
  1.45032887 -1.90466721  0.6509407   2.76207481 -0.67573033 -0.71512844
 -2.00819907  1.03072125]
Wed Mar 19 09:58:26 2025,997,0.11024957268587139,[-1.67593083  2.03136724 -2.14494981 -0.03882326  0.53235741 -2.64826262
  3.18427187  1.96207481  1.06223595 -1.26751444  0.661703    1.27459002
  1.45133771 -1.90365837  0.65194954  2.76308365 -0.67472149 -0.7141196
 -2.00719023  1.03173009]
Wed Mar 19 09:59:09 2025,998,0.11007327202445398,[-1.67595284  2.03134523 -2.14497183 -0.03880124  0.53237943 -2.64828464
  3.18424986  1.96209683  1.06221394 -1.26753646  0.66172502  1.27456801
  1.45135973 -1.90368039  0.65192753  2.76310566 -0.67474351 -0.71414161
 -2.00721225  1.0317521 ]
Wed Mar 19 09:59:52 2025,999,0.10506079232410656,[-1.67579447  2.03118685 -2.14481345 -0.03864287  0.53222105 -2.64812626
  3.18440823  1.96193845  1.06205556 -1.26737808  0.66156664  1.27440963
  1.45120135 -1.90352201  0.65176915  2.76326404 -0.67458513 -0.71398324
 -2.00737062  1.03159373]
