{"MSE_train": [1.6985499128772268], "R2_train": 0.7667763106366002, "MAE_train": 0.988409476322688, "MSE_test": 4.450349204454282, "R2_test": 0.5563417583278272, "MAE_test": 1.4487256107791189}