{"MSE_train": [1.0413450331805694], "R2_train": 0.8570154879186179, "MAE_train": 0.7759150480408827, "MSE_test": 1.960455866617266, "R2_test": 0.8045608641702159, "MAE_test": 0.8392979665509401, "hyperparameters": {"alpha": 0.001, "beta": 0.001}}