{"MSE_train": [786.6066042305788], "R2_train": -0.04848547441120554, "MAE_train": 20.96785324029807, "MSE_test": 813.1143375985415, "R2_test": -0.051583964251940895, "MAE_test": 21.561771172898418}