{"MSE_train": [0.0004250277913085099], "R2_train": -0.09014352395132175, "MAE_train": 0.01254455795631605, "MSE_test": 0.0004231729284579853, "R2_test": -0.08917933504557496, "MAE_test": 0.012567312067863951}