{"MSE_train": [202.1839856326772], "R2_train": 0.020486445773712503, "MAE_train": 12.617572250640073, "MSE_test": 168.31853891976493, "R2_test": -0.014592830218210118, "MAE_test": 10.998807976720403}