{"MSE_train": [206.65753195810083], "R2_train": -0.0011863847796063087, "MAE_train": 12.5667533816686, "MSE_test": 195.5034958094895, "R2_test": -0.17845869150193616, "MAE_test": 12.092200726253617}