{"MSE_train": [0.07023692376626826], "R2_train": 0.8601417497577613, "MAE_train": 0.21742575627215416, "MSE_test": 0.10853017594303108, "R2_test": 0.797595025807956, "MAE_test": 0.29051314381251103}