{"MSE_train": [1081.7067593005354], "R2_train": -0.44183104820026897, "MAE_train": 25.247766047960123, "MSE_test": 1150.0738792825532, "R2_test": -0.4873667739403107, "MAE_test": 26.31280643319319}