{"MSE_train": [1141.1272526877772], "R2_train": -0.5210339481807624, "MAE_train": 26.30928420987547, "MSE_test": 1227.2510660581638, "R2_test": -0.587178434203248, "MAE_test": 27.724711990168284}