{"MSE_train": [0.16198587233038672], "R2_train": 0.6774479938289837, "MAE_train": 0.3436058689325775, "MSE_test": 0.17765403957985074, "R2_test": 0.6686814428906214, "MAE_test": 0.37889609969158167, "hyperparameters": {"alpha": 0.001, "beta": 0.001}}