{"MSE_train": [193.24510237542225], "R2_train": 0.0637923351235985, "MAE_train": 12.576626094729802, "MSE_test": 169.18972262632695, "R2_test": -0.019844163482825028, "MAE_test": 11.370996008300859, "hyperparameters": {"alpha": 0.001, "beta": 0.001}}