{"MSE_train": [0.06797357635949088], "R2_train": 0.8646486072769715, "MAE_train": 0.2208186442084097, "MSE_test": 0.07227924468030225, "R2_test": 0.8652017420314851, "MAE_test": 0.23172238754044713, "hyperparameters": {"alpha": 0.001, "beta": 0.001}}