{"MSE_train": [8.293559711214561], "R2_train": 0.9598204866498251, "MAE_train": 1.5664057416811297, "MSE_test": 51.96319105536592, "R2_test": 0.6867755541463862, "MAE_test": 2.8774759112759316}