{"MSE_train": [0.0004637343424812981], "R2_train": -0.18942102287815654, "MAE_train": 0.014480394396796482, "MSE_test": 0.00046232967545063123, "R2_test": -0.18996252977262684, "MAE_test": 0.014430831374978813}