Time,Iteration,Cost,Parameters
Wed Jul 31 17:04:45 2024,0,0.44123399445563793,[-2.90486445  2.23911564 -2.12259863 ... -0.85497247 -2.62733009
 -2.06303553]
Wed Jul 31 17:05:27 2024,1,0.43427071274230683,[-2.91661155  2.22736853 -2.11085153 ... -0.86671958 -2.61558298
 -2.05128843]
Wed Jul 31 17:06:31 2024,2,0.4361447356330018,[-2.90566746  2.23831263 -2.12179563 ... -0.85577548 -2.60463888
 -2.06223253]
Wed Jul 31 17:07:35 2024,3,0.4368300781514402,[-2.92103119  2.22294889 -2.10643189 ... -0.87113922 -2.58927514
 -2.07759626]
Wed Jul 31 17:08:20 2024,4,0.4194325750570192,[-2.90439378  2.23958631 -2.08979448 ... -0.88777663 -2.57263773
 -2.06095885]
Wed Jul 31 17:09:04 2024,5,0.4337764408079405,[-2.91993096  2.2551235  -2.07425729 ... -0.87223945 -2.55710054
 -2.07649603]
