Time,Iteration,Cost,Parameters
Fri Apr  5 02:30:25 2024,0,0.44293779037422165,[-1.48232878  2.23743464 -2.12427941 -0.11653103  0.55388708 -2.77010909
  3.06858487  2.18960145  1.18551998 -1.06648331]
Fri Apr  5 02:31:00 2024,1,0.44201264217281344,[-1.43333457  2.23743464 -2.1242794  -0.11653103  0.55388708 -2.77010909
  3.06858487  2.18960145  1.18551998 -1.06648332]
Fri Apr  5 02:31:16 2024,2,0.4420009517146702,[-1.42722895  2.23743464 -2.1242794  -0.11653102  0.55388708 -2.77010909
  3.06858487  2.18960146  1.18551999 -1.06648331]
Fri Apr  5 02:31:31 2024,3,0.4420009494177427,[-1.42714227  2.23743464 -2.1242794  -0.11653102  0.55388709 -2.77010909
  3.06858486  2.18960146  1.18551999 -1.06648332]
