{"MSE_train": [1320.4441893740961], "R2_train": -0.7600494896475456, "MAE_train": 28.80692828654095, "MSE_test": 1365.9726586792685, "R2_test": -0.7665842023104488, "MAE_test": 29.84802965112615, "BATCH_SIZE": 25, "NUM_CORES": 16, "TOLERANCE": 1e-06, "MAX_ITER": 1000}