{"MSE_train": [761.0924182088929], "R2_train": -0.014477047211017169, "MAE_train": 20.155955783173457, "MSE_test": 775.1857253354581, "R2_test": -0.002531674066054812, "MAE_test": 20.54275983699951}