{"MSE_train": [760.0268609366601], "R2_train": -0.013056742174064162, "MAE_train": 20.140649570113066, "MSE_test": 773.6845528218539, "R2_test": -0.0005902386861991182, "MAE_test": 20.52053235600125}