{"MSE_train": [206.69854451800143], "R2_train": -0.001385076867856716, "MAE_train": 12.570106825680046, "MSE_test": 193.76226346793214, "R2_test": -0.16796286697288498, "MAE_test": 12.06528046815796, "hyperparameters": {"alpha": 0.001, "beta": 0.001}}