{"MSE_train": [782.1264894890776], "R2_train": -0.042513829620917765, "MAE_train": 20.614069635511175, "MSE_test": 813.0737428478443, "R2_test": -0.05153146390003216, "MAE_test": 21.364352145974035}