{"MSE_train": [3270.8014980260627], "R2_train": -3.359724215279381, "MAE_train": 45.87460796681999, "MSE_test": 3660.1628645301557, "R2_test": -3.7336129704193084, "MAE_test": 49.47687500492173}