Time,Iteration,Cost,Parameters
Fri Mar 22 05:45:12 2024,0,0.06501695523109059,[-1.74143584  2.23743466 -2.12427958 -0.116531    0.55388709 -2.77010897
  3.06858498  2.18960148  1.18552001 -1.06648308]
Fri Mar 22 05:45:20 2024,1,0.04506712122302994,[-1.58916758  2.23743466 -2.12427958 -0.116531    0.55388709 -2.77010897
  3.06858498  2.18960148  1.18552001 -1.06648308]
Fri Mar 22 05:45:24 2024,2,0.04501981763431423,[-1.58127968  2.23743466 -2.12427958 -0.116531    0.55388709 -2.77010897
  3.06858498  2.18960148  1.18552001 -1.06648308]
Fri Mar 22 05:45:28 2024,3,0.04501980244334164,[-1.58141855  2.23743466 -2.12427958 -0.116531    0.55388709 -2.77010897
  3.06858499  2.18960148  1.18552001 -1.06648308]
