{"MSE_train": [0.5176293575153655], "R2_train": 0.9289255926085548, "MAE_train": 0.5322803637888807, "MSE_test": 9.638338146612652, "R2_test": 0.03914772564631763, "MAE_test": 1.711689921888229, "BATCH_SIZE": 32, "NUM_CORES": 16, "TOLERANCE": 1e-06, "MAX_ITER": 1000, "NUM_QUBITS": 5}