{"MSE_train": [3.4983194175316172], "R2_train": 0.519654409362466, "MAE_train": 1.509997511754546, "MSE_test": 5.339216784333452, "R2_test": 0.4677299641850462, "MAE_test": 1.7887005046115632}