{"MSE_train": [750.0396187399299], "R2_train": 0.0002554755423648247, "MAE_train": 20.08945992497457, "MSE_test": 775.4828182050043, "R2_test": -0.002915898132784589, "MAE_test": 20.721701498909454}