{"MSE_train": [766.6942639145435], "R2_train": -0.021943872204194692, "MAE_train": 20.14443114074869, "MSE_test": 797.0435932593448, "R2_test": -0.03080000280980988, "MAE_test": 20.929866199939724}