{"MSE_train": [104.5488233327305], "R2_train": 0.49349603920228613, "MAE_train": 7.292927449023848, "MSE_test": 109.48328252484563, "R2_test": 0.3400551466798689, "MAE_test": 7.876538347580876}