{"MSE_train": [0.46420398980661826], "R2_train": 0.07566057440290075, "MAE_train": 0.5839593835156947, "MSE_test": 0.5882754938964847, "R2_test": -0.09711317728289037, "MAE_test": 0.6682499798513952}