{"MSE_train": [0.0005956722584261388], "R2_train": -0.5278253991851656, "MAE_train": 0.01751213302067117, "MSE_test": 0.0005997523538571596, "R2_test": -0.5436664919623189, "MAE_test": 0.0175433103950879}