{"MSE_train": [6.0326920760973275], "R2_train": 0.17166596511876342, "MAE_train": 2.00191973663417, "MSE_test": 9.986591821831627, "R2_test": 0.004430087522801385, "MAE_test": 2.757249526401985}