{"MSE_train": [0.0004769852185915559], "R2_train": -0.2234078752056401, "MAE_train": 0.018920823449629455, "MSE_test": 0.000473472423589117, "R2_test": -0.2186421786629298, "MAE_test": 0.018912834404205235}