{"MSE_train": [795.9470894619232], "R2_train": -0.060935615353762795, "MAE_train": 20.845938546889357, "MSE_test": 814.6056108049158, "R2_test": -0.053512597062393086, "MAE_test": 21.24876887690848}