{"MSE_train": [0.13185436981403892], "R2_train": 0.7374469088317204, "MAE_train": 0.3015344467688596, "MSE_test": 0.12411489736584616, "R2_test": 0.7685300665930103, "MAE_test": 0.3083823379476386, "hyperparameters": {"alpha": 0.001, "beta": 0.001}}