{"MSE_train": [1152.4657020097393], "R2_train": -0.5361472199896782, "MAE_train": 26.573869186457014, "MSE_test": 1237.7067076071944, "R2_test": -0.6007004992813276, "MAE_test": 28.01111356873951}