{"MSE_train": [0.11050663458119074], "R2_train": 0.7799552753176485, "MAE_train": 0.28192284989920974, "MSE_test": 0.12265210386295869, "R2_test": 0.7712581252055352, "MAE_test": 0.3226515616523474, "hyperparameters": {"alpha": 0.001, "beta": 0.001}}