{"MSE_train": [0.5265537968817182], "R2_train": -0.048492569739390534, "MAE_train": 0.621389718760833, "MSE_test": 0.6500788039869402, "R2_test": -0.21237418441889488, "MAE_test": 0.7410745728298933}