{"MSE_train": [1171.5469367930828], "R2_train": -0.5615810231087544, "MAE_train": 26.270366357503082, "MSE_test": 1251.0310819046506, "R2_test": -0.6179326371209799, "MAE_test": 27.37574233255171, "BATCH_SIZE": 25, "NUM_CORES": 16, "TOLERANCE": 1e-06, "MAX_ITER": 1000}