{"MSE_train": [747.3109973514088], "R2_train": 0.0038925158057511178, "MAE_train": 20.01645867649602, "MSE_test": 772.9949862309785, "R2_test": 0.00030156353117438695, "MAE_test": 20.661980364874477}