{"MSE_train": [2.7860251261517663], "R2_train": 0.6174577775700536, "MAE_train": 1.2610480747975696, "MSE_test": 12.915437562952743, "R2_test": -0.28754847234712333, "MAE_test": 2.4578229750245475, "hyperparameters": {"alpha": 0.001, "beta": 0.001}}