{"MSE_train": [765.8822417098149], "R2_train": -0.02086150970942513, "MAE_train": 20.290444270218185, "MSE_test": 801.231932498048, "R2_test": -0.036216695366573015, "MAE_test": 21.10039171836474}