{"MSE_train": [0.47631017479742255], "R2_train": 0.05155431007450939, "MAE_train": 0.6047579623794967, "MSE_test": 0.6090933181513642, "R2_test": -0.13593768986135712, "MAE_test": 0.7080785308891966}