{"MSE_train": [14.378843116544086], "R2_train": 0.9303393308689827, "MAE_train": 2.8270360741395058, "MSE_test": 18.932652864938337, "R2_test": 0.8858774917067613, "MAE_test": 2.931818964848552, "MAX_ITER": 1000}