{"MSE_train": [0.11721418198361573], "R2_train": 0.9839056104500193, "MAE_train": 0.2703411036338292, "MSE_test": 10.940426891915529, "R2_test": -0.09065835848389114, "MAE_test": 1.7454952857690393}