{"MSE_train": [3.079762913738291], "R2_train": 0.5771253681383364, "MAE_train": 1.447960934367483, "MSE_test": 5.170651516759148, "R2_test": 0.48453434666904627, "MAE_test": 1.8652555705942795}