Time,Iteration,Cost,Parameters
Wed Mar 19 10:54:12 2025,996,0.17402217708712955,[-4.30764627  2.35359323 -2.09528321 -0.01456016  0.46648691]
Wed Mar 19 10:54:53 2025,997,0.17014844876887367,[-4.30740393  2.35335089 -2.09552554 -0.01431782  0.46672925]
Wed Mar 19 10:55:33 2025,998,0.17310674382797714,[-4.3077214   2.35303342 -2.09520808 -0.01400036  0.46704672]
Wed Mar 19 10:56:12 2025,999,0.18157254026637923,[-4.30783597  2.35291885 -2.09509351 -0.01411492  0.46716129]
