{"MSE_train": [8.006882265815866], "R2_train": -0.09940520921679341, "MAE_train": 2.0870079231974747, "MSE_test": 18.82194295795521, "R2_test": -0.8763718831822125, "MAE_test": 3.1189751445227842, "hyperparameters": {"alpha": 0.001, "beta": 0.001}}