Time,Iteration,Cost,Parameters
Thu Mar 28 08:13:17 2024,0,0.3256669474905543,[-2.44927933  2.23743464 -2.1242796  -0.11653103  0.55388708 -2.77010897
  3.06858498  2.18960145  1.18552002 -1.0664831   0.6027151   1.14432445
  1.31029899 -1.8735468 ]
Thu Mar 28 08:13:47 2024,1,0.3244573565284578,[-2.38271773  2.23743464 -2.12427959 -0.11653103  0.55388708 -2.77010897
  3.06858498  2.18960145  1.18552002 -1.06648311  0.6027151   1.14432445
  1.31029898 -1.8735468 ]
Thu Mar 28 08:14:02 2024,2,0.32445215637594826,[-2.3777147   2.23743463 -2.12427959 -0.11653102  0.55388708 -2.77010897
  3.06858499  2.18960146  1.18552003 -1.0664831   0.60271511  1.14432445
  1.31029899 -1.8735468 ]
Thu Mar 28 08:14:17 2024,3,0.3244521014538404,[-2.37818055  2.23743463 -2.12427959 -0.11653102  0.55388708 -2.77010898
  3.06858498  2.18960146  1.18552003 -1.0664831   0.60271511  1.14432445
  1.31029898 -1.8735468 ]
