{"MSE_train": [0.5000432171886947], "R2_train": 0.004296235492343481, "MAE_train": 0.6162022730895036, "MSE_test": 0.5406052054884682, "R2_test": -0.00820976022755815, "MAE_test": 0.6648572308883135, "hyperparameters": {"alpha": 0.001, "beta": 0.001}}