{"MSE_train": [228.33934299156635], "R2_train": -0.10622748247582314, "MAE_train": 13.027592532876781, "MSE_test": 218.16819381096906, "R2_test": -0.31507727338211633, "MAE_test": 12.638582394514788}