{"MSE_train": [3.3796152478095323], "R2_train": 0.5359533854452518, "MAE_train": 1.2918253753315605, "MSE_test": 6.433428338324864, "R2_test": 0.3586472940936024, "MAE_test": 1.9329044106606676, "hyperparameters": {"alpha": 0.001, "beta": 0.001}}