{"MSE_train": [1182.7441430019012], "R2_train": -0.5765060288241801, "MAE_train": 26.07338141981941, "MSE_test": 1283.4484697766432, "R2_test": -0.6598573747289813, "MAE_test": 27.13326031160475, "BATCH_SIZE": 25, "NUM_CORES": 16, "TOLERANCE": 1e-06, "MAX_ITER": 1000}