{"MSE_train": [202.00535933750692], "R2_train": 0.021351830223984458, "MAE_train": 12.551395949572234, "MSE_test": 190.3671244130065, "R2_test": -0.1474976005510833, "MAE_test": 11.53660453677909}