{"MSE_train": [3220.268434051751], "R2_train": -3.2923675680435185, "MAE_train": 49.499439512674265, "MSE_test": 3163.0548422600987, "R2_test": -3.090713441351742, "MAE_test": 48.802341208929136}