Time,Iteration,Cost,Parameters
Thu Apr  4 20:02:43 2024,0,0.44383582544209577,[ 0.08121583  2.23743464 -2.12427942 -0.11653103  0.55388708 -2.77010897
  3.06858498  2.18960187  1.1855202  -1.06648308  0.60271531  1.14432466
  1.3102992  -1.8735468 ]
Thu Apr  4 20:04:30 2024,1,0.22411987166621977,[ 1.14976383  2.23743464 -2.12427935 -0.11653103  0.55388708 -2.77010898
  3.06858498  2.18960202  1.18552027 -1.06648309  0.60271538  1.14432473
  1.31029927 -1.8735468 ]
Thu Apr  4 20:05:13 2024,2,0.2222304866923576,[ 1.20349138  2.23743464 -2.12427935 -0.11653103  0.55388708 -2.77010898
  3.06858498  2.18960203  1.18552027 -1.06648309  0.60271539  1.14432474
  1.31029927 -1.8735468 ]
Thu Apr  4 20:05:33 2024,3,0.22210416736421773,[ 1.22193939  2.23743462 -2.12427936 -0.11653103  0.55388707 -2.77010898
  3.06858498  2.18960203  1.18552027 -1.06648309  0.60271539  1.14432473
  1.31029927 -1.8735468 ]
Thu Apr  4 20:05:54 2024,4,0.22210395986139445,[ 1.22121708  2.23743463 -2.12427936 -0.11653103  0.55388708 -2.77010898
  3.06858498  2.18960203  1.18552027 -1.06648309  0.60271539  1.14432473
  1.31029927 -1.8735468 ]
