{"MSE_train": [0.0004797864947068524], "R2_train": -0.23059280070542543, "MAE_train": 0.014477664266920636, "MSE_test": 0.0004821671932757971, "R2_test": -0.24102112312948942, "MAE_test": 0.014507346879309513}