{"MSE_train": [0.1159670988658533], "R2_train": 0.7690822054362778, "MAE_train": 0.28462476463279035, "MSE_test": 0.1652682536209727, "R2_test": 0.6917804995868053, "MAE_test": 0.3533069774896144}