{"MSE_train": [0.09866119855410607], "R2_train": 0.8035423270743212, "MAE_train": 0.26564058753364, "MSE_test": 0.1130768953318648, "R2_test": 0.7891155535085798, "MAE_test": 0.2949147230943391}