{"MSE_train": [0.3907984699132617], "R2_train": 0.22182824547817048, "MAE_train": 0.5385276492594293, "MSE_test": 0.4776461768411967, "R2_test": 0.10920662150940896, "MAE_test": 0.6056437640911689}