{"MSE_train": [0.38538173347960253], "R2_train": 0.2326142429138781, "MAE_train": 0.5336659845660023, "MSE_test": 0.4582514446899345, "R2_test": 0.14537711719347046, "MAE_test": 0.5996362389071821}