{"MSE_train": [881.3874158336363], "R2_train": -0.17482093064083637, "MAE_train": 22.63122846895617, "MSE_test": 875.4153805344147, "R2_test": -0.13215661520411537, "MAE_test": 22.571115525318678}