{"MSE_train": [0.0005167287740010297], "R2_train": -0.3253451612712226, "MAE_train": 0.01948429959926378, "MSE_test": 0.0005131412107279565, "R2_test": -0.3207432827089449, "MAE_test": 0.019475761867037013}