{"MSE_train": [2.123595816796345], "R2_train": 0.7084143083726238, "MAE_train": 0.8773977198083948, "MSE_test": 15.278392123527059, "R2_test": -0.5231129679256661, "MAE_test": 2.237396883403293}