Time,Iteration,Cost,Parameters
Thu Apr  4 17:02:10 2024,0,0.1699769985856515,[ 1.29728565  2.23743526 -2.12427839 -0.1165304   0.55388708 -2.77010959
  3.06858498  2.18960145  1.18552061 -1.06648308]
Thu Apr  4 17:02:41 2024,1,0.1699725318154507,[ 1.2940002   2.23743526 -2.12427839 -0.11653041  0.55388708 -2.77010959
  3.06858498  2.18960145  1.18552061 -1.06648308]
Thu Apr  4 17:02:57 2024,2,0.16997253134253446,[ 1.29396605  2.23743525 -2.12427839 -0.11653041  0.55388708 -2.77010959
  3.06858498  2.18960145  1.18552061 -1.06648308]
