{"MSE_train": [999.9080945218875], "R2_train": -0.3327997848147619, "MAE_train": 24.713865026937075, "MSE_test": 1045.8215874057144, "R2_test": -0.3525394399420212, "MAE_test": 25.421854815187363}