{"MSE_train": [1765.38303122759], "R2_train": -1.3531183886063238, "MAE_train": 34.62808613172066, "MSE_test": 1842.9204185121716, "R2_test": -1.383410880717634, "MAE_test": 36.20561809451781}