{"MSE_train": [770.6062755102565], "R2_train": -0.02715827964976336, "MAE_train": 20.50927735671261, "MSE_test": 792.846587338568, "R2_test": -0.025372101812277226, "MAE_test": 21.086922153008647}