{"MSE_train": [801.8439928232134], "R2_train": -0.06879572927229138, "MAE_train": 21.20822953174336, "MSE_test": 806.7617398734023, "R2_test": -0.043368280933861136, "MAE_test": 21.456398493122666}