{"MSE_train": [993.8966431018936], "R2_train": -0.3247869872357769, "MAE_train": 24.438062046487506, "MSE_test": 995.5220408901085, "R2_test": -0.2874880762172418, "MAE_test": 24.763896070380618}