{"MSE_train": [1448.6871625411327], "R2_train": -0.9309874068195825, "MAE_train": 29.85354231711814, "MSE_test": 1418.5649557509557, "R2_test": -0.8346007329340503, "MAE_test": 29.132704535872666}