{"MSE_train": [1522.0709975965965], "R2_train": -1.0288023561200688, "MAE_train": 31.58742901891391, "MSE_test": 1668.0165618874712, "R2_test": -1.157211338528322, "MAE_test": 33.33333219937647}