{"MSE_train": [645.2719461422156], "R2_train": 0.13990264137568487, "MAE_train": 18.71855276296243, "MSE_test": 661.1961921239583, "R2_test": 0.14488863286371945, "MAE_test": 18.919964665152364}