{"MSE_train": [571.5659977368986], "R2_train": 0.238146942739348, "MAE_train": 18.01648550321925, "MSE_test": 563.3479931628361, "R2_test": 0.2714336858784556, "MAE_test": 17.929270076073166}