{"MSE_train": [659.4505008419965], "R2_train": 0.12100372980932927, "MAE_train": 19.340839243443828, "MSE_test": 650.6787438026117, "R2_test": 0.15849063136277575, "MAE_test": 19.093270231557725}