{"MSE_train": [0.5020917393387362], "R2_train": 0.00021714563298869116, "MAE_train": 0.6187141092135444, "MSE_test": 0.5742272470832982, "R2_test": -0.07091368936204678, "MAE_test": 0.6784097615164988, "hyperparameters": {"alpha": 0.001, "beta": 0.001}}