{"MSE_train": [1.7060644320264167], "R2_train": 0.7657445105897018, "MAE_train": 1.0268343446137325, "MSE_test": 3.5320962923355, "R2_test": 0.6478829955847194, "MAE_test": 1.4066925601692888}