Time,Iteration,Cost,Parameters
Fri Apr  5 00:25:11 2024,0,0.3038384160156242,[-3.25358074  2.23743464 -2.12427964 -0.11653102  0.55388708 -2.77010897
  3.06858498  2.18960146  1.18551998 -1.06648308]
Fri Apr  5 00:25:28 2024,1,0.2963028580101787,[-3.14972136  2.23743464 -2.12427964 -0.11653102  0.55388708 -2.77010897
  3.06858498  2.18960146  1.18551998 -1.06648308]
Fri Apr  5 00:25:43 2024,2,0.29629956504017063,[-3.15186069  2.23743464 -2.12427963 -0.11653102  0.55388708 -2.77010896
  3.06858498  2.18960146  1.18551998 -1.06648308]
Fri Apr  5 00:25:59 2024,3,0.2962995648094092,[-3.15184294  2.23743464 -2.12427963 -0.11653102  0.55388708 -2.77010896
  3.06858498  2.18960146  1.18551998 -1.06648308]
