{"MSE_train": [806.074973509164], "R2_train": -0.07443529772731727, "MAE_train": 21.280698607236296, "MSE_test": 829.4073212924288, "R2_test": -0.0726553432573982, "MAE_test": 21.879949670515003}