{"MSE_train": [1180.305100968866], "R2_train": -0.5732549753377716, "MAE_train": 26.181469225165678, "MSE_test": 1278.4660975313427, "R2_test": -0.653413775698904, "MAE_test": 27.261196791373344}