{"MSE_train": [1249.7288289565815], "R2_train": -0.6657914096660773, "MAE_train": 27.83832594036517, "MSE_test": 1352.6345169393608, "R2_test": -0.7493342593220722, "MAE_test": 29.39284742008837}