{"MSE_train": [107.01129169899548], "R2_train": 0.48156620641131476, "MAE_train": 7.535614993017754, "MSE_test": 132.99667473606686, "R2_test": 0.19832079403683756, "MAE_test": 8.635594470750181}