{"MSE_train": [2.856112325794906], "R2_train": 0.9861630943382851, "MAE_train": 1.2571393376500035, "MSE_test": 2.113989929253171, "R2_test": 0.9872572620987627, "MAE_test": 1.2371054834222501, "BATCH_SIZE": 32, "NUM_CORES": 16, "TOLERANCE": 1e-06, "MAX_ITER": 500, "NUM_QUBITS": 5}