{"MSE_train": [2.867617768088089], "R2_train": 0.9861073543317842, "MAE_train": 1.2600654882800295, "MSE_test": 2.1227441928015107, "R2_test": 0.987204493027174, "MAE_test": 1.2383969465077438}