{"MSE_train": [4.488750982115869], "R2_train": 0.9782535079879322, "MAE_train": 1.6287567889491306, "MSE_test": 3.412826755454662, "R2_test": 0.9794281154109129, "MAE_test": 1.4467159925004784}