{"MSE_train": [5.106375054469264], "R2_train": 0.29885626530738596, "MAE_train": 1.9670919519131977, "MSE_test": 5.702832123920629, "R2_test": 0.43148091162871793, "MAE_test": 2.0535929103874464}