{"MSE_train": [0.5573102823308825], "R2_train": -0.10973597289348547, "MAE_train": 0.6369679395513691, "MSE_test": 0.6076453789252887, "R2_test": -0.13323733395444948, "MAE_test": 0.6974916277151595, "hyperparameters": {"alpha": 0.001, "beta": 0.001}}