{"MSE_train": [5.30094823826037], "R2_train": 0.2721399024669938, "MAE_train": 1.5546260699919512, "MSE_test": 14.149148497282834, "R2_test": -0.4105379274911809, "MAE_test": 2.5902186461775534, "hyperparameters": {"alpha": 0.001, "beta": 0.001}}