{"MSE_train": [761.6361314362046], "R2_train": -0.015201774689804548, "MAE_train": 20.162933617453895, "MSE_test": 775.4141924287262, "R2_test": -0.002827145834944922, "MAE_test": 20.54204497673174}