{"MSE_train": [761.7406508915012], "R2_train": -0.015341091001265239, "MAE_train": 20.16492429847682, "MSE_test": 775.5617373088455, "R2_test": -0.00301796257837994, "MAE_test": 20.544755271490462}