{"MSE_train": [4.632313277669631], "R2_train": 0.363948515899006, "MAE_train": 1.4179718984328145, "MSE_test": 5.980766692426344, "R2_test": 0.4037734315415952, "MAE_test": 1.835996521978642}