{"MSE_train": [0.10884225613699557], "R2_train": 0.7832694446243891, "MAE_train": 0.273616198369318, "MSE_test": 0.08356707349120293, "R2_test": 0.8441503369332952, "MAE_test": 0.25862941791732424}