{"MSE_train": [787.6880164246868], "R2_train": -0.04992691282689554, "MAE_train": 21.076146937168193, "MSE_test": 815.7132403605259, "R2_test": -0.054945071469929774, "MAE_test": 21.895531978570574}