{"MSE_train": [623.8500271847597], "R2_train": -2.0223440077103136, "MAE_train": 22.44904286068611, "MSE_test": 528.8326405487767, "R2_test": -2.187704746783231, "MAE_test": 20.86029481346508, "hyperparameters": {"alpha": 0.001, "beta": 0.001}}