Time,Iteration,Cost,Parameters
Thu Apr  4 17:42:36 2024,0,0.983255889694549,[-7.72371319  2.23743464 -2.12427932 -0.11653103  0.55388708 -2.77010897
  3.06858498  2.18960145  1.18552061 -1.06648308  0.60271542  1.14432508
  1.31029899 -1.87354617]
Thu Apr  4 17:43:16 2024,1,0.976130396022996,[-7.85416122  2.23743463 -2.12427931 -0.11653103  0.55388708 -2.77010897
  3.06858498  2.18960145  1.18552063 -1.06648309  0.60271542  1.14432509
  1.31029899 -1.87354616]
Thu Apr  4 17:43:37 2024,2,0.9755477640511635,[-7.90465907  2.23743463 -2.1242793  -0.11653103  0.55388705 -2.77010898
  3.06858497  2.18960144  1.18552061 -1.06648308  0.60271542  1.14432509
  1.31029899 -1.87354616]
Thu Apr  4 17:43:58 2024,3,0.9755474067554821,[-7.90344173  2.23743463 -2.1242793  -0.11653101  0.55388705 -2.77010898
  3.06858498  2.18960144  1.18552061 -1.06648309  0.60271542  1.14432509
  1.31029899 -1.87354613]
