{"MSE_train": [0.14328470804752952], "R2_train": 0.7146864145035119, "MAE_train": 0.3193553350980196, "MSE_test": 0.17978687477173577, "R2_test": 0.6647037800128244, "MAE_test": 0.37104395113517785}