{"MSE_train": [743.7248578183212], "R2_train": 0.008672561116115585, "MAE_train": 20.207949054981665, "MSE_test": 775.2681918121137, "R2_test": -0.00263832625558047, "MAE_test": 20.88905036038663}