{"MSE_train": [208.7906744958378], "R2_train": -0.01152074445834983, "MAE_train": 12.728843731433246, "MSE_test": 196.86719635387468, "R2_test": -0.18667882461251062, "MAE_test": 12.13236130131481}