{"MSE_train": [739.6689152117842], "R2_train": 0.014078817413898825, "MAE_train": 19.735718995302868, "MSE_test": 761.18835753458, "R2_test": 0.015570832359563247, "MAE_test": 20.155389445444076}