{"MSE_train": [256.3537191069769], "R2_train": -0.24194773268441727, "MAE_train": 14.396656404405359, "MSE_test": 224.07254137994852, "R2_test": -0.35066758178812285, "MAE_test": 12.795027044288524, "hyperparameters": {"alpha": 0.001, "beta": 0.001}}