{"MSE_train": [8.713806872993043], "R2_train": -0.19647127936150421, "MAE_train": 2.6279659529244865, "MSE_test": 10.186406700391368, "R2_test": -0.015489589250658575, "MAE_test": 2.799417536999976, "hyperparameters": {"alpha": 0.001, "beta": 0.001}}