Time,Iteration,Cost,Parameters
Mon Apr  1 18:09:25 2024,0,0.36310551551615655,[-3.05187505  2.23743463 -2.12427964 -0.11653103  0.55388708 -2.77010898
  3.06858498  2.18960145  1.18551998 -1.06648309  0.6027151   1.14432445
  1.31029899 -1.8735468 ]
Mon Apr  1 18:09:39 2024,1,0.35946842405086255,[-3.16931043  2.23743463 -2.12427964 -0.11653103  0.55388708 -2.77010898
  3.06858498  2.18960145  1.18551998 -1.06648309  0.6027151   1.14432445
  1.31029899 -1.8735468 ]
Mon Apr  1 18:09:53 2024,2,0.35945581956002387,[-3.16276963  2.23743463 -2.12427964 -0.11653103  0.55388708 -2.77010898
  3.06858498  2.18960145  1.18551998 -1.06648309  0.6027151   1.14432445
  1.31029899 -1.8735468 ]
Mon Apr  1 18:10:06 2024,3,0.359455819337177,[-3.16279703  2.23743464 -2.12427964 -0.11653102  0.55388708 -2.77010897
  3.06858499  2.18960145  1.18551999 -1.06648309  0.6027151   1.14432445
  1.31029899 -1.8735468 ]
