{"MSE_train": [1.8739667811041785], "R2_train": 0.7426902541278682, "MAE_train": 0.8664269904308226, "MSE_test": 4.09182217827764, "R2_test": 0.5920835535708338, "MAE_test": 1.3751665984253705}