{"MSE_train": [701.5894173398354], "R2_train": 0.06483582883088834, "MAE_train": 19.290829175167037, "MSE_test": 711.7805837703734, "R2_test": 0.07946888481953573, "MAE_test": 19.661361042122792}