{"MSE_train": [0.5020903129070822], "R2_train": 0.00021998599421912957, "MAE_train": 0.6186610121484604, "MSE_test": 0.5747962307188936, "R2_test": -0.07197482389977061, "MAE_test": 0.678468271737609, "BATCH_SIZE": 32, "NUM_CORES": 16, "TOLERANCE": 1e-06, "MAX_ITER": 1000, "NUM_QUBITS": 5}