{"MSE_train": [761.331244215939], "R2_train": -0.014795383718685384, "MAE_train": 20.161320191088627, "MSE_test": 775.2033536947802, "R2_test": -0.002554472458755619, "MAE_test": 20.545076356821852}