{"MSE_train": [760.4144569728996], "R2_train": -0.013573377569382039, "MAE_train": 20.13959319546692, "MSE_test": 774.8660880703604, "R2_test": -0.0021182937985924077, "MAE_test": 20.535694945683396}