{"MSE_train": [760.3832771927936], "R2_train": -0.013531817345553865, "MAE_train": 20.13918380241018, "MSE_test": 774.8164798823674, "R2_test": -0.002054136554553221, "MAE_test": 20.53438845976717}