Time,Iteration,Cost,Parameters
Mon Nov  4 16:58:46 2024,180,0.114033499142615,[-2.92293211  2.23573765 -2.11247569 -0.11715949  0.5702321  -2.77167153
  3.07422756  2.18447038  1.19679324 -1.06248445  0.60699289  1.14226814
  1.30654792 -1.87172181  0.73738858  2.88030798 -0.54431713 -0.46517285
 -2.03077702  0.73367051  1.60431652  2.84205722 -1.26501532 -0.25557082
 -2.4052075  -2.27123568  3.12690219  2.54039713 -0.67792186 -2.67670288
  1.53086117 -0.04681017 -2.34719893  2.03031986  1.15946187 -0.6587061
  1.05062101 -1.93032027 -0.32139558  2.31806616 -0.21340239  0.56541256
  2.69145876  1.07297984  2.58558743  2.95101846  2.75962769 -2.94867012]
