{"MSE_train": [2.0462764065727144], "R2_train": 0.7190308454405343, "MAE_train": 1.1937154127032377, "MSE_test": 2.6298911436730443, "R2_test": 0.7378244207390741, "MAE_test": 1.242238484280131}