{"MSE_train": [0.0004945827423466384], "R2_train": -0.26854333917170803, "MAE_train": 0.01752164592757379, "MSE_test": 0.0004914866048805836, "R2_test": -0.2650077958396395, "MAE_test": 0.017501768646810356}