{"MSE_train": [131.40787852459763], "R2_train": 0.3633729311241667, "MAE_train": 8.076709152141373, "MSE_test": 103.22997639713745, "R2_test": 0.37774891234020835, "MAE_test": 7.39725598876799}