{"MSE_train": [0.09903831276738323], "R2_train": 0.8027914038962797, "MAE_train": 0.2589094776273437, "MSE_test": 0.060673542528010826, "R2_test": 0.886845969770028, "MAE_test": 0.21787001744276852}