{"MSE_train": [0.11105493134693914], "R2_train": 0.7788634873782132, "MAE_train": 0.273306221115473, "MSE_test": 0.07960406323964175, "R2_test": 0.8515412121504431, "MAE_test": 0.2502668872737596}