{"MSE_train": [0.000489928212516935], "R2_train": -0.25660504794781414, "MAE_train": 0.017320072842019193, "MSE_test": 0.0004842668750601589, "R2_test": -0.24642536772054102, "MAE_test": 0.017227707637272823}