{"MSE_train": [0.0004086252158026589], "R2_train": -0.04807295390982813, "MAE_train": 0.01265035647684705, "MSE_test": 0.0004097814909614675, "R2_test": -0.05471191993726254, "MAE_test": 0.01271476451073294}