{"MSE_train": [984.8804970567828], "R2_train": -0.3127691652233169, "MAE_train": 24.44353715595963, "MSE_test": 983.480686059639, "R2_test": -0.2719152409318786, "MAE_test": 24.457920604015964}