{"MSE_train": [2.1210010278558076], "R2_train": 0.7087705924271832, "MAE_train": 1.2093217104777452, "MSE_test": 3.090164612289219, "R2_test": 0.6919394556738114, "MAE_test": 1.5188225746939668, "BATCH_SIZE": 32, "NUM_CORES": 16, "TOLERANCE": 1e-06, "MAX_ITER": 1000, "NUM_QUBITS": 5}