{"MSE_train": [163.36687467342648], "R2_train": 0.20854232073093615, "MAE_train": 11.019064817228127, "MSE_test": 161.7547134967146, "R2_test": 0.024972687969928464, "MAE_test": 10.776711769519038, "hyperparameters": {"alpha": 0.001, "beta": 0.001}}