{"MSE_train": [0.2005922894729743], "R2_train": 0.600573528659463, "MAE_train": 0.38030487111169287, "MSE_test": 0.21668931860873136, "R2_test": 0.5958820156735576, "MAE_test": 0.4013016275517588}