{"MSE_train": [1520.3692149842223], "R2_train": -1.0265340121472573, "MAE_train": 33.15230184767763, "MSE_test": 1606.4722896850174, "R2_test": -1.07761740352184, "MAE_test": 34.37995395630085}