{"MSE_train": [785.9883877087183], "R2_train": -0.047661439830609, "MAE_train": 20.833505096546943, "MSE_test": 810.9090229512868, "R2_test": -0.04873187640654386, "MAE_test": 21.35787003286769}