{"MSE_train": [0.20194951314335913], "R2_train": 0.5978709768170868, "MAE_train": 0.3579468315457345, "MSE_test": 0.2698516351626936, "R2_test": 0.49673615861955034, "MAE_test": 0.46725015306765494, "BATCH_SIZE": 32, "NUM_CORES": 16, "TOLERANCE": 1e-06, "MAX_ITER": 1000, "NUM_QUBITS": 5}