{"MSE_train": [0.8432994595034706], "R2_train": -0.6792077515932391, "MAE_train": 0.8157710309136211, "MSE_test": 1.030540635123507, "R2_test": -0.921922164444992, "MAE_test": 0.9092742696387655}