{"MSE_train": [1563.3558830329741], "R2_train": -1.083831900062321, "MAE_train": 32.19486141669151, "MSE_test": 1769.3230254932998, "R2_test": -1.2882288937193858, "MAE_test": 35.1454846056985}