{"MSE_train": [1108.1793618236882], "R2_train": -0.4771169701161384, "MAE_train": 25.567523291408964, "MSE_test": 1079.2853432107763, "R2_test": -0.39581742356751737, "MAE_test": 25.24644819509239}