{"MSE_train": [811.561425964137], "R2_train": -0.08174831248481929, "MAE_train": 21.875423567549664, "MSE_test": 828.994511833047, "R2_test": -0.07212146531710806, "MAE_test": 22.318619385890678}