{"MSE_train": [5.308823139591839], "R2_train": 0.9742805336142314, "MAE_train": 1.6341644580338301, "MSE_test": 4.982975543556916, "R2_test": 0.9699635507051573, "MAE_test": 1.8866255376671202}