{"MSE_train": [0.0002174735250673697], "R2_train": 0.4422074042424816, "MAE_train": 0.008242274275920248, "MSE_test": 0.000215755298532392, "R2_test": 0.4446804207339511, "MAE_test": 0.0082283924746695}