{"MSE_train": [0.0005609559867935124], "R2_train": -0.43878247194615105, "MAE_train": 0.014268131954674364, "MSE_test": 0.0005533541241131583, "R2_test": -0.4242448805562844, "MAE_test": 0.014112648941592898}