Time,Iteration,Cost,Parameters
Thu Apr  4 15:17:56 2024,0,0.09587137137390866,[-4.67463181  2.23743455 -2.12427947 -0.11653103  0.55388708 -2.77010897
  3.06858498  2.18960154  1.18552015 -1.06648317  0.6027151   1.14432462
  1.31029915 -1.87354672  0.72965072  2.88578419 -0.54534335 -0.47522485
 -2.0265424   0.7289737 ]
Thu Apr  4 15:18:13 2024,1,0.09544062548580204,[-4.70148701  2.23743455 -2.12427947 -0.11653103  0.55388708 -2.77010897
  3.06858498  2.18960154  1.18552015 -1.06648317  0.6027151   1.14432462
  1.31029915 -1.87354672  0.72965072  2.88578419 -0.54534335 -0.47522485
 -2.0265424   0.7289737 ]
Thu Apr  4 15:18:23 2024,2,0.09544006317475653,[-4.70249362  2.23743455 -2.12427947 -0.11653103  0.55388708 -2.77010897
  3.06858498  2.18960154  1.18552016 -1.06648317  0.6027151   1.14432462
  1.31029915 -1.87354672  0.72965072  2.88578419 -0.54534335 -0.47522485
 -2.0265424   0.7289737 ]
