{"MSE_train": [8.755455856210297], "R2_train": -0.20218999828199102, "MAE_train": 2.635196301300848, "MSE_test": 10.036036236425968, "R2_test": -0.0004990587153139714, "MAE_test": 2.799086393805049}