{"MSE_train": [969.2677766592649], "R2_train": -0.29195862223422875, "MAE_train": 23.229244124339758, "MSE_test": 1027.5551819124828, "R2_test": -0.3289158753177188, "MAE_test": 24.031731399445622}