{"MSE_train": [0.0005599929314187038], "R2_train": -0.4363123544584879, "MAE_train": 0.018581665882277915, "MSE_test": 0.0005627755729026808, "R2_test": -0.448494180635878, "MAE_test": 0.018686417767654583}