{"MSE_train": [0.09622476515497855], "R2_train": 0.8083938395518278, "MAE_train": 0.25481078321685124, "MSE_test": 0.06182363910215717, "R2_test": 0.8847010799696959, "MAE_test": 0.21629556644887385}