{"MSE_train": [774.721775853775], "R2_train": -0.032643921782572694, "MAE_train": 20.522448481951002, "MSE_test": 789.8623589130909, "R2_test": -0.02151266087908099, "MAE_test": 20.995997850453985, "BATCH_SIZE": 25, "NUM_CORES": 16, "TOLERANCE": 1e-06, "MAX_ITER": 1000}