{"MSE_train": [854.8801758123008], "R2_train": -0.13948883963165026, "MAE_train": 21.88149396463767, "MSE_test": 843.1048583459909, "R2_test": -0.09037008477556396, "MAE_test": 21.641216114681296}