{"MSE_train": [0.0005459076049903394], "R2_train": -0.40018524064941374, "MAE_train": 0.01833692551697529, "MSE_test": 0.0005394715748074783, "R2_test": -0.3885134223162776, "MAE_test": 0.01822374631405476}