{"MSE_train": [752.9637209261421], "R2_train": -0.003642125433076071, "MAE_train": 19.77638630113553, "MSE_test": 776.997769589751, "R2_test": -0.00487515344185474, "MAE_test": 20.4256299350733}