{"MSE_train": [3.5903866312960497], "R2_train": 0.5070128878500502, "MAE_train": 1.4094049604916825, "MSE_test": 5.740952224003694, "R2_test": 0.4276806937585578, "MAE_test": 1.9180354525128966}