{"MSE_train": [2.829599317584207], "R2_train": 0.6114747130690604, "MAE_train": 1.181152415949216, "MSE_test": 4.019681403782135, "R2_test": 0.5992753148675676, "MAE_test": 1.5849876843333046}