{"MSE_train": [762.1925215062705], "R2_train": -0.015943399414836357, "MAE_train": 20.13975037427518, "MSE_test": 772.5117773788971, "R2_test": 0.0009264875507581927, "MAE_test": 20.41430109783674}