{"MSE_train": [784.6028590615609], "R2_train": -0.04581463781660067, "MAE_train": 20.781193805422674, "MSE_test": 807.9552345970798, "R2_test": -0.04491180298826891, "MAE_test": 21.35947036498289}