{"MSE_train": [127.88219555849123], "R2_train": 0.38045368181962547, "MAE_train": 10.621188668938155, "MSE_test": 122.73594098861008, "R2_test": 0.260170587646977, "MAE_test": 9.644683936649276}