{"MSE_train": [141.52258397324408], "R2_train": 0.3143705778816337, "MAE_train": 11.116584035341324, "MSE_test": 134.525850234856, "R2_test": 0.18910320869434383, "MAE_test": 10.145487290932753, "MAX_ITER": 1000}