{"MSE_train": [48.43686931454656], "R2_train": 0.7653396243554036, "MAE_train": 4.890422093867049, "MSE_test": 98.79016914335622, "R2_test": 0.40451124426244844, "MAE_test": 7.14579045064851, "BATCH_SIZE": 32, "NUM_CORES": 16, "TOLERANCE": 1e-06, "MAX_ITER": 500, "NUM_QUBITS": 5}