{"MSE_train": [3.7356843719991035], "R2_train": 0.4870624142807861, "MAE_train": 1.3028591036742685, "MSE_test": 6.473142677103022, "R2_test": 0.35468814551850747, "MAE_test": 1.8691995904708278, "hyperparameters": {"alpha": 0.001, "beta": 0.001}}