{"MSE_train": [0.14037821479559187], "R2_train": 0.7204739268084299, "MAE_train": 0.30808903702784624, "MSE_test": 0.17054095061330768, "R2_test": 0.6819471045021402, "MAE_test": 0.3506550130093605}