{"MSE_train": [192.81901672891289], "R2_train": 0.06585657707981074, "MAE_train": 12.213543197491143, "MSE_test": 192.466714525554, "R2_test": -0.16015353903688, "MAE_test": 12.074546413221995}