{"MSE_train": [788.4005639598082], "R2_train": -0.05087668331748674, "MAE_train": 20.82498717110574, "MSE_test": 781.9195833553251, "R2_test": -0.011240433441956688, "MAE_test": 20.68128215332822}