Time,Iteration,Cost,Parameters
Wed Mar 19 10:47:50 2025,997,0.09649899735071063,[-2.90149127  2.24822987 -2.1718318  -0.06217136  0.46149489 -2.81164032
  3.16252975  2.37176171  0.92460123 -0.93315708  0.5524384   1.27634053
  1.50352056 -1.77307457  0.67055183]
Wed Mar 19 10:48:31 2025,998,0.09921276834521682,[-2.90179021  2.24852881 -2.17213074 -0.06187242  0.46179383 -2.81193926
  3.16223081  2.37206065  0.92430229 -0.93345602  0.55213946  1.27604159
  1.50322162 -1.77337351  0.67025289]
Wed Mar 19 10:49:06 2025,999,0.09667906951106774,[-2.90130705  2.24804565 -2.17164758 -0.06138926  0.46227699 -2.8114561
  3.16271397  2.37254381  0.92381913 -0.93297286  0.55262262  1.27555843
  1.50370478 -1.77289035  0.66976973]
