{"MSE_train": [0.5020917393449273], "R2_train": 0.00021714562066044163, "MAE_train": 0.6187141093227051, "MSE_test": 0.5742272459170249, "R2_test": -0.07091368718698798, "MAE_test": 0.6784097613962093, "hyperparameters": {"alpha": 0.001, "beta": 0.001}}