{"MSE_train": [0.0005368487338622321], "R2_train": -0.37695036072729704, "MAE_train": 0.01433670488472905, "MSE_test": 0.0005379312503581347, "R2_test": -0.3845488739090721, "MAE_test": 0.014404522758902208}