Time,Iteration,Cost,Parameters
Thu Apr  4 23:10:57 2024,0,0.2164582200613317,[ 1.02064918  2.23743076 -2.12427964 -0.11653297  0.55388708]
Thu Apr  4 23:11:03 2024,1,0.2164517223203257,[ 1.02759406  2.23743075 -2.12427964 -0.11653297  0.55388708]
Thu Apr  4 23:11:06 2024,2,0.2164514008424801,[ 1.02952643  2.23743075 -2.12427964 -0.11653297  0.55388708]
