{"MSE_train": [752.9271394592803], "R2_train": -0.003593365180580399, "MAE_train": 19.78026882074155, "MSE_test": 776.7276662630514, "R2_test": -0.004525834392965278, "MAE_test": 20.424891708626422}