{"MSE_train": [768.2850293064472], "R2_train": -0.024064238849525132, "MAE_train": 21.287244380203365, "MSE_test": 806.5999572835505, "R2_test": -0.04315905085474858, "MAE_test": 22.244670852480795}