Time,Iteration,Cost,Parameters
Wed Mar 19 10:36:39 2025,998,0.11007029362485614,[-1.65299815  2.17082362 -2.17906628 -0.05842273  0.57530475 -2.73269073
  3.00512457  1.97310505  1.13788515 -1.11290024  0.66009356  1.20093373
  1.43145743 -1.99574787  0.81326492  2.97152824 -0.52250772 -0.54443847
 -2.20747291  0.60912848]
Wed Mar 19 10:37:27 2025,999,0.11022933880463731,[-1.65329611  2.17112158 -2.17936425 -0.05812477  0.57500679 -2.73239277
  3.00542254  1.97340301  1.13758718 -1.11260228  0.66039152  1.20063576
  1.43115947 -1.99544991  0.81296696  2.97123028 -0.52280569 -0.54414051
 -2.20777088  0.60883051]
