{"MSE_train": [8.641970465863148], "R2_train": -0.18660759989325393, "MAE_train": 2.6225380704549055, "MSE_test": 11.064057909766268, "R2_test": -0.10298321603459781, "MAE_test": 2.855210348637698}