{"MSE_train": [2.369243939905919], "R2_train": 0.9885218082671368, "MAE_train": 1.1378144288432182, "MSE_test": 1.7527885580737752, "R2_test": 0.9894345167482835, "MAE_test": 1.177123249982144, "hyperparameters": {"alpha": 0.001, "beta": 0.001}}