Time,Iteration,Cost,Parameters
Mon Apr  1 19:03:53 2024,0,0.19754162003151962,[-2.8142967   2.23743465 -2.12427962 -0.116531    0.55388708 -2.77010897
  3.06858498  2.18960145  1.18552    -1.06648308  0.6027151   1.14432446
  1.31029899 -1.87354679  0.7296508   2.88578419 -0.54534335 -0.47522485
 -2.0265424   0.7289737 ]
Mon Apr  1 19:04:11 2024,1,0.1965066853649772,[-2.71202352  2.23743467 -2.1242796  -0.11653098  0.55388708 -2.77010898
  3.06858498  2.18960145  1.18552002 -1.06648309  0.60271511  1.14432447
  1.31029899 -1.87354678  0.7296508   2.88578419 -0.54534335 -0.47522485
 -2.0265424   0.7289737 ]
Mon Apr  1 19:04:19 2024,2,0.19646290000621847,[-2.67012508  2.23743468 -2.12427959 -0.11653097  0.55388708 -2.77010898
  3.06858498  2.18960145  1.18552003 -1.06648309  0.60271511  1.14432447
  1.31029899 -1.87354678  0.7296508   2.88578419 -0.54534335 -0.47522485
 -2.0265424   0.7289737 ]
Mon Apr  1 19:04:29 2024,3,0.1964461355481864,[-2.68529132  2.23743468 -2.1242796  -0.11653097  0.55388708 -2.77010898
  3.06858497  2.18960145  1.18552002 -1.06648309  0.6027151   1.14432446
  1.31029899 -1.87354678  0.7296508   2.88578419 -0.54534335 -0.47522485
 -2.0265424   0.7289737 ]
Mon Apr  1 19:04:38 2024,4,0.19644604564228618,[-2.68428296  2.23743468 -2.1242796  -0.11653097  0.55388707 -2.77010898
  3.06858497  2.18960146  1.18552002 -1.06648308  0.6027151   1.14432447
  1.31029899 -1.87354678  0.7296508   2.88578419 -0.54534335 -0.47522485
 -2.0265424   0.7289737 ]
