{"MSE_train": [0.5961139005410739], "R2_train": -0.18700311181325113, "MAE_train": 0.6667289587677822, "MSE_test": 0.608994614742346, "R2_test": -0.1357536114630551, "MAE_test": 0.7043314079032768}