{"MSE_train": [0.20065461863785342], "R2_train": 0.6004494166187926, "MAE_train": 0.37967095100380027, "MSE_test": 0.21491105525716642, "R2_test": 0.5991984144967668, "MAE_test": 0.39897827091681853, "hyperparameters": {"alpha": 0.001, "beta": 0.001}}