Time,Iteration,Cost,Parameters
Fri Apr  5 03:22:53 2024,0,0.18898230744795436,[-3.44958915  2.23743464 -2.12427964 -0.11653103  0.55388708 -2.77010897
  3.06858498  2.18960146  1.18551998 -1.06648308  0.6027151   1.14432445
  1.31029899 -1.8735468 ]
Fri Apr  5 03:23:15 2024,1,0.12181327645464422,[-3.94592765  2.23743463 -2.12427964 -0.11653103  0.55388708 -2.77010897
  3.06858498  2.18960145  1.18551998 -1.06648309  0.6027151   1.14432445
  1.31029898 -1.87354681]
Fri Apr  5 03:23:36 2024,2,0.12003662839885873,[-4.02063224  2.23743463 -2.12427964 -0.11653104  0.55388708 -2.77010897
  3.06858498  2.18960145  1.18551998 -1.06648309  0.6027151   1.14432445
  1.31029897 -1.87354681]
Fri Apr  5 03:23:56 2024,3,0.11958985840481529,[-4.07453997  2.23743463 -2.12427965 -0.11653104  0.55388708 -2.77010897
  3.06858498  2.18960144  1.18551997 -1.06648309  0.60271509  1.14432444
  1.31029898 -1.87354681]
Fri Apr  5 03:24:16 2024,4,0.11957114423670764,[-4.08706269  2.23743463 -2.12427965 -0.11653104  0.55388708 -2.77010897
  3.06858498  2.18960144  1.18551997 -1.06648309  0.60271509  1.14432444
  1.31029898 -1.87354681]
Fri Apr  5 03:24:37 2024,5,0.11957086521824713,[-4.08875735  2.23743463 -2.12427965 -0.11653104  0.55388708 -2.77010897
  3.06858498  2.18960144  1.18551998 -1.06648309  0.60271509  1.14432444
  1.31029898 -1.87354681]
