{"MSE_train": [0.0005435387699103783], "R2_train": -0.39410947272426666, "MAE_train": 0.019806513244865348, "MSE_test": 0.0005401797973394257, "R2_test": -0.3903362736721563, "MAE_test": 0.019797215251134363}