{"MSE_train": [0.5897807153524447], "R2_train": -0.17439224915802853, "MAE_train": 0.669477044425071, "MSE_test": 0.6324817531799377, "R2_test": -0.17955630143382528, "MAE_test": 0.6679460577881953, "hyperparameters": {"alpha": 0.001, "beta": 0.001}}