Time,Iteration,Cost,Parameters
Fri Apr  5 04:19:46 2024,0,0.34884890222912845,[-7.58077526  2.23743464 -2.12427839 -0.1165304   0.55388708 -2.77010959
  3.06858498  2.18960145  1.18551998 -1.06648433  0.60271572  1.14432445
  1.31029836 -1.8735468 ]
Fri Apr  5 04:20:25 2024,1,0.34884613298903977,[-7.58320564  2.23743464 -2.12427839 -0.1165304   0.55388708 -2.7701096
  3.06858498  2.18960145  1.18551998 -1.06648433  0.60271572  1.14432445
  1.31029836 -1.8735468 ]
Fri Apr  5 04:20:45 2024,2,0.3488461325813535,[-7.5832355   2.23743464 -2.12427839 -0.1165304   0.55388708 -2.7701096
  3.06858498  2.18960145  1.18551998 -1.06648433  0.60271572  1.14432445
  1.31029836 -1.8735468 ]
