{"MSE_train": [9.507167158558227], "R2_train": -0.30540561881843753, "MAE_train": 2.297875221929144, "MSE_test": 24.43524343106134, "R2_test": -1.4359655023488287, "MAE_test": 3.5098546928399843}