{"MSE_train": [1118.2909674656944], "R2_train": -0.4905949546405475, "MAE_train": 25.390916504119907, "MSE_test": 1177.3243773517936, "R2_test": -0.5226092797754989, "MAE_test": 26.174457685449344}