{"MSE_train": [1210.2107417317266], "R2_train": -0.6131168704377872, "MAE_train": 27.30797179328144, "MSE_test": 1298.0939299235022, "R2_test": -0.6787980455883995, "MAE_test": 28.64179320963929}