{"MSE_train": [1171.4485960839265], "R2_train": -0.5614499425857342, "MAE_train": 26.739630193083816, "MSE_test": 1261.1817493204844, "R2_test": -0.6310602854569705, "MAE_test": 28.175145735944305}