{"MSE_train": [2538.327328418742], "R2_train": -2.38339306946362, "MAE_train": 40.61998399248758, "MSE_test": 2638.0119546493697, "R2_test": -2.411686328403971, "MAE_test": 41.150329709110004}