{"MSE_train": [1224.5081670140073], "R2_train": -0.6321742272529061, "MAE_train": 27.202871567366294, "MSE_test": 1209.28141894532, "R2_test": -0.5639386610577615, "MAE_test": 27.688157374658786}