{"MSE_train": [2330.7684656889405], "R2_train": -2.106733235326613, "MAE_train": 39.4500778781936, "MSE_test": 2307.844388138902, "R2_test": -1.9846874398049654, "MAE_test": 38.96571388783848, "BATCH_SIZE": 25, "NUM_CORES": 16, "TOLERANCE": 1e-06, "MAX_ITER": 1000}