{"MSE_train": [5.300948233206636], "R2_train": 0.2721399031609094, "MAE_train": 1.5546260796672058, "MSE_test": 14.14914840628702, "R2_test": -0.4105379184197482, "MAE_test": 2.5902186488674506, "hyperparameters": {"alpha": 0.001, "beta": 0.001}}