{"MSE_train": 0.000610249803555189, "R2_train": -0.5665882820609369, "MAE_train": 0.021505110025155604, "MSE_test": 0.0006586389024306157, "R2_test": -0.6762027171084575, "MAE_test": 0.021863248400902188}