{"MSE_train": [914.236126524515], "R2_train": -0.21860570924209344, "MAE_train": 23.20700571569575, "MSE_test": 917.801267662597, "R2_test": -0.18697340683298957, "MAE_test": 23.737357738623295}