{"MSE_train": [2.1899663783451424], "R2_train": 0.6993011306483905, "MAE_train": 0.8812028065134946, "MSE_test": 5.309636150207715, "R2_test": 0.47067887707274425, "MAE_test": 1.4757019046559683}