{"MSE_train": [2.8399128927328645], "R2_train": 0.6100585815627322, "MAE_train": 1.2610458400563993, "MSE_test": 12.89844074270567, "R2_test": -0.28585404814839155, "MAE_test": 2.4592207014143654}