{"MSE_train": [2.8399128927328645], "R2_train": 0.6100585815627322, "MAE_train": 1.2610458400563993, "MSE_test": 12.89844074270567, "R2_test": -0.28585404814839155, "MAE_test": 2.4592207014143654, "BATCH_SIZE": 32, "NUM_CORES": 16, "TOLERANCE": 1e-06, "MAX_ITER": 1000, "NUM_QUBITS": 5}