{"MSE_train": [0.0004661319602211884], "R2_train": -0.19557061475309112, "MAE_train": 0.014628445699128809, "MSE_test": 0.00046715904198685874, "R2_test": -0.2023925456807496, "MAE_test": 0.014624562578863432}