{"MSE_train": [153.79008461376912], "R2_train": 0.25493865444678443, "MAE_train": 7.7370152230059945, "MSE_test": 24.859878262156663, "R2_test": 0.8501492800094649, "MAE_test": 3.7128816032628693}