{"MSE_train": [85.99262675783388], "R2_train": 0.5833945838527039, "MAE_train": 6.493397501237508, "MSE_test": 78.37968660343579, "R2_test": 0.5275418348272144, "MAE_test": 5.90041526695982, "MAX_ITER": 1000}