{"MSE_train": [85.93739085107185], "R2_train": 0.5836621832829163, "MAE_train": 6.498349061675152, "MSE_test": 78.90195122571467, "R2_test": 0.5243937208723198, "MAE_test": 5.8533025872577635}