{"MSE_train": [63.139671448431535], "R2_train": 0.6941094825111729, "MAE_train": 5.304025597118856, "MSE_test": 41.975646234380534, "R2_test": 0.7469786157454724, "MAE_test": 4.759024099425582}