{"MSE_train": [8.338335216546245], "R2_train": -0.14491619445995219, "MAE_train": 2.5597054024147154, "MSE_test": 9.635530976030246, "R2_test": 0.039427574329521486, "MAE_test": 2.6871858758577685, "hyperparameters": {"alpha": 0.001, "beta": 0.001}}