Time,Iteration,Cost,Parameters
Mon Apr  1 22:13:39 2024,0,0.34737232030090814,[-3.18302562  2.23743448 -2.12427979 -0.11653103  0.553887   -2.77010897
  3.06858498  2.1896013   1.18551998 -1.06648324  0.60271495  1.14432445
  1.31029906 -1.87354704  0.72965049  2.88578419]
Mon Apr  1 22:14:05 2024,1,0.34346500102385347,[-3.82403926  2.23743412 -2.12428014 -0.11653103  0.55388683 -2.77010899
  3.06858496  2.18960093  1.18551998 -1.0664836   0.60271459  1.14432443
  1.3102992  -1.87354755  0.72964981  2.88578418]
Mon Apr  1 22:14:30 2024,2,0.3434487589160179,[-3.87537087  2.23743409 -2.12428016 -0.11653102  0.55388682 -2.77010899
  3.06858497  2.1896009   1.18551999 -1.06648363  0.60271457  1.14432444
  1.31029922 -1.87354759  0.72964975  2.88578417]
Mon Apr  1 22:14:54 2024,3,0.3434480768576081,[-3.86675735  2.2374341  -2.12428016 -0.11653102  0.55388683 -2.77010899
  3.06858497  2.18960091  1.18551999 -1.06648363  0.60271457  1.14432444
  1.31029921 -1.87354758  0.72964977  2.88578417]
