{"MSE_train": [0.11861939365690981], "R2_train": 0.763800862109822, "MAE_train": 0.2877262851912255, "MSE_test": 0.17419809478247283, "R2_test": 0.6751266588081701, "MAE_test": 0.3595689404786148}