{"MSE_train": [109.70255298941467], "R2_train": 0.46852794868936354, "MAE_train": 7.361455241940047, "MSE_test": 124.41840120369143, "R2_test": 0.2500290305594204, "MAE_test": 8.294591424478968}