{"MSE_train": [0.04579308184838808], "R2_train": 0.9088151935322799, "MAE_train": 0.17587205570467734, "MSE_test": 0.033616372010077264, "R2_test": 0.9373066444423584, "MAE_test": 0.13986439404997114}