{"MSE_train": [2.193931564057356], "R2_train": 0.6987566808010222, "MAE_train": 1.2478379927087184, "MSE_test": 18.758469424705414, "R2_test": -0.8700441648705486, "MAE_test": 2.8007664883848262}