{"MSE_train": [772.5441711928211], "R2_train": -0.029741343996242398, "MAE_train": 20.458097824427362, "MSE_test": 792.4928266837125, "R2_test": -0.02491459047023392, "MAE_test": 21.01632737395141}