{"MSE_train": [0.24136108473471513], "R2_train": 0.966859306150604, "MAE_train": 0.3861922668551272, "MSE_test": 0.4223450982156119, "R2_test": 0.9578961391466411, "MAE_test": 0.47671306922901807}