{"MSE_train": [9.28926191132522], "R2_train": 0.9549966436637973, "MAE_train": 1.5642322085385016, "MSE_test": 53.061365978131356, "R2_test": 0.6801559600712834, "MAE_test": 2.997333850486288, "MAX_ITER": 1000}