{"MSE_train": [9.13343613972841], "R2_train": 0.9557515672295744, "MAE_train": 1.5823165451457515, "MSE_test": 53.34699697304369, "R2_test": 0.6784342295870123, "MAE_test": 2.988221883887303, "BATCH_SIZE": 32, "NUM_CORES": 16, "TOLERANCE": 1e-06, "MAX_ITER": 500, "NUM_QUBITS": 5}