{"MSE_train": [3.4150979230914467], "R2_train": 0.983454996723848, "MAE_train": 1.426667436699423, "MSE_test": 4.082034013373261, "R2_test": 0.9753942585929313, "MAE_test": 1.7866362146509864}