{"MSE_train": [0.49458855280237], "R2_train": 0.015157756410724144, "MAE_train": 0.6146564403760708, "MSE_test": 0.5724445119989361, "R2_test": -0.06758895091390338, "MAE_test": 0.6776440998800098}