{"MSE_train": [0.49718292200018527], "R2_train": 0.009991756577128585, "MAE_train": 0.6158057699821431, "MSE_test": 0.5659517058825952, "R2_test": -0.05548009507733176, "MAE_test": 0.6753883740488114}