{"MSE_train": [1168.832374751549], "R2_train": -0.5579627228623174, "MAE_train": 26.56854775363222, "MSE_test": 1142.815601775376, "R2_test": -0.47797979368218324, "MAE_test": 26.25903873925306}