{"MSE_train": [753.0920616201507], "R2_train": -0.003813193604536025, "MAE_train": 20.067136139298224, "MSE_test": 777.1152182036733, "R2_test": -0.005027047306362276, "MAE_test": 20.627357727999073}