{"MSE_train": [751.8924385053906], "R2_train": -0.002214189218062268, "MAE_train": 20.000754665244152, "MSE_test": 776.6193122687479, "R2_test": -0.004385702412008197, "MAE_test": 20.58154145760003}