{"MSE_train": [750.759859418334], "R2_train": -0.0007045493103701173, "MAE_train": 19.992689564958656, "MSE_test": 777.6943428969872, "R2_test": -0.0057760173006558, "MAE_test": 20.61313420261465}