{"MSE_train": [0.15859119146122944], "R2_train": 0.6842076026078516, "MAE_train": 0.33773096227628185, "MSE_test": 0.18232107955446106, "R2_test": 0.6599775769159629, "MAE_test": 0.3697038313752719}