{"MSE_train": [0.47426209110668627], "R2_train": 0.05563252685816655, "MAE_train": 0.605203412830179, "MSE_test": 0.6008673043727291, "R2_test": -0.1205964624828808, "MAE_test": 0.7072280528668755}