{"MSE_train": [0.4793921228412228], "R2_train": 0.045417425973807934, "MAE_train": 0.6021835647994424, "MSE_test": 0.556738489011284, "R2_test": -0.03829776853211064, "MAE_test": 0.6665323221479718}