{"MSE_train": [0.5045817776399447], "R2_train": -0.0047411068241105525, "MAE_train": 0.6202864250100002, "MSE_test": 0.5755992814073753, "R2_test": -0.0734724852871651, "MAE_test": 0.6819548678249243}