Time,Iteration,Cost,Parameters
Wed Mar 19 10:01:17 2025,997,0.12853103844955086,[-1.63498066  1.64703611 -2.13101495  0.00784837  0.36562192 -3.06944595
  3.30240101  2.08960509  1.42500022 -1.00391308  0.97066916  1.19411928
  1.06946461 -1.78137721  0.50605642  2.92881022 -0.53425458 -0.76695231
 -1.70480143  0.51053511]
Wed Mar 19 10:02:21 2025,998,0.12914630156989443,[-1.63559816  1.64765361 -2.13039745  0.00723087  0.36623941 -3.06882845
  3.30178351  2.09022259  1.42561771 -1.00453058  0.97128665  1.19473678
  1.07008211 -1.7819947   0.50543893  2.92819272 -0.53487208 -0.7675698
 -1.70541893  0.51115261]
Wed Mar 19 10:03:23 2025,999,0.12866891623652443,[-1.6349339   1.64698935 -2.13106171  0.00656662  0.36557516 -3.06949271
  3.30111926  2.08955833  1.42495346 -1.00386632  0.97195091  1.19540104
  1.06941785 -1.78265896  0.50610319  2.92885698 -0.53420782 -0.76690555
 -1.70608319  0.51048835]
