{"MSE_train": [214.41641349318442], "R2_train": -0.038775561812933734, "MAE_train": 12.53180210568754, "MSE_test": 182.38628761186524, "R2_test": -0.09939060146740286, "MAE_test": 11.25710654242258, "hyperparameters": {"alpha": 0.001, "beta": 0.001}}