Time,Iteration,Cost,Parameters
Tue Mar 19 13:39:53 2024,0,0.35863435594650467,[ 1.1185514   2.2374349  -2.12427924 -0.11653076  0.55388708 -2.77010897
  3.06858498  2.18960159  1.18552025 -1.06648308  0.6027151   1.14432445
  1.31029899 -1.87354653  0.7296508   2.88578419 -0.54534335 -0.47522485
 -2.0265424   0.7289737 ]
Tue Mar 19 13:40:01 2024,1,0.3364848630270989,[ 1.35916994  2.23743492 -2.12427921 -0.11653075  0.55388708 -2.77010897
  3.06858498  2.18960159  1.18552027 -1.06648308  0.6027151   1.14432445
  1.31029899 -1.87354652  0.7296508   2.88578419 -0.54534335 -0.47522485
 -2.0265424   0.7289737 ]
Tue Mar 19 13:40:04 2024,2,0.3363600246456664,[ 1.38075175  2.23743492 -2.12427921 -0.11653075  0.55388708 -2.77010897
  3.06858498  2.18960159  1.18552027 -1.06648308  0.6027151   1.14432445
  1.31029899 -1.87354652  0.7296508   2.88578419 -0.54534335 -0.47522485
 -2.0265424   0.7289737 ]
Tue Mar 19 13:40:06 2024,3,0.33635752372819855,[ 1.37808853  2.23743492 -2.12427921 -0.11653075  0.55388708 -2.77010897
  3.06858498  2.18960159  1.18552027 -1.06648308  0.60271511  1.14432445
  1.31029899 -1.87354652  0.7296508   2.88578419 -0.54534335 -0.47522485
 -2.0265424   0.7289737 ]
Tue Mar 19 13:40:09 2024,4,0.33635752364213123,[ 1.37810405  2.23743492 -2.12427921 -0.11653075  0.55388708 -2.77010897
  3.06858499  2.1896016   1.18552027 -1.06648308  0.60271511  1.14432445
  1.31029899 -1.87354652  0.72965081  2.88578419 -0.54534335 -0.47522485
 -2.0265424   0.7289737 ]
