{"MSE_train": [206.69854454792807], "R2_train": -0.001385077012841185, "MAE_train": 12.570106826782041, "MSE_test": 193.76226291247175, "R2_test": -0.16796286362467305, "MAE_test": 12.0652804593115, "hyperparameters": {"alpha": 0.001, "beta": 0.001}}