{"MSE_train": [7.857525436048237], "R2_train": -0.07889739216299718, "MAE_train": 2.302367251123136, "MSE_test": 17.089658983225153, "R2_test": -0.7036793534507484, "MAE_test": 3.108162390163889}