{"MSE_train": [1389.6730859810111], "R2_train": -0.8523262288860438, "MAE_train": 30.03763677430111, "MSE_test": 1375.5156788003821, "R2_test": -0.7789259929613614, "MAE_test": 30.000639350129475}