{"MSE_train": [1390.5848674455722], "R2_train": -0.8535415627216458, "MAE_train": 29.41483020962741, "MSE_test": 1387.9488768937672, "R2_test": -0.795005591038535, "MAE_test": 29.327704446885445}