{"MSE_train": [1258.810227881822], "R2_train": -0.6778962086967968, "MAE_train": 28.731523937316503, "MSE_test": 1370.431585654363, "R2_test": -0.7723508403931425, "MAE_test": 30.395176188030764}