{"MSE_train": [0.0007524739738745533], "R2_train": -0.9300023347551776, "MAE_train": 0.024310670066058894, "MSE_test": 0.0007587408913424422, "R2_test": -0.9528775210541325, "MAE_test": 0.024462129645404656}