{"MSE_train": [0.1407149969298037], "R2_train": 0.7198033142946978, "MAE_train": 0.3167696807349129, "MSE_test": 0.17116522942184326, "R2_test": 0.6807828464049581, "MAE_test": 0.3632658211861695, "hyperparameters": {"alpha": 0.001, "beta": 0.001}}