{"MSE_train": [5.955587455255083], "R2_train": 0.18225300998772043, "MAE_train": 2.002833898016698, "MSE_test": 11.177681823994952, "R2_test": -0.11431045883796087, "MAE_test": 2.839135913247606}