{"MSE_train": [0.09132368916249392], "R2_train": 0.818153035653499, "MAE_train": 0.248636898158769, "MSE_test": 0.09112940865364696, "R2_test": 0.8300468469123307, "MAE_test": 0.26792767322297645, "hyperparameters": {"alpha": 0.001, "beta": 0.001}}