{"MSE_train": [3.3700592296121883], "R2_train": 0.5372654986794358, "MAE_train": 1.2898154254735616, "MSE_test": 6.438837104881509, "R2_test": 0.358108090595204, "MAE_test": 1.9311417195509724, "hyperparameters": {"alpha": 0.001, "beta": 0.001}}