{"MSE_train": [41.66861118176181], "R2_train": 0.7981295634735762, "MAE_train": 4.690140236125787, "MSE_test": 31.30589087769381, "R2_test": 0.8112939155012351, "MAE_test": 4.060573003679426}