{"MSE_train": [175.72551807280288], "R2_train": 0.14866884121841273, "MAE_train": 12.197545784271687, "MSE_test": 175.80125345467627, "R2_test": -0.059697240976609, "MAE_test": 11.610132759087099}