{"MSE_train": [139.32967336935064], "R2_train": 0.324994493781791, "MAE_train": 10.01201429814112, "MSE_test": 284.04023610726335, "R2_test": -0.7121416862184786, "MAE_test": 12.71623910807728}