{"MSE_train": [901.3465221355592], "R2_train": -0.20142486827274197, "MAE_train": 23.51874842930262, "MSE_test": 907.6737282257766, "R2_test": -0.17387566943415922, "MAE_test": 23.746016024736356}