{"MSE_train": [1185.70821156008], "R2_train": -0.5804569018675729, "MAE_train": 26.45174244999411, "MSE_test": 1265.2316033811185, "R2_test": -0.6362978779956792, "MAE_test": 27.585348577096354}