{"MSE_train": [1.9403329208218838], "R2_train": 0.7335776835543304, "MAE_train": 1.1445783279969592, "MSE_test": 3.4611537556156144, "R2_test": 0.6549553037688516, "MAE_test": 1.5413179016798166}