{"MSE_train": [209.41786417393442], "R2_train": -0.014559267953888178, "MAE_train": 12.62706514496286, "MSE_test": 191.98255540291598, "R2_test": -0.15723511794276956, "MAE_test": 12.074153681033163}