Time,Iteration,Cost,Parameters
Fri Apr  5 05:17:57 2024,0,0.06879112626457808,[-4.67903298  2.23743464 -2.12427948 -0.11653103  0.55388724 -2.77010913
  3.06858498  2.18960145  1.18551998 -1.06648308  0.6027151   1.14432445
  1.31029914 -1.87354648]
Fri Apr  5 05:18:44 2024,1,0.06801257336617517,[-4.70979329  2.23743464 -2.12427947 -0.11653103  0.55388724 -2.77010913
  3.06858498  2.18960145  1.18551998 -1.06648308  0.6027151   1.14432445
  1.31029915 -1.87354648]
Fri Apr  5 05:19:07 2024,2,0.06800696159175679,[-4.71263759  2.23743463 -2.12427948 -0.11653103  0.55388724 -2.77010914
  3.06858498  2.18960145  1.18551999 -1.06648308  0.6027151   1.14432445
  1.31029915 -1.87354648]
