{"MSE_train": [707.4957195620176], "R2_train": 0.05696318696119784, "MAE_train": 20.394696599368235, "MSE_test": 753.1765323947843, "R2_test": 0.02593236019374523, "MAE_test": 21.27550357139463}