{"MSE_train": [0.11621257483223615], "R2_train": 0.7685934049977923, "MAE_train": 0.28654023513133076, "MSE_test": 0.16059799562830107, "R2_test": 0.7004903670523577, "MAE_test": 0.35126885199492114, "hyperparameters": {"alpha": 0.001, "beta": 0.001}}