{"MSE_train": [66.03215364573403], "R2_train": 0.6800963770283115, "MAE_train": 5.634148247635387, "MSE_test": 74.2322074391225, "R2_test": 0.5525420674254642, "MAE_test": 5.589204894756348}