{"MSE_train": [52.935494553567835], "R2_train": 0.7435452948825869, "MAE_train": 4.854192534287949, "MSE_test": 68.77384271536334, "R2_test": 0.5854440742334126, "MAE_test": 5.625925616299886}