{"MSE_train": [1068.4558713335812], "R2_train": -0.4241686442976329, "MAE_train": 25.933467076092043, "MSE_test": 1090.5317358475224, "R2_test": -0.4103621506810642, "MAE_test": 26.423760269054373}