{"MSE_train": [6.049104124082392], "R2_train": 0.16941246738397964, "MAE_train": 2.02668666491203, "MSE_test": 9.820162566610893, "R2_test": 0.021021529529225647, "MAE_test": 2.7577882435086396, "hyperparameters": {"alpha": 0.001, "beta": 0.001}}