Time,Iteration,Cost,Parameters
Thu Mar 28 05:50:18 2024,0,0.25745411930284223,[-1.92596474  2.23743464 -2.1242796  -0.11653103  0.55388708 -2.77010897
  3.06858495  2.18960149  1.18552002 -1.06648308  0.60271514  1.14432449
  1.31029902 -1.8735468 ]
Thu Mar 28 05:50:47 2024,1,0.2565881280392345,[-1.96351444  2.23743464 -2.1242796  -0.11653103  0.55388708 -2.77010897
  3.06858495  2.18960149  1.18552002 -1.06648308  0.60271514  1.14432449
  1.31029902 -1.8735468 ]
Thu Mar 28 05:51:02 2024,2,0.2565881117048057,[-1.96367587  2.23743464 -2.1242796  -0.11653103  0.55388708 -2.77010898
  3.06858495  2.18960149  1.18552002 -1.06648308  0.60271514  1.14432449
  1.31029902 -1.8735468 ]
