{"MSE_train": [0.0004713284481341547], "R2_train": -0.20889896118467677, "MAE_train": 0.013794671636175093, "MSE_test": 0.00046899005274045563, "R2_test": -0.20710527407368118, "MAE_test": 0.01383014304073866}