{"MSE_train": [2.355242500405745], "R2_train": 0.988589640542409, "MAE_train": 1.1430239729859633, "MSE_test": 1.788691417882077, "R2_test": 0.9892181009905208, "MAE_test": 1.1600935528937666, "hyperparameters": {"alpha": 0.001, "beta": 0.001}}