{"MSE_train": [175.73427539482807], "R2_train": 0.14862641493229745, "MAE_train": 11.568199043975364, "MSE_test": 165.0209108837817, "R2_test": 0.005284657927228431, "MAE_test": 11.123344607481924}