{"MSE_train": [108.83481853260942], "R2_train": 0.47273183090708826, "MAE_train": 7.646215129951092, "MSE_test": 115.07205113565871, "R2_test": 0.3063670895076136, "MAE_test": 8.144639165904362}