{"MSE_train": [40.72083718556122], "R2_train": 0.8027212103971278, "MAE_train": 5.630440602970041, "MSE_test": 41.44924915895537, "R2_test": 0.7501516393589247, "MAE_test": 5.810495086347556}