{"MSE_train": [108.84807081633399], "R2_train": 0.4726676280401202, "MAE_train": 7.6454078678561945, "MSE_test": 114.65167971830863, "R2_test": 0.3089010101844998, "MAE_test": 8.13559601746708}