{"MSE_train": [1.4654128345458421], "R2_train": 0.798787786498234, "MAE_train": 0.8588791584349817, "MSE_test": 7.423237968999051, "R2_test": 0.25997252046110475, "MAE_test": 1.737222501564244}