{"MSE_train": [0.1423909060109866], "R2_train": 0.7164661847751973, "MAE_train": 0.31762495017445225, "MSE_test": 0.15397670001621314, "R2_test": 0.7128388512949893, "MAE_test": 0.33829267391994, "hyperparameters": {"alpha": 0.001, "beta": 0.001}}