{"MSE_train": [837.7317494995832], "R2_train": -0.11663132000087839, "MAE_train": 21.827082249939536, "MSE_test": 825.7776839400481, "R2_test": -0.06796120830082342, "MAE_test": 21.688005769824276}