{"MSE_train": [836.9963041146779], "R2_train": -0.11565102845597042, "MAE_train": 21.826660397802463, "MSE_test": 825.5667933845708, "R2_test": -0.067688467904919, "MAE_test": 21.71194913342223}