{"MSE_train": [785.1035205983106], "R2_train": -0.04648198073751608, "MAE_train": 20.81250615498719, "MSE_test": 809.6136875428057, "R2_test": -0.047056645899713034, "MAE_test": 21.332978965774952}