{"MSE_train": [147.39476969993666], "R2_train": 0.2859218088348141, "MAE_train": 9.425435338168302, "MSE_test": 167.54264421918666, "R2_test": -0.009915881349337852, "MAE_test": 9.587097928570547, "MAX_ITER": 1000}