{"MSE_train": [128.92739737953596], "R2_train": 0.37539002978303293, "MAE_train": 8.225328184720272, "MSE_test": 147.9657712718194, "R2_test": 0.10808986571789314, "MAE_test": 8.465417303723392}