{"MSE_train": [3.099055806724908], "R2_train": 0.9849861147088788, "MAE_train": 1.2805740186458119, "MSE_test": 54.29622354269831, "R2_test": 0.6727124684666683, "MAE_test": 3.143242196409684, "BATCH_SIZE": 32, "NUM_CORES": 16, "TOLERANCE": 1e-06, "MAX_ITER": 500, "NUM_QUBITS": 5}