Time,Iteration,Cost,Parameters
Wed Mar 27 23:28:59 2024,0,0.159477318502319,[-2.40884404  2.23743464 -2.12427962 -0.11653101  0.55388708 -2.77010897
  3.06858497  2.18960145  1.18552    -1.0664831 ]
Wed Mar 27 23:29:23 2024,1,0.15833479215149956,[-2.34704484  2.23743464 -2.12427962 -0.11653101  0.55388708 -2.77010897
  3.06858497  2.18960145  1.18552    -1.0664831 ]
Wed Mar 27 23:29:36 2024,2,0.158305871645908,[-2.33451227  2.23743464 -2.12427962 -0.11653101  0.55388708 -2.77010897
  3.06858497  2.18960145  1.18552    -1.0664831 ]
Wed Mar 27 23:29:48 2024,3,0.1583054530413215,[-2.33586404  2.23743464 -2.12427962 -0.11653101  0.55388708 -2.77010897
  3.06858497  2.18960145  1.18552    -1.0664831 ]
Wed Mar 27 23:30:00 2024,4,0.15830545293261494,[-2.33584264  2.23743464 -2.12427962 -0.11653101  0.55388708 -2.77010898
  3.06858496  2.18960145  1.18552    -1.0664831 ]
