Time,Iteration,Cost,Parameters
Mon Mar 18 18:44:51 2024,0,0.159477318502319,[-2.40884404  2.23743464 -2.12427962 -0.11653101  0.55388708 -2.77010897
  3.06858497  2.18960145  1.18552    -1.0664831 ]
