{"MSE_train": [9.356789261560522], "R2_train": -0.28475760154757324, "MAE_train": 2.6833061567161494, "MSE_test": 13.534101782002708, "R2_test": -0.34922351558518594, "MAE_test": 3.1600073598987946, "hyperparameters": {"alpha": 0.001, "beta": 0.001}}