Time,Iteration,Cost,Parameters
Wed Mar 27 19:24:03 2024,0,0.43575234130266094,[-5.48589409  2.237434   -2.12427964 -0.11653103  0.55388676]
Wed Mar 27 19:24:09 2024,1,0.37734451595329677,[-4.1806639   2.23743431 -2.12427964 -0.11653103  0.55388692]
Wed Mar 27 19:24:12 2024,2,0.37731206678691176,[-4.20222792  2.23743431 -2.12427964 -0.11653103  0.55388691]
Wed Mar 27 19:24:14 2024,3,0.3773120663292492,[-4.20230919  2.23743431 -2.12427964 -0.11653103  0.55388691]
