{"MSE_train": [4884.213404317384], "R2_train": -5.510276904375126, "MAE_train": 60.76169464911062, "MSE_test": 5342.885648783827, "R2_test": -5.9098435623292565, "MAE_test": 64.31381889644177}