Time,Iteration,Cost,Parameters
Fri Apr  5 00:05:45 2024,0,0.19850563331658622,[-2.50774282  2.3333947  -2.83915343 -0.11653101  0.55388709 -2.77010897
  3.06858498  2.18960147  1.18552    -1.06648308  0.60271511  1.14432446
  1.31029899 -1.87354679  0.7296508 ]
Fri Apr  5 00:05:50 2024,1,0.18188933745427488,[-2.12102406  2.38824428 -3.58234632 -0.11653101  0.55388709 -2.77010897
  3.06858498  2.18960147  1.18552    -1.06648308  0.60271511  1.14432446
  1.31029899 -1.87354679  0.72965081]
Fri Apr  5 00:05:56 2024,2,0.15273152068566026,[-2.14780019  2.41838576 -3.46601734 -0.11653101  0.55388709 -2.77010897
  3.06858498  2.18960147  1.18552    -1.06648308  0.60271511  1.14432446
  1.31029899 -1.87354678  0.72965081]
Fri Apr  5 00:06:02 2024,3,0.11974018366737949,[-2.24850494  2.41401976 -3.16642445 -0.11653101  0.55388707 -2.77010899
  3.06858498  2.18960148  1.18551999 -1.06648309  0.6027151   1.14432445
  1.31029899 -1.8735468   0.7296508 ]
Fri Apr  5 00:06:08 2024,4,0.11967485411501606,[-2.24116329  2.41369996 -3.16206983 -0.11653101  0.55388707 -2.77010899
  3.06858498  2.18960148  1.18551999 -1.06648309  0.60271511  1.14432445
  1.31029899 -1.87354679  0.7296508 ]
Fri Apr  5 00:06:13 2024,5,0.11957510096669732,[-2.22227469  2.4138638  -3.15749773 -0.11653101  0.55388707 -2.77010899
  3.06858497  2.18960148  1.18552    -1.06648309  0.60271511  1.14432446
  1.31029899 -1.8735468   0.72965081]
Fri Apr  5 00:06:18 2024,6,0.11953730563156689,[-2.20239248  2.41381818 -3.15171616 -0.11653101  0.55388708 -2.77010898
  3.06858497  2.18960148  1.18552    -1.06648309  0.60271511  1.14432446
  1.310299   -1.8735468   0.7296508 ]
Fri Apr  5 00:06:24 2024,7,0.11953718323638092,[-2.20132594  2.41388837 -3.15182602 -0.11653101  0.55388708 -2.77010898
  3.06858497  2.18960148  1.18552    -1.06648309  0.60271511  1.14432446
  1.310299   -1.8735468   0.7296508 ]
Fri Apr  5 00:06:30 2024,8,0.11953718299835449,[-2.20130021  2.41388463 -3.15179796 -0.11653101  0.55388708 -2.77010898
  3.06858497  2.18960148  1.18552    -1.06648309  0.60271511  1.14432446
  1.31029899 -1.8735468   0.7296508 ]
