{"MSE_train": [779.9314672116021], "R2_train": -0.039588035505327746, "MAE_train": 21.269378411535197, "MSE_test": 801.4738848150889, "R2_test": -0.03652960729660415, "MAE_test": 21.787400126513432}