{"MSE_train": [651.6589867944948], "R2_train": 0.1313892125379763, "MAE_train": 19.360852030064276, "MSE_test": 655.7589155475333, "R2_test": 0.1519205502615335, "MAE_test": 19.42197818480418}