{"MSE_train": [1.2381439394687708], "R2_train": 0.8299935166246052, "MAE_train": 0.8526120867293141, "MSE_test": 2.5200780994675336, "R2_test": 0.7487717554012896, "MAE_test": 1.2042428467257065}