{"MSE_train": [58.35083788344123], "R2_train": 0.7173097739247757, "MAE_train": 5.013475895553207, "MSE_test": 77.63284321281058, "R2_test": 0.5320436678058467, "MAE_test": 5.137892200950741, "hyperparameters": {"alpha": 0.001, "beta": 0.001}}