{"MSE_train": [716.3461140300824], "R2_train": 0.04516629891999979, "MAE_train": 19.61888542339813, "MSE_test": 738.418204300496, "R2_test": 0.045019000836386325, "MAE_test": 20.10651674843466}