{"MSE_train": [761.2787083559406], "R2_train": -0.014725357499991265, "MAE_train": 20.159866939774822, "MSE_test": 775.3829824300769, "R2_test": -0.002786782588859671, "MAE_test": 20.547797610754735, "BATCH_SIZE": 25, "NUM_CORES": 16, "TOLERANCE": 1e-06, "MAX_ITER": 1000}