{"MSE_train": [908.9130852627418], "R2_train": -0.2115105089060627, "MAE_train": 23.131813468939853, "MSE_test": 897.3119285959431, "R2_test": -0.16047496817029283, "MAE_test": 23.022589029109096}