{"MSE_train": [1.9416600871177458], "R2_train": 0.7333954536312807, "MAE_train": 0.9509903526126134, "MSE_test": 13.208541152855883, "R2_test": -0.3167681621624925, "MAE_test": 2.130483736182397, "BATCH_SIZE": 32, "NUM_CORES": 16, "TOLERANCE": 1e-06, "MAX_ITER": 1000, "NUM_QUBITS": 5}