{"MSE_train": [90.6448079074008], "R2_train": 0.5608563275291014, "MAE_train": 7.652510550758791, "MSE_test": 109.25016409508297, "R2_test": 0.34146034119347923, "MAE_test": 8.062910367165827}