{"MSE_train": [808.2590215617536], "R2_train": -0.07734646405396672, "MAE_train": 21.143785699362358, "MSE_test": 826.1252940121478, "R2_test": -0.0684107652213326, "MAE_test": 21.537610834298793}