{"MSE_train": [244.49678840126936], "R2_train": -0.18450488278995314, "MAE_train": 13.989508418218165, "MSE_test": 197.57521296386963, "R2_test": -0.19094661698277782, "MAE_test": 11.959226032247122}