{"MSE_train": [0.16933993639864944], "R2_train": 0.6628043209913288, "MAE_train": 0.3430628575044943, "MSE_test": 0.19699873681017338, "R2_test": 0.6326042605804071, "MAE_test": 0.37941625893078434}