{"MSE_train": [0.8822721175179395], "R2_train": 0.8788573967064424, "MAE_train": 0.8517685259132446, "MSE_test": 17.840037605750158, "R2_test": -0.7784850922733615, "MAE_test": 2.5425237481293776}