{"MSE_train": [8.311472195105532], "R2_train": 0.9597337066770881, "MAE_train": 1.5956604003700405, "MSE_test": 52.33575971211256, "R2_test": 0.6845297796148038, "MAE_test": 2.9166788971700752, "hyperparameters": {"alpha": 0.001, "beta": 0.001}}