{"MSE_train": [4.6698243301709805], "R2_train": 0.35879796601528213, "MAE_train": 1.3499021614331208, "MSE_test": 6.23028207923948, "R2_test": 0.37889907838457315, "MAE_test": 1.8185683160518002, "hyperparameters": {"alpha": 0.001, "beta": 0.001}}