{"MSE_train": [1076.3669493921568], "R2_train": -0.43471349656144387, "MAE_train": 25.368375984633243, "MSE_test": 1174.855915237072, "R2_test": -0.5194168687501672, "MAE_test": 26.677933558841477, "BATCH_SIZE": 25, "NUM_CORES": 16, "TOLERANCE": 1e-06, "MAX_ITER": 1000}