{"MSE_train": [760.9627168022965], "R2_train": -0.014304165315422113, "MAE_train": 20.157421778215674, "MSE_test": 775.1976301010661, "R2_test": -0.0025470702533225698, "MAE_test": 20.54576101170624}