{"MSE_train": [4.130348348143982], "R2_train": 0.43287207940895445, "MAE_train": 1.3214689470327432, "MSE_test": 6.030030121026906, "R2_test": 0.39886232791633536, "MAE_test": 1.8439840402553664, "hyperparameters": {"alpha": 0.001, "beta": 0.001}}