Time,Iteration,Cost,Parameters
Mon Apr  1 21:00:40 2024,0,0.16867997894322426,[-2.57314914  2.23743464 -2.12427967 -0.11653107  0.55388708 -2.77010901
  3.06858494  2.18960137  1.18551998 -1.06648308  0.6027151   1.14432445
  1.31029899 -1.87354672]
Mon Apr  1 21:01:13 2024,1,0.1685284809437656,[-2.53772741  2.23743463 -2.12427968 -0.11653107  0.55388708 -2.77010902
  3.06858494  2.18960137  1.18551998 -1.06648309  0.6027151   1.14432445
  1.31029898 -1.87354671]
Mon Apr  1 21:01:28 2024,2,0.1685252814326329,[-2.53130005  2.23743463 -2.12427968 -0.11653107  0.55388708 -2.77010902
  3.06858493  2.18960136  1.18551998 -1.06648309  0.6027151   1.14432445
  1.31029898 -1.87354672]
Mon Apr  1 21:01:45 2024,3,0.16852524202013247,[-2.53194464  2.23743463 -2.12427968 -0.11653107  0.55388708 -2.77010902
  3.06858494  2.18960136  1.18551998 -1.06648309  0.6027151   1.14432445
  1.31029898 -1.87354672]
