{"MSE_train": [206.97148709500726], "R2_train": -0.0027073920495761516, "MAE_train": 12.573135118657031, "MSE_test": 190.87047331761067, "R2_test": -0.15053169407985978, "MAE_test": 12.013138837904133}