{"MSE_train": [1899.557995350382], "R2_train": -1.531963188733573, "MAE_train": 36.00475178865063, "MSE_test": 1954.806686967186, "R2_test": -1.5281110788161847, "MAE_test": 37.27003753107969}