{"MSE_train": [8.756880400426432], "R2_train": -0.20238559892653463, "MAE_train": 2.635396247982657, "MSE_test": 10.073743629425039, "R2_test": -0.004258133544602805, "MAE_test": 2.8032043144699883}