{"MSE_train": [0.16897434050740273], "R2_train": 0.9767985510451512, "MAE_train": 0.3427965077778459, "MSE_test": 15.08041329714566, "R2_test": -0.5033763284024622, "MAE_test": 1.9275999992119703}