{"MSE_train": [138.55034071437586], "R2_train": 0.32877009893869913, "MAE_train": 10.90998099702426, "MSE_test": 127.74699642063811, "R2_test": 0.2299648780098158, "MAE_test": 9.746227604530995, "hyperparameters": {"alpha": 0.001, "beta": 0.001}}