{"MSE_train": [1137.0091748699758], "R2_train": -0.5155448704750354, "MAE_train": 26.340721233765482, "MSE_test": 1218.3972516663866, "R2_test": -0.5757279790749403, "MAE_test": 27.616744984799514}