{"MSE_train": [808.8788458067532], "R2_train": -0.07817264160456805, "MAE_train": 21.224609601956928, "MSE_test": 818.5511259403086, "R2_test": -0.05861525022596448, "MAE_test": 21.50549254109122}