{"MSE_train": [1160.873060007389], "R2_train": -0.5473535748452076, "MAE_train": 26.347852258675584, "MSE_test": 1146.7286652096, "R2_test": -0.48304047773146874, "MAE_test": 26.45123292007276, "BATCH_SIZE": 25, "NUM_CORES": 16, "TOLERANCE": 1e-06, "MAX_ITER": 1000}