{"MSE_train": [4.497701619847869], "R2_train": 0.3824317098460914, "MAE_train": 1.7067116462336074, "MSE_test": 12.654364063459067, "R2_test": -0.2615218833287525, "MAE_test": 2.729381795920626}