{"MSE_train": [1524.6005862951354], "R2_train": -1.0321741012750016, "MAE_train": 33.249695860185625, "MSE_test": 1611.4930060530296, "R2_test": -1.0841105922131775, "MAE_test": 34.450478666792684}