{"MSE_train": [175.94975714324215], "R2_train": 0.1475824781803361, "MAE_train": 11.482987943407604, "MSE_test": 178.55570766293923, "R2_test": -0.07630057836774529, "MAE_test": 11.13559397520988}