{"MSE_train": [227.4679010072702], "R2_train": -0.1020056385317103, "MAE_train": 12.607938348725305, "MSE_test": 215.49351389360422, "R2_test": -0.2989548005713192, "MAE_test": 11.989262704369974}