{"MSE_train": [1121.6523655328847], "R2_train": -0.4950754370420527, "MAE_train": 25.120799326341206, "MSE_test": 1213.9877768332042, "R2_test": -0.5700252964251153, "MAE_test": 25.98109572082055}