{"MSE_train": [1.0861838901260072], "R2_train": 0.850858775322555, "MAE_train": 0.6293908565555512, "MSE_test": 2.00554981925243, "R2_test": 0.8000654183485395, "MAE_test": 0.9817536679817517}