{"MSE_train": [779.7957812988085], "R2_train": -0.039407176728041726, "MAE_train": 20.773123911723545, "MSE_test": 784.0132481342758, "R2_test": -0.013948126820683804, "MAE_test": 20.995175630999825}