{"MSE_train": [6.417548305642754], "R2_train": 0.11882230768568358, "MAE_train": 1.762981143713608, "MSE_test": 16.841376109788023, "R2_test": -0.6789278703634927, "MAE_test": 2.9418720872415944}