{"MSE_train": [766.704000854509], "R2_train": -0.021956850788488413, "MAE_train": 20.144917896648984, "MSE_test": 797.031115655808, "R2_test": -0.03078386578309078, "MAE_test": 20.929836242560878}