Time,Iteration,Cost,Parameters
Tue Mar 18 15:01:09 2025,996,0.12449757889788236,[-3.1714304   2.56701332 -1.60841144 -0.30734165  0.60255961 -2.82244983
  3.09838966  2.27675705  1.19373818 -1.1108981   0.59315394  1.22454941
  1.28388207 -1.75336969  0.8039154 ]
Tue Mar 18 15:01:43 2025,997,0.1212973717512262,[-3.17234204  2.56792496 -1.60932307 -0.30643001  0.60347124 -2.82336147
  3.09747803  2.27766869  1.19282655 -1.11180974  0.59406558  1.22546105
  1.28479371 -1.75428133  0.80482704]
Tue Mar 18 15:02:16 2025,998,0.11741222658403606,[-3.17347215  2.56905507 -1.61045319 -0.3052999   0.60460136 -2.82449158
  3.09634791  2.2787988   1.19169643 -1.11293986  0.5951957   1.22659116
  1.28366359 -1.75541144  0.80595715]
Tue Mar 18 15:02:49 2025,999,0.12101159577685593,[-3.17231559  2.57021163 -1.60929663 -0.30645645  0.6034448  -2.82333503
  3.09750447  2.27764225  1.19053987 -1.11409641  0.59403914  1.22774772
  1.28250703 -1.75425488  0.80480059]
