{"MSE_train": [0.6020160500465623], "R2_train": -0.19875568094985874, "MAE_train": 0.7019780048534867, "MSE_test": 0.5828920518456113, "R2_test": -0.08707324654562365, "MAE_test": 0.7171776123988245}