{"MSE_train": [760.8345861990683], "R2_train": -0.014133377178646045, "MAE_train": 20.150188807906225, "MSE_test": 774.2909800917087, "R2_test": -0.0013745185383386982, "MAE_test": 20.531536955868965}