{"MSE_train": [0.802328088700794], "R2_train": 0.9957869494318489, "MAE_train": 0.7520128086860087, "MSE_test": 0.9755235258941715, "R2_test": 0.9951624735078373, "MAE_test": 0.7775228141446412}