{"MSE_train": [0.8926514368120333], "R2_train": 0.9957942456758676, "MAE_train": 0.7515061230710375, "MSE_test": 1.0029444454585836, "R2_test": 0.9942391613741147, "MAE_test": 0.8063023614568635}