{"MSE_train": [0.7069449420717335], "R2_train": 0.9962878093989334, "MAE_train": 0.7047938217044991, "MSE_test": 0.8141627568045344, "R2_test": 0.9959626459019898, "MAE_test": 0.6548195873429885}