{"MSE_train": [0.8717635776290734], "R2_train": 0.995892659458065, "MAE_train": 0.7449176197188185, "MSE_test": 0.9006965176662248, "R2_test": 0.9948264658998142, "MAE_test": 0.7605126384028332}