{"MSE_train": [0.031570621213856793], "R2_train": 0.9998342216538159, "MAE_train": 0.1198857804935577, "MSE_test": 1.7372613166192852, "R2_test": 0.9913850897288693, "MAE_test": 1.0060979195742603}