{"MSE_train": [0.047854364422151234], "R2_train": 0.9997745327103087, "MAE_train": 0.15119612755074202, "MSE_test": 2.553817735747521, "R2_test": 0.985331060038088, "MAE_test": 1.2766608333949947}