{"MSE_train": [0.0], "R2_train": 1.0, "MAE_train": 0.0, "MSE_test": 1.1242430075489482, "R2_test": 0.9935424314157221, "MAE_test": 0.824498446165898}