{"MSE_train": [0.0], "R2_train": 1.0, "MAE_train": 0.0, "MSE_test": 1.2301905689348935, "R2_test": 0.9938996043563619, "MAE_test": 0.8601285946894471}