{"MSE_train": [0.7482014641000894], "R2_train": 0.9960711700764175, "MAE_train": 0.7519177073961965, "MSE_test": 0.8664078793783403, "R2_test": 0.9957035674094384, "MAE_test": 0.6849465044661595}