{"MSE_train": [0.9485037149626429], "R2_train": 0.9955310959730189, "MAE_train": 0.7628979699128561, "MSE_test": 1.0748802243611666, "R2_test": 0.9938259675869996, "MAE_test": 0.8662576773567269}