{"MSE_train": [0.8926528797345247], "R2_train": 0.9957942388774945, "MAE_train": 0.7515055985050043, "MSE_test": 1.0029712564641053, "R2_test": 0.9942390073736844, "MAE_test": 0.8062899233878623}