{"MSE_train": [0.8023280889059465], "R2_train": 0.9957869494307716, "MAE_train": 0.7520128033437956, "MSE_test": 0.97552402871936, "R2_test": 0.9951624710143759, "MAE_test": 0.777522848007624}