{"MSE_train": [0.20309924098946402], "R2_train": 0.9989335193611041, "MAE_train": 0.369333988153575, "MSE_test": 1.5979094797437476, "R2_test": 0.9920761219640981, "MAE_test": 1.0142145704018546}