{"MSE_train": [0.2150737500604231], "R2_train": 0.9989866735020845, "MAE_train": 0.3359636211327211, "MSE_test": 1.828933501568453, "R2_test": 0.9894947414009622, "MAE_test": 1.0575194520690978}