{"MSE_train": [0.802328083903354], "R2_train": 0.9957869494570404, "MAE_train": 0.7520130573158845, "MSE_test": 0.9755001292784875, "R2_test": 0.9951625895293839, "MAE_test": 0.7775212381405279}