{"MSE_train": [0.8926080795113597], "R2_train": 0.995794449955105, "MAE_train": 0.7516095791114685, "MSE_test": 1.0015289890924228, "R2_test": 0.9942472916506664, "MAE_test": 0.8069724633730335}