{"ridge": {"MSE_train": [0.9546977788643218], "R2_train": 0.9953748096731743, "MAE_train": 0.7731561035546631, "MSE_test": 1.0281659873548634, "R2_test": 0.9938024067595921, "MAE_test": 0.8947791029092811}, "lasso": {"MSE_train": [0.9538486589632897], "R2_train": 0.9953789233741166, "MAE_train": 0.7735474211899854, "MSE_test": 1.0344434115162875, "R2_test": 0.9937645676149126, "MAE_test": 0.8980286045529988}, "elastic": {"MSE_train": [0.9537645615721868], "R2_train": 0.9953793307977521, "MAE_train": 0.7735908034222817, "MSE_test": 1.0351495785461113, "R2_test": 0.9937603109714674, "MAE_test": 0.8983888506099872}, "knn": {"MSE_train": [0.0], "R2_train": 1.0, "MAE_train": 0.0, "MSE_test": 0.8567908803026972, "R2_test": 0.9948354240137157, "MAE_test": 0.7764412457579912}, "rfr": {"MSE_train": [0.583788009426521], "R2_train": 0.9971717430228775, "MAE_train": 0.553584346896357, "MSE_test": 1.0516171801319694, "R2_test": 0.9936610473335632, "MAE_test": 0.7745232624023789}, "grad": {"MSE_train": [0.06776343422627443], "R2_train": 0.9996717089036609, "MAE_train": 0.1853119195882531, "MSE_test": 1.6962109432457713, "R2_test": 0.9897755560819407, "MAE_test": 1.041328882039278}, "svr": {"MSE_train": [0.9701645963588978], "R2_train": 0.9952998781333232, "MAE_train": 0.7709928628984731, "MSE_test": 0.9608393933015587, "R2_test": 0.9942082389397422, "MAE_test": 0.8614097685019807}, "krr": {"MSE_train": [0.955866510571871], "R2_train": 0.9953691475602962, "MAE_train": 0.7782683069658762, "MSE_test": 1.1186451513729037, "R2_test": 0.9932570151961553, "MAE_test": 0.937312766158015}, "gpr": {"MSE_train": [0.9571689618453749], "R2_train": 0.9953628376209994, "MAE_train": 0.7647707121855176, "MSE_test": 0.997110727037098, "R2_test": 0.9939896020897154, "MAE_test": 0.9046576583705905}}