{"MSE_train": [0.8060863714719879], "R2_train": 0.9957672145682844, "MAE_train": 0.753262974695908, "MSE_test": 0.9431085660075376, "R2_test": 0.9953232161481035, "MAE_test": 0.7664979062773022}