{"MSE_train": [0.8958515633370349], "R2_train": 0.9957791681826657, "MAE_train": 0.7513567255027743, "MSE_test": 1.035939479924202, "R2_test": 0.9940496403394526, "MAE_test": 0.8228551570702356}