{"MSE_train": [761.1353673186466], "R2_train": -0.014534295036643607, "MAE_train": 20.15304938275919, "MSE_test": 775.1242661795076, "R2_test": -0.0024521902101375392, "MAE_test": 20.536587416592297}