{"MSE_train": [762.2889664382983], "R2_train": -0.01607195301426967, "MAE_train": 20.174563260254796, "MSE_test": 776.271427622453, "R2_test": -0.003935790390368288, "MAE_test": 20.553345637633274}