{"MSE_train": [762.2476912508307], "R2_train": -0.016016936396965997, "MAE_train": 20.174117572728967, "MSE_test": 776.2207866458987, "R2_test": -0.0038702974622326636, "MAE_test": 20.55272136565516}