{"MSE_train": [0.20058994819554182], "R2_train": 0.6005781906940095, "MAE_train": 0.38019027623581153, "MSE_test": 0.2163685400549708, "R2_test": 0.5964802564331537, "MAE_test": 0.4008967020345911}