{"MSE_train": [0.22042188848936806], "R2_train": 0.5610881287768168, "MAE_train": 0.38694633565212666, "MSE_test": 0.20009929219056405, "R2_test": 0.6268218334692746, "MAE_test": 0.38457343388490617, "hyperparameters": {"alpha": 0.001, "beta": 0.001}}