{"MSE_train": [1257.807324735968], "R2_train": -0.6765594167413089, "MAE_train": 27.44381715776121, "MSE_test": 1362.0273718645224, "R2_test": -0.7614818444292502, "MAE_test": 28.723925129741065, "BATCH_SIZE": 25, "NUM_CORES": 16, "TOLERANCE": 1e-06, "MAX_ITER": 1000}