{"MSE_train": [34.71935786000374], "R2_train": 0.831796363537458, "MAE_train": 4.083359312820524, "MSE_test": 61.47795835049262, "R2_test": 0.6294223074940255, "MAE_test": 4.622533068006828}