{"MSE_train": [0.15608857327737918], "R2_train": 0.689190904572819, "MAE_train": 0.33892720344677835, "MSE_test": 0.17074657710979305, "R2_test": 0.6815636182933261, "MAE_test": 0.37186754424821034}