Time,Iteration,Cost,Parameters
Thu Apr  4 17:30:22 2024,0,0.14087453157632995,[-4.68373083  2.23743503 -2.12427924 -0.11653063  0.55388728 -2.77010897
  3.06858498  2.18960185  1.18552018 -1.06648328]
Thu Apr  4 17:30:53 2024,1,0.14067471357666345,[-4.70088193  2.23743504 -2.12427924 -0.11653063  0.55388728 -2.77010897
  3.06858498  2.18960185  1.18552018 -1.06648329]
Thu Apr  4 17:31:09 2024,2,0.14067191545345545,[-4.70316673  2.23743504 -2.12427924 -0.11653063  0.55388728 -2.77010898
  3.06858498  2.18960185  1.18552019 -1.06648329]
