{"MSE_train": [726.9106604347978], "R2_train": 0.03108457955797872, "MAE_train": 20.885706668454, "MSE_test": 727.4792660004807, "R2_test": 0.059166103611884235, "MAE_test": 20.92605949366772}