{"MSE_train": [638.7783133080147], "R2_train": 0.14855814930836875, "MAE_train": 19.659867417018802, "MSE_test": 632.9837003262745, "R2_test": 0.1813752653017292, "MAE_test": 19.569128859962703}