{"MSE_train": [0.11596709886585325], "R2_train": 0.7690822054362779, "MAE_train": 0.28462476463279035, "MSE_test": 0.16526825362097278, "R2_test": 0.6917804995868051, "MAE_test": 0.3533069774896145}