{"MSE_train": [8.74889194661881], "R2_train": -0.20128872408335363, "MAE_train": 2.633098566021567, "MSE_test": 10.033908765344673, "R2_test": -0.0002869697227938506, "MAE_test": 2.7968791769286794}