{"MSE_train": [0.0007849100980167023], "R2_train": -1.0131969667268512, "MAE_train": 0.01820271563912386, "MSE_test": 0.0007903214043978859, "R2_test": -1.0341607031694586, "MAE_test": 0.018235039328012122}