{"MSE_train": [383.9289627907424], "R2_train": -0.8600069720496812, "MAE_train": 16.98196189577624, "MSE_test": 202.34492939380075, "R2_test": -0.2196975800260641, "MAE_test": 13.058213691584623}