{"MSE_train": [0.19996886431332253], "R2_train": 0.6018149149177228, "MAE_train": 0.37655421935211014, "MSE_test": 0.22433374427874977, "R2_test": 0.581625429733208, "MAE_test": 0.4059389703113772}