{"MSE_train": [1.5022468924948575], "R2_train": 0.7937301930628178, "MAE_train": 0.6392158116156847, "MSE_test": 15.580954665154417, "R2_test": -0.5532756268648578, "MAE_test": 2.0198348087851166}