{"MSE_train": [1520.7419308630647], "R2_train": -1.0270308134491368, "MAE_train": 30.01539570523638, "MSE_test": 1433.8473396014776, "R2_test": -0.854365124053035, "MAE_test": 29.708580360256754, "BATCH_SIZE": 25, "NUM_CORES": 16, "TOLERANCE": 1e-06, "MAX_ITER": 1000}