{"MSE_train": [2.6391880519171993], "R2_train": 0.6376196132209725, "MAE_train": 1.2105002775722296, "MSE_test": 13.05283863953451, "R2_test": -0.3012460761169844, "MAE_test": 2.4255785009179744}