{"MSE_train": [2.0615110364339855], "R2_train": 0.7169390160775027, "MAE_train": 1.201439641583163, "MSE_test": 2.5291675047611877, "R2_test": 0.747865626604387, "MAE_test": 1.220481581326716}