{"MSE_train": [736.485842430531], "R2_train": 0.018321606067322693, "MAE_train": 19.481103333443876, "MSE_test": 763.5397501466496, "R2_test": 0.012529824901970299, "MAE_test": 19.97768672324965}