{"MSE_train": [857.5939599904993], "R2_train": -0.14310610304671068, "MAE_train": 21.526674558609304, "MSE_test": 905.6919811153161, "R2_test": -0.17131271686254723, "MAE_test": 22.169056532603044}