{"MSE_train": [266.79292715278376], "R2_train": -0.2925221921019554, "MAE_train": 12.809513218508508, "MSE_test": 155.93476825003964, "R2_test": 0.060054234883508584, "MAE_test": 10.147244888480321, "hyperparameters": {"alpha": 0.001, "beta": 0.001}}