{"MSE_train": [0.42639561350385513], "R2_train": 0.1509459523872948, "MAE_train": 0.5644555847938019, "MSE_test": 0.5112681258066789, "R2_test": 0.046502865125407356, "MAE_test": 0.628408429228509}