{"MSE_train": [206.69854454070173], "R2_train": -0.0013850769778320782, "MAE_train": 12.570106826515946, "MSE_test": 193.76226304659724, "R2_test": -0.16796286443315656, "MAE_test": 12.065280461447625, "hyperparameters": {"alpha": 0.001, "beta": 0.001}}