{"MSE_train": [2.7364452629504683], "R2_train": 0.6242654660143409, "MAE_train": 1.2428491881052988, "MSE_test": 12.729871796959007, "R2_test": -0.26904929898496777, "MAE_test": 2.4102987902699944}