Time,Iteration,Cost,Parameters
Fri Apr  5 00:26:35 2024,0,0.5977001877010985,[-0.10470928  2.23743479 -2.12427932 -0.11653087  0.55388708 -2.77010913
  3.06858498  2.18960161  1.18552014 -1.06648308  0.60271526  1.14432461
  1.31029899 -1.87354664  0.72965065  2.88578419 -0.54534319 -0.47522485
 -2.0265424   0.7289737 ]
Fri Apr  5 00:27:07 2024,1,0.36473726150150376,[-1.39462673  2.23743475 -2.12427948 -0.11653096  0.55388708 -2.77010908
  3.06858496  2.18960152  1.1855201  -1.06648311  0.60271521  1.14432452
  1.31029899 -1.87354674  0.72965076  2.88578417 -0.54534326 -0.47522485
 -2.0265424   0.7289737 ]
Fri Apr  5 00:27:22 2024,2,0.36470214210782387,[-1.40326432  2.23743475 -2.12427948 -0.11653096  0.55388708 -2.77010908
  3.06858496  2.18960152  1.1855201  -1.06648311  0.60271521  1.14432452
  1.31029899 -1.87354674  0.72965076  2.88578417 -0.54534326 -0.47522485
 -2.0265424   0.7289737 ]
Fri Apr  5 00:27:31 2024,3,0.3647013850324953,[-1.40473488  2.23743475 -2.12427949 -0.11653096  0.55388707 -2.77010909
  3.06858496  2.18960152  1.18552009 -1.06648311  0.60271521  1.14432452
  1.31029898 -1.87354673  0.72965076  2.88578417 -0.54534326 -0.47522485
 -2.0265424   0.7289737 ]
