{"MSE_train": [0.20062125629575295], "R2_train": 0.6005158488960045, "MAE_train": 0.3798260164302002, "MSE_test": 0.21535079081989936, "R2_test": 0.5983783230848354, "MAE_test": 0.3995715372466506}