{"MSE_train": [755.1154209131507], "R2_train": -0.00651017430214984, "MAE_train": 20.173278228064007, "MSE_test": 780.7965484562172, "R2_test": -0.00978803562213093, "MAE_test": 20.750458636510878}