{"MSE_train": [207.18628560331814], "R2_train": -0.003748018732543823, "MAE_train": 12.580695856719826, "MSE_test": 190.61689841799858, "R2_test": -0.1490031917727408, "MAE_test": 12.019533869683347}