{"MSE_train": [207.1052737774571], "R2_train": -0.003355543625105595, "MAE_train": 12.580293634381999, "MSE_test": 192.49843354627438, "R2_test": -0.1603447353911911, "MAE_test": 12.007392837515344}