{"MSE_train": [619.1132536856836], "R2_train": 0.2640867103616378, "MAE_train": 18.85667709950331, "MSE_test": 650.6091324725153, "R2_test": 0.15858065825699552, "MAE_test": 19.294967626552452}