{"MSE_train": [682.3509068717536], "R2_train": 0.09047926821546126, "MAE_train": 19.68838459581609, "MSE_test": 699.1166064890227, "R2_test": 0.09584694484987588, "MAE_test": 20.068233869759787}