{"MSE_train": [693.310595525237], "R2_train": 0.07587085494325563, "MAE_train": 19.684548369671802, "MSE_test": 687.8061399022497, "R2_test": 0.1104745374784668, "MAE_test": 19.527667429605078}