{"MSE_train": [0.00045051578545602993], "R2_train": -0.155517064991747, "MAE_train": 0.01552880257292056, "MSE_test": 0.00045110588414762484, "R2_test": -0.161074288758144, "MAE_test": 0.015567106304175876}