{"MSE_train": [3.9415561963426975], "R2_train": 0.45879466303875516, "MAE_train": 1.3817090759486585, "MSE_test": 6.028612055279791, "R2_test": 0.399003695824119, "MAE_test": 1.8597735845041765, "hyperparameters": {"alpha": 0.001, "beta": 0.001}}