{"MSE_train": [4.229172985436823], "R2_train": 0.4193027127776294, "MAE_train": 1.2676606238849146, "MSE_test": 4.275530836066503, "R2_test": 0.5737695165480793, "MAE_test": 1.5612933040703294, "hyperparameters": {"alpha": 0.001, "beta": 0.001}}