Time,Iteration,Cost,Parameters
Mon Apr  1 19:09:34 2024,0,0.1645571858757609,[-2.74708956  2.23743464 -2.12427964 -0.11653103  0.55388707 -2.77010898
  3.06858498  2.18960145  1.18551998 -1.06648308]
Mon Apr  1 19:09:56 2024,1,0.16306986390043532,[-2.63644124  2.23743464 -2.12427964 -0.11653103  0.55388706 -2.77010899
  3.06858498  2.18960145  1.18551999 -1.06648308]
Mon Apr  1 19:10:05 2024,2,0.16304851701302608,[-2.61702558  2.23743463 -2.12427964 -0.11653103  0.55388706 -2.77010899
  3.06858498  2.18960145  1.18551998 -1.06648309]
Mon Apr  1 19:10:17 2024,3,0.16304583164382125,[-2.62198595  2.23743463 -2.12427964 -0.11653103  0.55388706 -2.77010899
  3.06858498  2.18960145  1.18551998 -1.06648309]
Mon Apr  1 19:10:27 2024,4,0.1630458293412348,[-2.62184576  2.23743464 -2.12427964 -0.11653103  0.55388706 -2.77010899
  3.06858498  2.18960145  1.18551998 -1.06648309]
