{"MSE_train": [163.36687292681077], "R2_train": 0.2085423291927031, "MAE_train": 11.01907158920767, "MSE_test": 161.7538667619928, "R2_test": 0.024977791929262638, "MAE_test": 10.776672522047338, "hyperparameters": {"alpha": 0.001, "beta": 0.001}}