{"MSE_train": [177.18983653218146], "R2_train": 0.14157470973130815, "MAE_train": 10.492687729101116, "MSE_test": 143.4246230069853, "R2_test": 0.1354630623962153, "MAE_test": 8.895805760420803, "hyperparameters": {"alpha": 0.001, "beta": 0.001}}