{"MSE_train": [3.3757549527763473], "R2_train": 0.5364834330127946, "MAE_train": 1.2664357337850298, "MSE_test": 6.4588279642955495, "R2_test": 0.3561151886610654, "MAE_test": 1.9029919198870822}