{"MSE_train": [2.3692439399113234], "R2_train": 0.9885218082671106, "MAE_train": 1.1378144288445486, "MSE_test": 1.7527885580776768, "R2_test": 0.98943451674826, "MAE_test": 1.1771232499828845, "hyperparameters": {"alpha": 0.001, "beta": 0.001}}