{"MSE_train": [766.4685048927366], "R2_train": -0.02164295297238472, "MAE_train": 20.526374531672786, "MSE_test": 786.2688004363196, "R2_test": -0.016865185986515208, "MAE_test": 20.90591094739647}