{"MSE_train": [0.00042498103804815735], "R2_train": -0.09002360764222583, "MAE_train": 0.012505608012946045, "MSE_test": 0.0004231265178455409, "R2_test": -0.08905988156308164, "MAE_test": 0.012526929138084033}