{"MSE_train": [756.2220601125343], "R2_train": -0.007985238355423085, "MAE_train": 20.019451247370586, "MSE_test": 777.2908515283307, "R2_test": -0.00525419025447893, "MAE_test": 20.532370755174846}