{"MSE_train": [0.0005227760230644604], "R2_train": -0.340855604444654, "MAE_train": 0.016272247884370282, "MSE_test": 0.0005210708974540685, "R2_test": -0.3411530261841209, "MAE_test": 0.016253998049532724}