{"MSE_train": [7.229640447394853], "R2_train": 0.007315943364825661, "MAE_train": 2.415248425320513, "MSE_test": 8.752539744079554, "R2_test": 0.1274535514791566, "MAE_test": 2.608270882025798}