{"MSE_train": [7.326977556546555], "R2_train": -0.006049174454922923, "MAE_train": 2.4314569563012087, "MSE_test": 8.801491990085216, "R2_test": 0.12257346985162088, "MAE_test": 2.61793880317832}