{"MSE_train": [5.8763397426584785], "R2_train": 0.19313431748729382, "MAE_train": 1.94944434450631, "MSE_test": 13.721295522794591, "R2_test": -0.3678849828265971, "MAE_test": 2.8689012534252014}