{"MSE_train": [851.2743216551719], "R2_train": -0.13468251625950822, "MAE_train": 22.102644972466724, "MSE_test": 844.1859660200086, "R2_test": -0.09176825898189311, "MAE_test": 21.993181768585433}