{"MSE_train": [761.4213154374429], "R2_train": -0.014915441657306072, "MAE_train": 20.32684222901152, "MSE_test": 778.0711397574993, "R2_test": -0.006263320891274127, "MAE_test": 20.863508470421174}