{"MSE_train": [27.706080400500827], "R2_train": 0.8657733390611937, "MAE_train": 3.71420738277619, "MSE_test": 29.529836461759214, "R2_test": 0.8219996410145941, "MAE_test": 3.4958361961915316, "BATCH_SIZE": 32, "NUM_CORES": 16, "TOLERANCE": 1e-06, "MAX_ITER": 500, "NUM_QUBITS": 5}