{"MSE_train": [27.716733579684625], "R2_train": 0.8657217279834247, "MAE_train": 3.716562998502158, "MSE_test": 29.864201297356885, "R2_test": 0.8199841520075501, "MAE_test": 3.498180471819745}