{"MSE_train": [27.70635740439072], "R2_train": 0.865771997070314, "MAE_train": 3.7144665737200584, "MSE_test": 29.467996668575246, "R2_test": 0.8223723997801424, "MAE_test": 3.4974054304199287}