{"MSE_train": [2.129512602173505], "R2_train": 0.7076018892000278, "MAE_train": 1.2117264658047933, "MSE_test": 3.4039139535543868, "R2_test": 0.6606615773149207, "MAE_test": 1.5672987929311044}