{"MSE_train": [8.66705973587769], "R2_train": -0.19005254553298134, "MAE_train": 2.6221265396694813, "MSE_test": 9.882115123511863, "R2_test": 0.014845438350971851, "MAE_test": 2.777533445208924}