Time,Iteration,Cost,Parameters
Mon Apr  1 20:45:38 2024,0,0.1791868823220228,[-2.78689956  2.23743464 -2.12427964 -0.11653103  0.55388708 -2.77010897
  3.06858498  2.18960145  1.18551998 -1.06648326]
Mon Apr  1 20:46:08 2024,1,0.17918476168535302,[-2.77834025  2.23743464 -2.12427964 -0.11653103  0.55388708 -2.77010897
  3.06858498  2.18960145  1.18551998 -1.06648327]
Mon Apr  1 20:46:23 2024,2,0.17918476023653856,[-2.77810232  2.23743464 -2.12427963 -0.11653103  0.55388708 -2.77010897
  3.06858498  2.18960145  1.18551999 -1.06648327]
