{"MSE_train": [2856.270810730315], "R2_train": -2.8071870232576854, "MAE_train": 43.16196432742248, "MSE_test": 2971.7152632218895, "R2_test": -2.843257919121558, "MAE_test": 43.64339918421281, "BATCH_SIZE": 25, "NUM_CORES": 16, "TOLERANCE": 1e-06, "MAX_ITER": 1000}