{"MSE_train": [827.0694583582397], "R2_train": -0.10241931450090314, "MAE_train": 21.869871296559015, "MSE_test": 845.1592850552287, "R2_test": -0.0930270323698541, "MAE_test": 22.324529712701327}