{"MSE_train": [768.2673426728517], "R2_train": -0.02404066394141169, "MAE_train": 20.19487258117803, "MSE_test": 793.1360214430479, "R2_test": -0.025746420956467286, "MAE_test": 20.842661696231833}