{"MSE_train": [114.92140352453218], "R2_train": 0.44324436937603473, "MAE_train": 7.95269233733662, "MSE_test": 54.586195740986376, "R2_test": 0.6709645700163025, "MAE_test": 5.740409957096359}