{"MSE_train": [2.8447118052503413], "R2_train": 0.9862183260341273, "MAE_train": 1.2651578454472234, "MSE_test": 2.1564543676290997, "R2_test": 0.9870012943664382, "MAE_test": 1.2300688616230069, "BATCH_SIZE": 32, "NUM_CORES": 16, "TOLERANCE": 1e-06, "MAX_ITER": 500, "NUM_QUBITS": 5}