{"MSE_train": [108.59216385017683], "R2_train": 0.47390741140470005, "MAE_train": 7.286027621281164, "MSE_test": 43.167035193006804, "R2_test": 0.7397971448083966, "MAE_test": 4.645723902514096}