{"MSE_train": [1086.459536383209], "R2_train": -0.4481661307021152, "MAE_train": 25.09723910205429, "MSE_test": 1058.2334603217223, "R2_test": -0.3685914586081229, "MAE_test": 24.945333887079734}