{"MSE_train": [0.06951222544953839], "R2_train": 0.8615847947132695, "MAE_train": 0.21287102124985732, "MSE_test": 0.07429264749136036, "R2_test": 0.8614468163578705, "MAE_test": 0.24598615382703323, "BATCH_SIZE": 32, "NUM_CORES": 16, "TOLERANCE": 1e-06, "MAX_ITER": 1000, "NUM_QUBITS": 5}