{"MSE_train": [0.41498001110269744], "R2_train": 0.17367710420425098, "MAE_train": 0.5660258289609936, "MSE_test": 0.3909384015194525, "R2_test": 0.2709135834096592, "MAE_test": 0.5602322387927224}