{"MSE_train": [0.14412491463567784], "R2_train": 0.7130133653869037, "MAE_train": 0.3215943789925092, "MSE_test": 0.1699947610850784, "R2_test": 0.682965728828551, "MAE_test": 0.35775094991642875, "hyperparameters": {"alpha": 0.001, "beta": 0.001}}