Time,Iteration,Cost,Parameters
Thu Apr  4 23:26:16 2024,0,0.6320720859279787,[-3.33107856  2.51632133 -1.65130453 -0.11653103  0.55388709 -2.77010898
  3.06858497  2.18960147  1.18551999 -1.06648308  0.6027151   1.14432444
  1.31029898 -1.8735468   0.7296508 ]
Thu Apr  4 23:26:20 2024,1,0.49595165484635306,[-3.1985835   2.72516346 -1.83320258 -0.11653103  0.55388709 -2.77010898
  3.06858497  2.18960148  1.18551999 -1.06648308  0.6027151   1.14432444
  1.31029898 -1.8735468   0.7296508 ]
Thu Apr  4 23:26:25 2024,2,0.3487745975972498,[-3.05753852  3.43592691 -2.08110654 -0.11653103  0.55388709 -2.77010898
  3.06858497  2.1896015   1.18551999 -1.06648308  0.6027151   1.14432444
  1.31029897 -1.8735468   0.7296508 ]
Thu Apr  4 23:26:31 2024,3,0.23920389812566156,[-3.12945859  3.78376555 -2.0346614  -0.11653103  0.55388709 -2.77010899
  3.06858497  2.18960153  1.18552    -1.06648308  0.60271511  1.14432444
  1.31029898 -1.87354679  0.72965081]
Thu Apr  4 23:26:35 2024,4,0.10733286025091096,[-3.22065366  4.34861298 -1.75364719 -0.11653102  0.55388709 -2.77010898
  3.06858498  2.18960157  1.18552002 -1.06648308  0.60271511  1.14432445
  1.31029897 -1.87354679  0.72965081]
Thu Apr  4 23:26:39 2024,5,0.08799791500540369,[-3.20847546  4.69803066 -1.62652997 -0.11653101  0.5538871  -2.77010898
  3.06858499  2.1896016   1.18552003 -1.06648307  0.60271512  1.14432445
  1.31029897 -1.87354679  0.72965081]
Thu Apr  4 23:26:43 2024,6,0.08647857497299524,[-3.18577132  4.75639554 -1.52249021 -0.11653101  0.5538871  -2.77010897
  3.06858499  2.1896016   1.18552004 -1.06648306  0.60271512  1.14432445
  1.31029897 -1.87354679  0.72965081]
Thu Apr  4 23:26:48 2024,7,0.08559801336622844,[-3.19520811  4.75378944 -1.55825941 -0.11653101  0.5538871  -2.77010897
  3.06858499  2.1896016   1.18552004 -1.06648306  0.60271512  1.14432445
  1.31029897 -1.87354679  0.72965081]
Thu Apr  4 23:26:52 2024,8,0.08559677507571153,[-3.19483554  4.75566922 -1.55665092 -0.11653101  0.5538871  -2.77010897
  3.06858499  2.1896016   1.18552004 -1.06648307  0.60271512  1.14432445
  1.31029897 -1.87354679  0.72965081]
Thu Apr  4 23:26:56 2024,9,0.08559677345949922,[-3.19483395  4.75556348 -1.55665299 -0.11653101  0.55388709 -2.77010897
  3.06858499  2.1896016   1.18552004 -1.06648307  0.60271512  1.14432445
  1.31029897 -1.87354679  0.72965081]
