{"MSE_train": [3.5347726259683276], "R2_train": 0.514649109432044, "MAE_train": 1.4169927263042543, "MSE_test": 12.156162604645335, "R2_test": -0.21185585195427414, "MAE_test": 2.5536129840354653, "hyperparameters": {"alpha": 0.001, "beta": 0.001}}