Time,Iteration,Cost,Parameters
Sat Mar 16 17:53:31 2024,0,0.22701217077566022,[-2.90318345  2.23743464 -2.12427964 -0.02549012  0.53524201 -2.69266338
  3.07585414  2.24571402  1.14103227 -1.00443105  0.67178604  1.24124417
  1.40930541 -1.77317767  0.75689463]
Sat Mar 16 17:53:34 2024,1,0.18570921883718475,[-2.90318345  2.23743464 -2.12427964  0.14074927  0.47926349 -2.56999729
  3.0419876   2.38185909  1.11703769 -0.86679544  0.74625977  1.43698683
  1.62127005 -1.54545948  0.87789362]
Sat Mar 16 17:53:36 2024,2,0.1742619974886162,[-2.90318345  2.23743464 -2.12427964  0.15543584  0.46692081 -2.56763686
  2.98594736  2.43831111  1.16532065 -0.84393796  0.71916726  1.46568605
  1.68514033 -1.47709244  0.93946526]
Sat Mar 16 17:53:38 2024,3,0.16120053860472897,[-2.90318345  2.23743464 -2.12427964  0.17027602  0.45339714 -2.56880658
  2.85804367  2.54205414  1.28568049 -0.81964981  0.62197107  1.49351081
  1.78954759 -1.37026599  1.05466409]
Sat Mar 16 17:53:40 2024,4,0.15886664261020764,[-2.90318345  2.23743464 -2.12427964  0.17202303  0.45638155 -2.56443643
  2.84086957  2.54950433  1.30526632 -0.82922357  0.57318946  1.47822788
  1.77849612 -1.39299926  1.06500749]
Sat Mar 16 17:53:42 2024,5,0.15515630066249642,[-2.90318344  2.23743464 -2.12427964  0.19932969  0.45724386 -2.53354992
  2.82100171  2.57011318  1.325041   -0.83670405  0.46766636  1.4617889
  1.75967878 -1.43920404  1.09636663]
Sat Mar 16 17:53:44 2024,6,0.15020320484697525,[-2.90318344  2.23743463 -2.12427965  0.27677579  0.45081295 -2.45330416
  2.79849959  2.62736407  1.33947163 -0.8406735   0.26119981  1.44338979
  1.73923798 -1.51362829  1.18409162]
