{"MSE_train": [836.2435333841834], "R2_train": -0.11464764357178514, "MAE_train": 22.224259812895138, "MSE_test": 840.8906863133756, "R2_test": -0.0875065418567782, "MAE_test": 22.423363480726714}