{"MSE_train": [806.6358650173103], "R2_train": -0.07518292251949288, "MAE_train": 21.200462154602, "MSE_test": 842.7525804972793, "R2_test": -0.0899144911160541, "MAE_test": 22.029038474349043}