{"MSE_train": [883.5965262299972], "R2_train": -0.17776550312408035, "MAE_train": 22.719385012200288, "MSE_test": 921.4307719380935, "R2_test": -0.1916673696839808, "MAE_test": 23.33564018325736}