{"MSE_train": [1298.679417273926], "R2_train": -0.7310387398290639, "MAE_train": 29.721569041302807, "MSE_test": 1344.067404987326, "R2_test": -0.738254590532418, "MAE_test": 30.574085526359475}