{"MSE_train": [726.820888792512], "R2_train": 0.031204238180782773, "MAE_train": 20.12654576697186, "MSE_test": 727.892081937991, "R2_test": 0.05863221729356449, "MAE_test": 20.191214857168912}