{"MSE_train": [844.8762495007581], "R2_train": -0.12615438328673778, "MAE_train": 21.257356286280242, "MSE_test": 862.2289541563015, "R2_test": -0.11510288255691292, "MAE_test": 21.484278276446002}