{"MSE_train": [260.10475955538305], "R2_train": -0.26012026474806005, "MAE_train": 13.886090099416544, "MSE_test": 127.91383099733257, "R2_test": 0.22895923022774123, "MAE_test": 10.435691588347842}