{"MSE_train": [4.623524790523353], "R2_train": 0.3651552413420669, "MAE_train": 1.5177881591217415, "MSE_test": 11.981639061387453, "R2_test": -0.19445748504529248, "MAE_test": 2.47062093903899, "hyperparameters": {"alpha": 0.001, "beta": 0.001}}