{"MSE_train": [0.15501815324752505], "R2_train": 0.6913223628482102, "MAE_train": 0.3131901544695528, "MSE_test": 0.09686747512674472, "R2_test": 0.8193455540570678, "MAE_test": 0.25258423581341144}