{"MSE_train": [10.287874502183552], "R2_train": 0.9501587008113707, "MAE_train": 2.611393566520092, "MSE_test": 14.392162903663925, "R2_test": 0.9132467202537293, "MAE_test": 3.3103279110246255}