{"MSE_train": [774.8650328275389], "R2_train": -0.03283487219576764, "MAE_train": 20.47734865455176, "MSE_test": 801.505164626453, "R2_test": -0.03657006083003034, "MAE_test": 21.188207752625743}