{"MSE_train": [842.0912716366429], "R2_train": -0.1224422242209775, "MAE_train": 22.10975835624872, "MSE_test": 863.3826032337753, "R2_test": -0.11659487306076821, "MAE_test": 22.646678594720157}