{"MSE_train": [747.928841801457], "R2_train": 0.003068977167965614, "MAE_train": 19.862822960519704, "MSE_test": 775.7549775040623, "R2_test": -0.003267876128224545, "MAE_test": 20.539975552923718}