Time,Iteration,Cost,Parameters
Mon Nov  4 14:10:41 2024,395,0.10581970857895959,[-3.28793242  2.95075259 -1.59368653 -0.06628878  0.45302572 -2.50189142
  2.76147807  2.42248247  1.21152522 -1.31050711  0.50330549  1.24376119
  1.37741598 -1.92904948  0.641061    2.82445812 -0.67500209 -0.52043909
 -2.22585435  0.6926705   1.58789009  2.72671685 -1.16523146 -0.2956506
 -2.1120415  -2.25512622  3.08572972  2.55150647 -0.95412092 -2.72727305
  1.21985954  0.23623194 -2.28847209  2.10685059  1.18491758 -0.71077403
  1.13754468 -1.985223   -0.14158209  2.36630547 -0.29657581  0.63036171
  2.80619188  0.96136869  2.73244137  2.89607144  2.75536366 -3.17492809]
