{"MSE_train": [2.3935392472986585], "R2_train": 0.6713490432874683, "MAE_train": 0.9855112808222589, "MSE_test": 5.486319815043055, "R2_test": 0.4530651662217876, "MAE_test": 1.6157319326756638}