{"MSE_train": [8.568661586373722], "R2_train": -0.17654173888557878, "MAE_train": 2.6236766640142877, "MSE_test": 9.396810430585695, "R2_test": 0.06322578264471335, "MAE_test": 2.5934609784572364, "BATCH_SIZE": 32, "NUM_CORES": 16, "TOLERANCE": 1e-06, "MAX_ITER": 1000, "NUM_QUBITS": 5}