{"MSE_train": [761.0890930392264], "R2_train": -0.014472615018258583, "MAE_train": 20.15991185606245, "MSE_test": 775.14191780805, "R2_test": -0.0024750186964399568, "MAE_test": 20.546534586110912}