{"MSE_train": [760.1462725642268], "R2_train": -0.013215908593855241, "MAE_train": 20.144623419543738, "MSE_test": 773.7113349233125, "R2_test": -0.0006248754243802779, "MAE_test": 20.524622755115125}