Time,Iteration,Cost,Parameters
Mon Nov  4 14:34:52 2024,195,0.10907172898134015,[-2.90405761  2.22718788 -2.12077739 -0.11807099  0.56347564 -2.76574984
  3.07314666  2.18681201  1.17755828 -1.06902068  0.59942205  1.14256416
  1.30630091 -1.87070032  0.72750227  2.8866906  -0.54100044 -0.47389925
 -2.02860975  0.72710619  1.59699654  2.82654154 -1.27324793 -0.25040649
 -2.40252642 -2.27165751  3.13442414  2.55730845 -0.6712121  -2.67496604
  1.50984531 -0.04443599 -2.33566457  2.04065389  1.14303185 -0.64803262
  1.04166543 -1.91902109 -0.30905015  2.32360838 -0.21234266  0.5536506
  2.68693872  1.07120676  2.57826239  2.93588542  2.76813197 -2.94790537]
