{"MSE_train": [3.3812569608179146], "R2_train": 0.5357279658907318, "MAE_train": 1.2525997794489914, "MSE_test": 6.776738582653062, "R2_test": 0.32442246984964307, "MAE_test": 1.8807983652265556, "hyperparameters": {"alpha": 0.001, "beta": 0.001}}