{"MSE_train": [297.7849381267292], "R2_train": -0.44266808385849354, "MAE_train": 12.788830624615983, "MSE_test": 277.616987597389, "R2_test": -0.6734235395030128, "MAE_test": 11.812204093706479}