{"MSE_train": [773.0728290717846], "R2_train": -0.03044600386566798, "MAE_train": 20.536558466303536, "MSE_test": 794.7526046295495, "R2_test": -0.027837114573831423, "MAE_test": 21.07948747652762}