{"MSE_train": [1180.3051009688656], "R2_train": -0.5732549753377709, "MAE_train": 26.181469225165667, "MSE_test": 1278.466097531343, "R2_test": -0.6534137756989042, "MAE_test": 27.261196791373347}