{"MSE_train": [910.1079759433169], "R2_train": -0.2131032053255364, "MAE_train": 23.497420229575173, "MSE_test": 938.1765710195314, "R2_test": -0.21332436546963307, "MAE_test": 23.97688566042728}