{"MSE_train": [750.0401535038994], "R2_train": 0.0002547627435512956, "MAE_train": 20.090387348583928, "MSE_test": 775.5604276240012, "R2_test": -0.003016268790044574, "MAE_test": 20.72420066505618}