{"MSE_train": [2.052401436903234], "R2_train": 0.7181898326682179, "MAE_train": 0.8616046769991439, "MSE_test": 5.291757644141122, "R2_test": 0.47246119711120127, "MAE_test": 1.4916010791206098}