{"MSE_train": [834.5478852164043], "R2_train": -0.11238747633689727, "MAE_train": 21.91619541721879, "MSE_test": 865.2827861523889, "R2_test": -0.11905234034914614, "MAE_test": 22.61911684532618}