Time,Iteration,Cost,Parameters
Mon Nov  4 13:44:17 2024,90,0.1207542139249019,[-2.83935019  2.79134506 -2.43072791 -0.13396461  0.54394599 -2.79420889
  2.88552698  2.11933882  1.15578561 -1.07578686  0.63141639  1.09720894
  1.37855209 -1.78630278  0.72608665  2.81476048 -0.53958501 -0.53155229
 -2.1089712   0.80151771  1.60379995  2.74574939 -1.22603992 -0.17112341
 -2.28194611 -2.32046358  3.23466671  2.34065431 -0.57548442 -2.64050518
  1.63790978 -0.07291101 -2.31565735  1.960975    1.1191131  -0.53586262
  0.97167122 -1.97636872 -0.41455249  2.23663084 -0.34536771  0.53987516
  2.50294074  1.17585467  2.47084853  3.05962772  2.78299957 -2.88094653]
