{"MSE_train": 0.0005531617543378925, "R2_train": -0.4200360530745224, "MAE_train": 0.020184263561129772, "MSE_test": 0.0006504257103735365, "R2_test": -0.6553005584424498, "MAE_test": 0.021649090059572173}