{"MSE_train": [6.032761254545607], "R2_train": 0.171656466397054, "MAE_train": 2.0004828828855485, "MSE_test": 9.998409632043208, "R2_test": 0.003251962243634998, "MAE_test": 2.757214493566237, "BATCH_SIZE": 32, "NUM_CORES": 16, "TOLERANCE": 1e-06, "MAX_ITER": 1000, "NUM_QUBITS": 5}