{"MSE_train": [0.5018599585653314], "R2_train": 0.0006786757181622693, "MAE_train": 0.618549753035321, "MSE_test": 0.5733852495578498, "R2_test": -0.06934339348878082, "MAE_test": 0.6788977845446391, "hyperparameters": {"alpha": 0.001, "beta": 0.001}}