{"MSE_train": [781.3347197453268], "R2_train": -0.04145846208276582, "MAE_train": 20.789424576305475, "MSE_test": 784.7350359049192, "R2_test": -0.014881600023780361, "MAE_test": 20.87658733734056}