{"MSE_train": [1.2605870011179063], "R2_train": 0.8269119153135461, "MAE_train": 0.9030248719449727, "MSE_test": 2.175117415816376, "R2_test": 0.7831611130277705, "MAE_test": 1.1712041141372922}