{"MSE_train": [104.6539146901257], "R2_train": 0.49298690684603885, "MAE_train": 9.553742675448595, "MSE_test": 89.99348880326185, "R2_test": 0.45753599637864684, "MAE_test": 8.256828699568924, "hyperparameters": {"alpha": 0.001, "beta": 0.001}}