{"MSE_train": [116.61867421421024], "R2_train": 0.4350216625156059, "MAE_train": 7.644393306402472, "MSE_test": 162.924435477816, "R2_test": 0.01792182154136579, "MAE_test": 8.44274619391517}