{"MSE_train": [118.15974221455974], "R2_train": 0.42755570526086495, "MAE_train": 7.7876443866520475, "MSE_test": 178.8127773986133, "R2_test": -0.07785014689629177, "MAE_test": 8.851428976936578}