Time,Iteration,Cost,Parameters
Tue Mar 18 15:01:22 2025,998,0.10833961969224974,[-1.62445795  2.2801207  -2.33038681 -0.24926179  0.62543787 -2.79640704
  3.05495884  2.06789204  1.33147586 -0.93442572  0.49363613  1.03742087
  1.24290779 -1.87719682  0.84016592  2.95027141 -0.54721803 -0.49666023
 -2.05804708  0.53961021]
Tue Mar 18 15:02:08 2025,999,0.11349277404477746,[-1.62488963  2.27968901 -2.32995512 -0.24883011  0.62586955 -2.79683873
  3.05452715  2.06832372  1.33190755 -0.93399403  0.49406782  1.03698918
  1.2424761  -1.87762851  0.83973423  2.9507031  -0.54764971 -0.49622854
 -2.05761539  0.53917852]
