{"MSE_train": [206.64581339306557], "R2_train": -0.001129612264947344, "MAE_train": 12.57626281366862, "MSE_test": 190.04100708921274, "R2_test": -0.14553182601041414, "MAE_test": 12.011843298465298}