{"MSE_train": [760.7344217313313], "R2_train": -0.013999865727166272, "MAE_train": 20.13963144782847, "MSE_test": 774.1090716482369, "R2_test": -0.0011392601087774068, "MAE_test": 20.522827819433864}