{"MSE_train": [2.3692439399129723], "R2_train": 0.9885218082671026, "MAE_train": 1.1378144288449539, "MSE_test": 1.7527885580788514, "R2_test": 0.9894345167482529, "MAE_test": 1.1771232499831066, "hyperparameters": {"alpha": 0.001, "beta": 0.001}}