{"MSE_train": [4.239218002135926], "R2_train": 0.9794624115286947, "MAE_train": 1.521823483452391, "MSE_test": 4.846620743930705, "R2_test": 0.9707854720630449, "MAE_test": 1.7646353497824379}