{"MSE_train": [0.11375849929105812], "R2_train": 0.773480047133396, "MAE_train": 0.28414000910716275, "MSE_test": 0.17602824585233173, "R2_test": 0.6717134912089877, "MAE_test": 0.36301425208423044}