Time,Iteration,Cost,Parameters
Wed Mar 13 23:28:02 2024,0,0.327502891978733,[ 1.57605038  2.23743449 -2.12427935 -0.11653103  0.55388708 -2.77010912
  3.06858498  2.18960145  1.18551998 -1.06648337  0.6027151   1.14432445
  1.31029913 -1.87354651]
Wed Mar 13 23:28:14 2024,1,0.30555468042329015,[ 1.3194695   2.2374345  -2.12427936 -0.11653103  0.55388708 -2.77010911
  3.06858498  2.18960145  1.18551998 -1.06648336  0.6027151   1.14432445
  1.31029912 -1.87354653]
Wed Mar 13 23:28:20 2024,2,0.3053724308809227,[ 1.34022137  2.2374345  -2.12427936 -0.11653103  0.55388708 -2.77010911
  3.06858498  2.18960145  1.18551998 -1.06648336  0.6027151   1.14432445
  1.31029912 -1.87354653]
Wed Mar 13 23:28:26 2024,3,0.30537202500788896,[ 1.34125351  2.2374345  -2.12427936 -0.11653103  0.55388708 -2.77010911
  3.06858498  2.18960145  1.18551998 -1.06648336  0.6027151   1.14432445
  1.31029912 -1.87354653]
