{"MSE_train": [820.5493341544557], "R2_train": -0.09372849563127073, "MAE_train": 21.636863852239472, "MSE_test": 834.9730323809483, "R2_test": -0.07985336235472706, "MAE_test": 22.081050492491663}