{"MSE_train": [820.5460991623496], "R2_train": -0.09372418363819213, "MAE_train": 21.638530336006724, "MSE_test": 835.089020079005, "R2_test": -0.08000336684694553, "MAE_test": 22.0858648971884}