{"MSE_train": [774.7102149896429], "R2_train": -0.03262851204910633, "MAE_train": 20.52228275389378, "MSE_test": 789.8713212812123, "R2_test": -0.021524251724503785, "MAE_test": 20.996671264580204}