Time,Iteration,Cost,Parameters
Mon Nov  4 16:33:03 2024,280,0.11511171601355338,[-2.88670445  2.24150488 -2.12205789 -0.12514645  0.54884078 -2.77085213
  3.06554455  2.19953512  1.18438859 -1.08053933  0.60861852  1.14167355
  1.29133427 -1.88485672  0.74899012  2.89228811]
