{"MSE_train": [3.3812569602261577], "R2_train": 0.5357279659719845, "MAE_train": 1.2525997870114243, "MSE_test": 6.77673856961591, "R2_test": 0.3244224711493253, "MAE_test": 1.8807983670312751, "hyperparameters": {"alpha": 0.001, "beta": 0.001}}