Time,Iteration,Cost,Parameters
Mon Apr  1 23:11:22 2024,0,0.15501992517888352,[-3.59277842  2.23743462 -2.12427964 -0.116531    0.55388708 -2.77010897
  3.06858498  2.18960146  1.18552001 -1.0664831   0.60271513  1.14432445
  1.31029901 -1.8735468 ]
Mon Apr  1 23:12:13 2024,1,0.1509800604604446,[-3.66298663  2.23743462 -2.12427964 -0.116531    0.55388708 -2.77010897
  3.06858498  2.18960147  1.18552001 -1.0664831   0.60271513  1.14432445
  1.31029901 -1.8735468 ]
Mon Apr  1 23:12:33 2024,2,0.14972412459881554,[-3.7389444   2.23743462 -2.12427963 -0.116531    0.55388708 -2.77010897
  3.06858498  2.18960147  1.18552001 -1.0664831   0.60271513  1.14432445
  1.31029901 -1.8735468 ]
Mon Apr  1 23:12:57 2024,3,0.14968535163197239,[-3.72722833  2.23743461 -2.12427963 -0.116531    0.55388708 -2.77010897
  3.06858498  2.18960147  1.18552001 -1.06648309  0.60271513  1.14432445
  1.31029901 -1.8735468 ]
Mon Apr  1 23:13:17 2024,4,0.14968518371269535,[-3.7279454   2.23743461 -2.12427963 -0.116531    0.55388708 -2.77010897
  3.06858498  2.18960147  1.18552001 -1.06648309  0.60271513  1.14432445
  1.31029901 -1.8735468 ]
