{"MSE_train": [3.673069075892118], "R2_train": 0.4956599657910127, "MAE_train": 1.557543376091385, "MSE_test": 7.440457840519701, "R2_test": 0.2582558601340845, "MAE_test": 2.089222066321241}