{"MSE_train": [2.0615110364339797], "R2_train": 0.7169390160775034, "MAE_train": 1.2014396415831594, "MSE_test": 2.529167504761179, "R2_test": 0.7478656266043879, "MAE_test": 1.2204815813267156}