{"MSE_train": [1287.1866264000607], "R2_train": -0.7157197427257023, "MAE_train": 28.28850911521843, "MSE_test": 1382.882014846005, "R2_test": -0.7884527230934928, "MAE_test": 29.71597683700803}