{"MSE_train": [761.0915663497168], "R2_train": -0.014475911748935477, "MAE_train": 20.15978962338442, "MSE_test": 775.145132416797, "R2_test": -0.002479176083480583, "MAE_test": 20.546406202300176}