{"MSE_train": [765.6493507726548], "R2_train": -0.020551084188686897, "MAE_train": 19.996769391247767, "MSE_test": 789.2821233493394, "R2_test": -0.02076225421901423, "MAE_test": 20.608950346820826}