{"MSE_train": [753.6684597866919], "R2_train": -0.004581487567293818, "MAE_train": 20.06994129789554, "MSE_test": 778.1868216197565, "R2_test": -0.006412929852375182, "MAE_test": 20.665400211703563}