{"MSE_train": [1899.7353516903186], "R2_train": -1.5321995909519353, "MAE_train": 36.7456045568953, "MSE_test": 1924.553273202877, "R2_test": -1.488984964188338, "MAE_test": 37.230768233674745, "BATCH_SIZE": 25, "NUM_CORES": 16, "TOLERANCE": 1e-06, "MAX_ITER": 1000}