{"MSE_train": [205.0827840898456], "R2_train": 0.006442740131638147, "MAE_train": 12.50246106435267, "MSE_test": 190.6363797228434, "R2_test": -0.14912062145307026, "MAE_test": 11.99032386490588}