{"MSE_train": [33.77471014821607], "R2_train": 0.8363728646622598, "MAE_train": 4.272784811601703, "MSE_test": 40.93735318203194, "R2_test": 0.7532372530491175, "MAE_test": 4.187773181414711}