{"MSE_train": [0.0008406178853161204], "R2_train": -1.1560805258728397, "MAE_train": 0.021455357504134465, "MSE_test": 0.0008414420794983996, "R2_test": -1.1657371324934025, "MAE_test": 0.021466793425992853}