{"MSE_train": [205.47174124787352], "R2_train": 0.004558373241206781, "MAE_train": 12.542296500455077, "MSE_test": 193.3130789828252, "R2_test": -0.16525526648538302, "MAE_test": 12.06172507962339}