{"MSE_train": [0.0005373778711541958], "R2_train": -0.378307532196813, "MAE_train": 0.016172896273727918, "MSE_test": 0.0005323364484748858, "R2_test": -0.3701487500232794, "MAE_test": 0.016114303117418863}