{"MSE_train": [8.641970125257526], "R2_train": -0.18660755312553823, "MAE_train": 2.622537746927108, "MSE_test": 11.063670466078616, "R2_test": -0.10294459151833779, "MAE_test": 2.8551800530540854, "BATCH_SIZE": 32, "NUM_CORES": 16, "TOLERANCE": 1e-06, "MAX_ITER": 1000, "NUM_QUBITS": 5}