{"MSE_train": [0.0005517533079090659], "R2_train": -0.41517874298057644, "MAE_train": 0.017432105358282164, "MSE_test": 0.0005483036990380103, "R2_test": -0.4112458953775968, "MAE_test": 0.017384463908617278}