{"MSE_train": [0.16190069739612686], "R2_train": 0.6776175971747926, "MAE_train": 0.34330447782319595, "MSE_test": 0.18103147611038822, "R2_test": 0.6623826421390447, "MAE_test": 0.3806163323293824}