{"MSE_train": [0.4210113821415981], "R2_train": 0.16166722457356753, "MAE_train": 0.5669350948800742, "MSE_test": 0.45283624375225795, "R2_test": 0.15547627714148793, "MAE_test": 0.6107102910723468}