{"ridge": {"MSE_train": [688.3776834038656], "R2_train": 0.07728828071797722, "MAE_train": 19.30684622743696, "MSE_test": 853.5954613820082, "R2_test": -0.08034071938239173, "MAE_test": 21.307212328601615}, "lasso": {"MSE_train": [688.3819409668292], "R2_train": 0.07728257381704651, "MAE_train": 19.30951696013319, "MSE_test": 853.2595014368612, "R2_test": -0.0799155165489136, "MAE_test": 21.301619687997167}, "elastic": {"MSE_train": [688.3764596690271], "R2_train": 0.0772899210304161, "MAE_train": 19.30967080501812, "MSE_test": 853.8806831842893, "R2_test": -0.08070170622100603, "MAE_test": 21.31175765453074}, "knn": {"MSE_train": [9.013300071056017], "R2_train": 0.9879184380820644, "MAE_train": 0.8106210932737248, "MSE_test": 1412.456886308175, "R2_test": -0.7876555788853798, "MAE_test": 27.588299628210994}, "rfr": {"MSE_train": [39.97482872125999], "R2_train": 0.9464171430500051, "MAE_train": 4.0946133988762545, "MSE_test": 1048.041241062043, "R2_test": -0.32643820115706035, "MAE_test": 23.21780341168265}, "grad": {"MSE_train": [86.83921864283339], "R2_train": 0.883599415456317, "MAE_train": 6.6536626282055105, "MSE_test": 1021.5683065977981, "R2_test": -0.29293311548455603, "MAE_test": 23.26803329480958}, "svr": {"MSE_train": [280.1542576750865], "R2_train": 0.624477052356886, "MAE_train": 11.893409347428557, "MSE_test": 1218.8516771317024, "R2_test": -0.5426219529810781, "MAE_test": 25.663017173105263}, "krr": {"MSE_train": [140.33337177982025], "R2_train": 0.8118950543147807, "MAE_train": 8.032120250598785, "MSE_test": 1324.0198337925442, "R2_test": -0.6757265056214383, "MAE_test": 27.006758198607166}, "gpr": {"MSE_train": [85.49369142624953], "R2_train": 0.8854029802163129, "MAE_train": 6.017567379843268, "MSE_test": 1780.6412691825274, "R2_test": -1.253642804749774, "MAE_test": 31.945170709003403}}