{"MSE_train": [260.3130301213822], "R2_train": -0.2611292657414088, "MAE_train": 13.78007493740001, "MSE_test": 122.8497457252412, "R2_test": 0.25948459387248346, "MAE_test": 10.149093192959475, "hyperparameters": {"alpha": 0.001, "beta": 0.001}}