{"MSE_train": [910.1206578050304], "R2_train": -0.21312010926166347, "MAE_train": 23.49968170392607, "MSE_test": 937.8664848294229, "R2_test": -0.21292333741001568, "MAE_test": 23.973806995375707}