{"MSE_train": [1.478409591722762], "R2_train": 0.7970032339009971, "MAE_train": 0.7820713782369539, "MSE_test": 3.1950426956084685, "R2_test": 0.6814840905108273, "MAE_test": 1.311881272018469, "BATCH_SIZE": 32, "NUM_CORES": 16, "TOLERANCE": 1e-06, "MAX_ITER": 1000, "NUM_QUBITS": 5}