{"MSE_train": [0.0005266152784644566], "R2_train": -0.35070281796030645, "MAE_train": 0.01870347392896137, "MSE_test": 0.0005262832705652861, "R2_test": -0.35456883966721087, "MAE_test": 0.01872691079163289}