{"MSE_train": [0.642704187055261], "R2_train": -0.2797753404467629, "MAE_train": 0.7113669989480502, "MSE_test": 0.6669645897802221, "R2_test": -0.24386558308294615, "MAE_test": 0.7555412963703364}