{"MSE_train": [0.8712988780064098], "R2_train": -0.7349611853947047, "MAE_train": 0.8256499413045633, "MSE_test": 0.8850082943212911, "R2_test": -0.6505094497024826, "MAE_test": 0.8702313296087174, "BATCH_SIZE": 32, "NUM_CORES": 16, "TOLERANCE": 1e-06, "MAX_ITER": 1000, "NUM_QUBITS": 5}