{"MSE_train": [818.5645025562733], "R2_train": -0.09108286935677201, "MAE_train": 21.19231376127622, "MSE_test": 841.5376296377533, "R2_test": -0.08834322028469122, "MAE_test": 21.88806827561254}