{"MSE_train": [836.1883522371811], "R2_train": -0.11457409139108621, "MAE_train": 21.71143872060686, "MSE_test": 831.0798337057269, "R2_test": -0.07481836898761829, "MAE_test": 21.877399403883906}