{"MSE_train": [761.1427219136822], "R2_train": -0.014544098140283568, "MAE_train": 20.157349617331892, "MSE_test": 775.2448661772654, "R2_test": -0.0026081596942146845, "MAE_test": 20.544164549464472}