{"MSE_train": [804.5555515705564], "R2_train": -0.07241002636096483, "MAE_train": 21.44399344711713, "MSE_test": 818.3955166955623, "R2_test": -0.05841400400646246, "MAE_test": 21.87602187841372}