{"MSE_train": [694.5764504550269], "R2_train": 0.07418356869437559, "MAE_train": 20.485795674583688, "MSE_test": 666.9187003250506, "R2_test": 0.13748783130198394, "MAE_test": 19.944163754577033, "BATCH_SIZE": 25, "NUM_CORES": 16}