Time,Iteration,Cost,Parameters
Tue Jan  7 10:38:36 2025,5835,0.10655136184641519,[-1.81157122  2.08403644 -2.15975429 -0.14614002  0.4976429  -2.79683347
  2.94454797  2.26110856  1.29355619 -1.06126139  0.5880471   1.1755245
  1.31789547 -1.85641361  0.7331868   2.9367557   0.25521836 -0.47056408
 -2.02439899  0.72278686  1.53628363  2.89627568 -1.33925562 -0.2241265
 -2.38207484 -2.1958151   3.08487703  2.59367061 -0.7645383  -2.60498017
  1.52706869 -0.12073345 -1.37310302  2.02544495  1.14686233 -0.70310473
  1.08112276 -1.86543458 -0.31309623  2.37722018 -0.15239139  0.62682143
  2.59959202  1.01415962  2.64893165  2.97992022  2.7721803  -2.99582758]
