{"MSE_train": [753.6085797180485], "R2_train": -0.004501672089211484, "MAE_train": 19.984908162802423, "MSE_test": 775.7616419448187, "R2_test": -0.0032764951116888152, "MAE_test": 20.495342385045966}