{"MSE_train": [755.5075339449623], "R2_train": -0.0070328305015392445, "MAE_train": 19.78046899092335, "MSE_test": 782.2317155913627, "R2_test": -0.011644107610478516, "MAE_test": 20.474686234795225}