{"MSE_train": [0.16193828678178374], "R2_train": 0.6775427478587386, "MAE_train": 0.34329625232770944, "MSE_test": 0.18335419389429983, "R2_test": 0.6580508548824313, "MAE_test": 0.38175886729277225}