{"MSE_train": [141.1674083562539], "R2_train": 0.3160912845433602, "MAE_train": 10.257823067404004, "MSE_test": 157.33300240714857, "R2_test": 0.051625939581793956, "MAE_test": 10.662522563233683}