{"MSE_train": [1084.7257736065583], "R2_train": -0.4458551596555762, "MAE_train": 26.29939120451095, "MSE_test": 1111.7636621543013, "R2_test": -0.4378209620707747, "MAE_test": 26.738539608183814}