Time,Iteration,Cost,Parameters
Mon Nov  4 16:16:13 2024,100,0.1627990045579364,[-4.26144217  2.38221507 -2.26904834 -0.4409      0.54531411 -2.75787706
  3.22566715  2.47196389  1.37511145 -1.19829273  0.64393323  0.85063588
  1.46201087 -1.90102823  0.70618413  2.85373411]
