{"MSE_train": [0.11864777104070823], "R2_train": 0.7637443560581375, "MAE_train": 0.2829603158830512, "MSE_test": 0.13674522832630914, "R2_test": 0.7449749420400804, "MAE_test": 0.3155887471808202}