{"MSE_train": [704.2888083124462], "R2_train": 0.06123775044034696, "MAE_train": 19.59599768658961, "MSE_test": 716.8387593706426, "R2_test": 0.07292725087747165, "MAE_test": 19.89763654509742}