{"MSE_train": [776.2964734857683], "R2_train": -0.03474287135260545, "MAE_train": 20.4446428814182, "MSE_test": 799.6603201473799, "R2_test": -0.03418416160156301, "MAE_test": 21.086947003245424}