{"MSE_train": [0.34799221712911843], "R2_train": 0.9522180489761866, "MAE_train": 0.4961966590957421, "MSE_test": 17.386495611259086, "R2_test": -0.7332711922946804, "MAE_test": 2.2749529669090776}