{"MSE_train": [1120.4586645587676], "R2_train": -0.4934843264088329, "MAE_train": 25.96326208802123, "MSE_test": 1118.597142348445, "R2_test": -0.4466585607452953, "MAE_test": 25.90977917013682}