{"MSE_train": [7.887236732609876], "R2_train": -0.08297697684128158, "MAE_train": 2.4488923990307248, "MSE_test": 9.561003571286738, "R2_test": 0.04685726036669835, "MAE_test": 2.6388904535201996}