{"MSE_train": [7.8996392639039925], "R2_train": -0.08467993775160254, "MAE_train": 2.4397870462813147, "MSE_test": 9.614992984210884, "R2_test": 0.041475020253301076, "MAE_test": 2.6750682268253345}