{"MSE_train": [2.883418637893933], "R2_train": 0.6040849152500474, "MAE_train": 1.2413168804850532, "MSE_test": 5.098301473704559, "R2_test": 0.49174697008618795, "MAE_test": 1.7794081081426083, "hyperparameters": {"alpha": 0.001, "beta": 0.001}}