{"MSE_train": [0.50890813475659], "R2_train": -0.013355902344919679, "MAE_train": 0.6253675973587018, "MSE_test": 0.5773357717071043, "R2_test": -0.07671097883282996, "MAE_test": 0.6854291146497586}