{"MSE_train": [6.977737658100025], "R2_train": 0.9661952028863382, "MAE_train": 2.314413295604795, "MSE_test": 7.741578598363114, "R2_test": 0.9533352048391169, "MAE_test": 2.3632955224215944}