{"MSE_train": [0.0014927251264743927], "R2_train": -2.8286546502186236, "MAE_train": 0.034646858429737463, "MSE_test": 0.0014922344837720951, "R2_test": -2.840772538757371, "MAE_test": 0.034634745050455676}