Time,Iteration,Cost,Parameters
Wed Aug  7 15:35:59 2024,0,0.3466394925554435,[-2.89733651  2.24328157 -2.13012657 -0.11068409  0.54804014 -2.77595591
  3.07443192  2.18375452  1.19136692 -1.06063615  0.59686817  1.15017139
  1.30445205 -1.87939374  0.73549774  2.87993726 -0.55119029 -0.46937791
 -2.03238934  0.72312676  1.61097357  2.83661801 -1.25872016 -0.24551411]
