{"MSE_train": [3.4639029288710312], "R2_train": 0.5243800523356295, "MAE_train": 1.5234729679768606, "MSE_test": 5.94477412055386, "R2_test": 0.40736155472397895, "MAE_test": 1.9124055250348782}