{"MSE_train": [750.7647335147108], "R2_train": -0.0007110461020629621, "MAE_train": 19.99317182023591, "MSE_test": 777.7506241605386, "R2_test": -0.005848804695369969, "MAE_test": 20.61452683024753}