{"MSE_train": [1515.5354341865968], "R2_train": -1.0200909579883675, "MAE_train": 31.199177149268152, "MSE_test": 1652.1068791707953, "R2_test": -1.1366356747531583, "MAE_test": 32.78141155553124}