{"MSE_train": [4.1369674978030835], "R2_train": 0.4319632203331978, "MAE_train": 1.4637055398354781, "MSE_test": 6.434869454567678, "R2_test": 0.3585036282667293, "MAE_test": 2.0154212463233763}