{"MSE_train": [0.0009841698216915976], "R2_train": -1.5242734228799142, "MAE_train": 0.02612129012693348, "MSE_test": 0.000974661386093404, "R2_test": -1.508622288926054, "MAE_test": 0.025992444680109472}