{"MSE_train": [1588.8611671353403], "R2_train": -1.117828461695845, "MAE_train": 31.948798182551894, "MSE_test": 1640.2435978949272, "R2_test": -1.1212931383148543, "MAE_test": 33.24402891018969}