{"MSE_train": [0.0008922255267700683], "R2_train": -1.2884477198961277, "MAE_train": 0.02239230424527007, "MSE_test": 0.0008909080216475285, "R2_test": -1.2930545442515613, "MAE_test": 0.022376708476328375}