Time,Iteration,Cost,Parameters
Thu Apr  4 17:50:07 2024,0,0.11133338255068449,[-3.61308652  2.23743464 -2.12427963 -0.11653103  0.55388708 -2.77010897
  3.06858498  2.18960145  1.18551998 -1.06648308  0.6027151   1.14432445
  1.31029899 -1.8735468 ]
Thu Apr  4 17:50:26 2024,1,0.016720711842184745,[-4.16303155  2.23743463 -2.12427963 -0.11653102  0.55388708 -2.77010897
  3.06858498  2.18960145  1.18551998 -1.06648308  0.6027151   1.14432445
  1.31029898 -1.8735468 ]
Thu Apr  4 17:50:46 2024,2,0.009355501568870071,[-4.31250774  2.23743463 -2.12427963 -0.11653102  0.55388708 -2.77010897
  3.06858498  2.18960145  1.18551998 -1.06648308  0.6027151   1.14432445
  1.31029898 -1.8735468 ]
Thu Apr  4 17:51:06 2024,3,0.005524852113017434,[-4.47652661  2.23743463 -2.12427963 -0.11653102  0.55388708 -2.77010897
  3.06858499  2.18960145  1.18551998 -1.06648308  0.6027151   1.14432445
  1.31029898 -1.8735468 ]
Thu Apr  4 17:51:25 2024,4,0.004413570600278593,[-4.58993998  2.23743463 -2.12427963 -0.11653102  0.55388708 -2.77010897
  3.06858499  2.18960145  1.18551998 -1.06648308  0.6027151   1.14432445
  1.31029898 -1.8735468 ]
Thu Apr  4 17:51:45 2024,5,0.0040923314063263634,[-4.67415497  2.23743463 -2.12427963 -0.11653102  0.55388708 -2.77010897
  3.06858499  2.18960145  1.18551998 -1.06648308  0.6027151   1.14432445
  1.31029898 -1.8735468 ]
Thu Apr  4 17:52:05 2024,6,0.004059457524931139,[-4.70842387  2.23743463 -2.12427962 -0.11653102  0.55388708 -2.77010897
  3.06858499  2.18960145  1.18551998 -1.06648308  0.6027151   1.14432445
  1.31029898 -1.8735468 ]
Thu Apr  4 17:52:25 2024,7,0.004059101704069808,[-4.71235126  2.23743463 -2.12427962 -0.11653102  0.55388708 -2.77010897
  3.06858499  2.18960145  1.18551998 -1.06648308  0.6027151   1.14432445
  1.31029898 -1.8735468 ]
