{"MSE_train": [0.00042637961140369076], "R2_train": -0.09361077468749546, "MAE_train": 0.014891748621591597, "MSE_test": 0.00042384115514350096, "R2_test": -0.09089924349917533, "MAE_test": 0.014878381504077753}