{"MSE_train": [0.00039185246119787903], "R2_train": -0.005052920431703356, "MAE_train": 0.011995458495768408, "MSE_test": 0.00039029267874628176, "R2_test": -0.004550838965676762, "MAE_test": 0.011992166187807563}