{"MSE_train": [758.2683395039859], "R2_train": -0.01071276976309865, "MAE_train": 20.038598137574272, "MSE_test": 783.3885546226569, "R2_test": -0.013140223615667468, "MAE_test": 20.632365429359297}