{"MSE_train": [0.14575508024152437], "R2_train": 0.7056365754977727, "MAE_train": 0.3136718972374044, "MSE_test": 0.17920795654125715, "R2_test": 0.6657834422218014, "MAE_test": 0.34802305175617193}