{"MSE_train": [0.06112231397862722], "R2_train": 0.8782910835865367, "MAE_train": 0.2014290462939916, "MSE_test": 0.10579570243427165, "R2_test": 0.8026947230595278, "MAE_test": 0.31195282634299865}