{"MSE_train": [3.3107149049320364], "R2_train": 0.9839606974142279, "MAE_train": 1.3359990889012416, "MSE_test": 2.3034089786869747, "R2_test": 0.986115479317759, "MAE_test": 1.3501208792843147, "BATCH_SIZE": 32, "NUM_CORES": 16, "TOLERANCE": 1e-06, "MAX_ITER": 500, "NUM_QUBITS": 5}