{"MSE_train": [8.733100546685346], "R2_train": 0.9576910588188704, "MAE_train": 2.468069504671761, "MSE_test": 5.696822007178258, "R2_test": 0.9656606170621075, "MAE_test": 2.115320642658424, "MAX_ITER": 1000}