{"MSE_train": [0.2402195244649568], "R2_train": 0.5216663748330825, "MAE_train": 0.4113994767762694, "MSE_test": 0.20164137448549352, "R2_test": 0.6239459040386335, "MAE_test": 0.4189439237513451, "hyperparameters": {"alpha": 0.001, "beta": 0.001}}