{"MSE_train": [0.0003926750770662969], "R2_train": -0.007162828018909773, "MAE_train": 0.012390661836478455, "MSE_test": 0.0003912504971005736, "R2_test": -0.007016109988621233, "MAE_test": 0.01237849457126845}