{"MSE_train": [800.1674372918162], "R2_train": -0.06656101103796774, "MAE_train": 20.94598354483931, "MSE_test": 807.1709112494999, "R2_test": -0.043897453816245546, "MAE_test": 21.182474459547944}