{"MSE_train": [752.9836723266745], "R2_train": -0.003668719099516382, "MAE_train": 19.775044651162503, "MSE_test": 777.1006943122972, "R2_test": -0.005008263857881001, "MAE_test": 20.42618537817202}