Time,Iteration,Cost,Parameters
Mon Apr  1 18:24:09 2024,0,0.20577283546084446,[-2.36037789  2.23743466 -2.12427958 -0.11653097  0.55388708 -2.77010894
  3.06858504  2.18960151  1.18552001 -1.06648317  0.60271513  1.14432448
  1.31029896 -1.87354677  0.72965077  2.88578416 -0.54534338 -0.47522485
 -2.0265424   0.7289737 ]
Mon Apr  1 18:24:24 2024,1,0.20577282605988984,[-2.36014683  2.23743466 -2.12427958 -0.11653097  0.55388708 -2.77010894
  3.06858504  2.18960151  1.18552001 -1.06648317  0.60271513  1.14432448
  1.31029896 -1.87354677  0.72965077  2.88578416 -0.54534338 -0.47522485
 -2.0265424   0.7289737 ]
