{"MSE_train": [1430.1604000941354], "R2_train": -0.9062926722355213, "MAE_train": 30.483100920886972, "MSE_test": 1407.024613769304, "R2_test": -0.8196758472092089, "MAE_test": 30.353858935894667}