{"MSE_train": [759.9208978371925], "R2_train": -0.0129155015971123, "MAE_train": 20.15311996428681, "MSE_test": 775.6405026563876, "R2_test": -0.0031198281741320333, "MAE_test": 20.574172862370904}