{"MSE_train": [1833.6157380935979], "R2_train": -1.444067284336414, "MAE_train": 34.04027467477579, "MSE_test": 1949.0754067318796, "R2_test": -1.520698932563934, "MAE_test": 34.46167439725886}