{"MSE_train": [0.00011372695552186705], "R2_train": 0.7083044765633397, "MAE_train": 0.007197392096727838, "MSE_test": 0.00011217865549209296, "R2_test": 0.7112701092661806, "MAE_test": 0.007201191309720367}