{"MSE_train": [656.6178292375603], "R2_train": 0.12477946092454606, "MAE_train": 19.020885123001086, "MSE_test": 666.5740317688928, "R2_test": 0.13793358402073175, "MAE_test": 19.25476382919364}