{"MSE_train": [797.9942919639686], "R2_train": -0.06366437719612295, "MAE_train": 20.852248207494466, "MSE_test": 823.451435296338, "R2_test": -0.06495271901773791, "MAE_test": 21.471247783927595}