{"MSE_train": [2.0080092019940805], "R2_train": 0.7242852206966225, "MAE_train": 1.2077865691766125, "MSE_test": 16.706425851795153, "R2_test": -0.6654745903120309, "MAE_test": 2.654656284049504}