{"MSE_train": [1.5940911749248952], "R2_train": 0.7811192817007944, "MAE_train": 1.04277370239063, "MSE_test": 14.304443951887965, "R2_test": -0.4260194335853169, "MAE_test": 2.4361354626176936}