{"MSE_train": [0.13127137222114652], "R2_train": 0.9819754524108443, "MAE_train": 0.302222865704337, "MSE_test": 14.608003247041605, "R2_test": -0.45628145953966515, "MAE_test": 1.9580984415948337, "BATCH_SIZE": 32, "NUM_CORES": 16, "TOLERANCE": 1e-06, "MAX_ITER": 1000, "NUM_QUBITS": 5}