{"MSE_train": [865.0903244218191], "R2_train": -0.15309817427375005, "MAE_train": 22.37895825289885, "MSE_test": 864.513108027224, "R2_test": -0.11805693154052843, "MAE_test": 22.503640681365884}