{"MSE_train": [849.792737310054], "R2_train": -0.1327076794648303, "MAE_train": 22.256711820037992, "MSE_test": 870.4157743041752, "R2_test": -0.1256907278175745, "MAE_test": 22.78700637478425}