Time,Iteration,Cost,Parameters
Wed Mar 19 10:42:58 2025,997,0.1217658632991861,[-3.01411631  2.25240064 -2.13818568 -0.13232068  0.56106623]
Wed Mar 19 10:43:33 2025,998,0.12509142065532583,[-3.01445007  2.2527344  -2.13851945 -0.13265444  0.56139999]
Wed Mar 19 10:44:08 2025,999,0.1258183672689975,[-3.01475247  2.2530368  -2.13882185 -0.13235205  0.56170239]
