{"MSE_train": [1005.8333487933627], "R2_train": -0.3406976882933519, "MAE_train": 25.11286868032831, "MSE_test": 1002.1029853144355, "R2_test": -0.295999075601036, "MAE_test": 25.17121037088442}