{"MSE_train": [152.02938789280515], "R2_train": 0.2634686391420077, "MAE_train": 7.749963174653081, "MSE_test": 85.12508593224877, "R2_test": 0.48688182292421933, "MAE_test": 5.837498301133108}