{"MSE_train": [256.49462037524], "R2_train": -0.2426303520404436, "MAE_train": 14.367976194265339, "MSE_test": 223.5520731954986, "R2_test": -0.3475302964261622, "MAE_test": 12.72568793720737}