{"MSE_train": [9.004780827078163], "R2_train": -0.23642419364792322, "MAE_train": 2.6639477905068625, "MSE_test": 8.741049145367565, "R2_test": 0.1285990568285389, "MAE_test": 2.5904519267108084}