{"MSE_train": [207.00678483010225], "R2_train": -0.0028783977296296115, "MAE_train": 12.57580014032055, "MSE_test": 191.67210979679703, "R2_test": -0.15536380959989504, "MAE_test": 12.040771475079731}