{"MSE_train": [47.22246715097087], "R2_train": 0.7712229952652303, "MAE_train": 4.0791890855164255, "MSE_test": 69.8065298581968, "R2_test": 0.5792192283091213, "MAE_test": 5.272717961664344, "hyperparameters": {"alpha": 0.001, "beta": 0.001}}