{"MSE_train": [784.3881152933736], "R2_train": -0.04552840106184464, "MAE_train": 20.460190271138313, "MSE_test": 809.1613886922119, "R2_test": -0.046471697146086566, "MAE_test": 20.965243416193506}