{"MSE_train": [886.6791415653734], "R2_train": -0.18187438980893145, "MAE_train": 22.79755026486173, "MSE_test": 912.7631942549843, "R2_test": -0.180457770641139, "MAE_test": 23.344196557198327}