Time,Iteration,Cost,Parameters
Wed Mar 19 09:57:35 2025,996,0.11106517218918444,[-3.13083845  2.29175165 -2.43371869 -0.01688413  0.37309312 -2.90928282
  3.12700179  2.20876359  1.37382845 -1.09316561  1.77354767  0.91309884
  1.36542927 -1.84835159  0.67848099  2.93874224 -0.5431378  -0.4598103
 -1.89309139  0.8005627 ]
Wed Mar 19 09:58:41 2025,997,0.11329156553614356,[-3.13205986  2.29053024 -2.43494009 -0.01566272  0.37187171 -2.90806141
  3.12578038  2.20754218  1.37504985 -1.09438702  1.77476907  0.91187743
  1.36665068 -1.84713018  0.67725958  2.93996364 -0.54191639 -0.4585889
 -1.89186998  0.80178411]
Wed Mar 19 09:59:47 2025,998,0.10988295318593601,[-3.13194748  2.29064261 -2.43482772 -0.0157751   0.37198408 -2.90817378
  3.12566801  2.20742981  1.37493748 -1.09449939  1.77488144  0.91176506
  1.3665383  -1.84701781  0.67714721  2.94007602 -0.54180402 -0.45847653
 -1.89175761  0.80189648]
Wed Mar 19 10:00:53 2025,999,0.1069639678398464,[-3.13271122  2.28987888 -2.43406398 -0.01501136  0.37122034 -2.90893752
  3.12490427  2.20666607  1.37417374 -1.09373565  1.77564518  0.9125288
  1.36730204 -1.84625407  0.67638347  2.94083976 -0.54104028 -0.45771279
 -1.89099387  0.80266022]
