{"MSE_train": [95.95688294139968], "R2_train": 0.5351211068063183, "MAE_train": 8.69881083238518, "MSE_test": 189.42458465923042, "R2_test": -0.14181614631250583, "MAE_test": 10.652328000780795}