{"MSE_train": [86.52435324931345], "R2_train": 0.5808185474573602, "MAE_train": 6.117816658813635, "MSE_test": 68.7891723737583, "R2_test": 0.5853516699053034, "MAE_test": 5.358827237008425}