{"MSE_train": [697.8503554490857], "R2_train": 0.06981970776006452, "MAE_train": 19.79675104382429, "MSE_test": 710.9602970340422, "R2_test": 0.08052974469880192, "MAE_test": 19.95117473588668}