{"MSE_train": [2.0945804671960566], "R2_train": 0.712398334294173, "MAE_train": 1.2128708601263671, "MSE_test": 3.1393622132782824, "R2_test": 0.6870349144464734, "MAE_test": 1.5231960710428187, "hyperparameters": {"alpha": 0.001, "beta": 0.001}}