{"MSE_train": [2281.6598905872233], "R2_train": -2.0412753210575776, "MAE_train": 40.42712947630696, "MSE_test": 2326.8533983937155, "R2_test": -2.00927139981642, "MAE_test": 41.392304270347985}