{"MSE_train": [0.09860536225127212], "R2_train": 0.8036535102981244, "MAE_train": 0.25737233019362576, "MSE_test": 0.13775279780166114, "R2_test": 0.7430958602834787, "MAE_test": 0.3198204732823003}