{"MSE_train": [0.13004529298708284], "R2_train": 0.7410492066831158, "MAE_train": 0.29881695021293375, "MSE_test": 0.1725971463124093, "R2_test": 0.6781123715921991, "MAE_test": 0.3602222730077379}