{"MSE_train": [1502.8473870772186], "R2_train": -1.0031787772092082, "MAE_train": 32.03408578053356, "MSE_test": 1516.3557135559706, "R2_test": -0.961071498489007, "MAE_test": 32.434039824192666}