{"MSE_train": [1189.6979349865073], "R2_train": -0.5857748931443165, "MAE_train": 27.46850623132245, "MSE_test": 1199.836243479164, "R2_test": -0.5517234108764775, "MAE_test": 27.40227068146987}