{"MSE_train": [746.5084401522295], "R2_train": 0.004962262183671129, "MAE_train": 19.951176696623637, "MSE_test": 775.5197985442499, "R2_test": -0.002963724041079585, "MAE_test": 20.646844569850696}