{"MSE_train": [760.0901398011953], "R2_train": -0.013141087982941668, "MAE_train": 20.040415846146534, "MSE_test": 774.6012104475842, "R2_test": -0.0017757330445622443, "MAE_test": 20.45243869865373}