{"MSE_train": [5.757567989218967], "R2_train": 0.9721065154237029, "MAE_train": 1.4379940631910242, "MSE_test": 1.4560119440899917, "R2_test": 0.9912234309502296, "MAE_test": 1.008973879376823, "BATCH_SIZE": 32, "NUM_CORES": 16, "TOLERANCE": 1e-06, "MAX_ITER": 500, "NUM_QUBITS": 5}