{"MSE_train": [254.1364825584438], "R2_train": -0.2312059657466552, "MAE_train": 14.631974224439631, "MSE_test": 265.25714294961, "R2_test": -0.5989206960091937, "MAE_test": 15.122514758057468, "MAX_ITER": 1000}