{"MSE_train": [917.3477917722827], "R2_train": -0.22275331720262637, "MAE_train": 23.43928124110512, "MSE_test": 962.527088126803, "R2_test": -0.24481638587463062, "MAE_test": 24.160209061543046}