{"MSE_train": [7.1196106891048885], "R2_train": 0.9655078756659672, "MAE_train": 2.26744694763219, "MSE_test": 9.350915722740842, "R2_test": 0.9436344201348487, "MAE_test": 2.788589262184716}