{"MSE_train": [105.42329291997582], "R2_train": 0.4892595275379963, "MAE_train": 9.007122294206841, "MSE_test": 248.86832512398382, "R2_test": -0.5001319519507688, "MAE_test": 11.375363778275219, "hyperparameters": {"alpha": 0.001, "beta": 0.001}}