{"MSE_train": [764.1384870068869], "R2_train": -0.018537220201654492, "MAE_train": 20.206348063042874, "MSE_test": 781.3049628661541, "R2_test": -0.010445557468644395, "MAE_test": 20.632000300203476}