{"MSE_train": [2538.3273284187403], "R2_train": -2.3833930694636174, "MAE_train": 40.619983992487576, "MSE_test": 2638.0119546493643, "R2_test": -2.4116863284039645, "MAE_test": 41.150329709109954}