{"MSE_train": [205.9990105339206], "R2_train": 0.0020039305102743654, "MAE_train": 12.461906276603795, "MSE_test": 203.35328958026008, "R2_test": -0.22577578758433448, "MAE_test": 12.206233862302794, "hyperparameters": {"alpha": 0.001, "beta": 0.001}}