{"MSE_train": [215.8157727990841], "R2_train": -0.045554988002759034, "MAE_train": 13.442845307540011, "MSE_test": 175.0111416132161, "R2_test": -0.05493459382816779, "MAE_test": 11.413036033523664}