{"MSE_train": [215.87077794984333], "R2_train": -0.04582146949758337, "MAE_train": 13.510070407393718, "MSE_test": 176.0207029279499, "R2_test": -0.061020041564158856, "MAE_test": 11.578987996175206}