{"MSE_train": [0.10642027408304702], "R2_train": 0.78809218107154, "MAE_train": 0.26660869080677563, "MSE_test": 0.1309576432357336, "R2_test": 0.7557685853813305, "MAE_test": 0.32346047242277887}