{"MSE_train": [107.5069201333607], "R2_train": 0.4791650529876075, "MAE_train": 7.544487719716335, "MSE_test": 123.7370781610828, "R2_test": 0.2541359190728876, "MAE_test": 8.44379025164063, "hyperparameters": {"alpha": 0.001, "beta": 0.001}}