{"MSE_train": [107.50642420949825], "R2_train": 0.479167455572281, "MAE_train": 7.54448756340427, "MSE_test": 123.74139797298429, "R2_test": 0.2541098800506191, "MAE_test": 8.443893408424675, "hyperparameters": {"alpha": 0.001, "beta": 0.001}}