{"MSE_train": [760.4466386945119], "R2_train": -0.01361627330337467, "MAE_train": 20.118269927693987, "MSE_test": 773.8075576172664, "R2_test": -0.0007493182453712777, "MAE_test": 20.49375859059564}