{"MSE_train": [1213.6821362517246], "R2_train": -0.6177439695628053, "MAE_train": 27.749091396797738, "MSE_test": 1200.501477382104, "R2_test": -0.5525837441315449, "MAE_test": 27.59358025519739}