{"MSE_train": [0.0005373310606299573], "R2_train": -0.3781874690129581, "MAE_train": 0.016159444684203574, "MSE_test": 0.0005322865852236781, "R2_test": -0.3700204100016442, "MAE_test": 0.01609993301929164}