{"MSE_train": [1091.898401068818], "R2_train": -0.4554157146612112, "MAE_train": 24.99762943296836, "MSE_test": 1146.0969615023623, "R2_test": -0.4822235083853723, "MAE_test": 25.730033568156284}