{"MSE_train": [865.9211566341355], "R2_train": -0.15420560904686487, "MAE_train": 22.04522961178685, "MSE_test": 860.7867500928688, "R2_test": -0.11323770985467774, "MAE_test": 22.168434630709854}