{"MSE_train": [0.07018912868481911], "R2_train": 0.8602369210167405, "MAE_train": 0.22051649180264382, "MSE_test": 0.07141909649071906, "R2_test": 0.8668058882571883, "MAE_test": 0.23797581884548685}