{"MSE_train": [913.8281554542623], "R2_train": -0.2180619155098269, "MAE_train": 23.481027989715457, "MSE_test": 951.7878512177266, "R2_test": -0.23092755277984, "MAE_test": 24.111944292288143}