{"MSE_train": [1390.570527061881], "R2_train": -0.8535224481046102, "MAE_train": 29.41360493751343, "MSE_test": 1387.2800812452622, "R2_test": -0.7941406514515557, "MAE_test": 29.325958513078547}