{"MSE_train": [0.495996990413586], "R2_train": 0.012353225555478575, "MAE_train": 0.6146132890334467, "MSE_test": 0.5647456543295057, "R2_test": -0.05323085120247173, "MAE_test": 0.6749381669617386}