{"MSE_train": [3.1615445350870823], "R2_train": 0.5658961358923575, "MAE_train": 1.226921863086239, "MSE_test": 12.750257118156748, "R2_test": -0.2710815250739811, "MAE_test": 2.311143851466075, "hyperparameters": {"alpha": 0.001, "beta": 0.001}}