{"MSE_train": [0.0005433213562734369], "R2_train": -0.3935518337341182, "MAE_train": 0.019811498279943364, "MSE_test": 0.0005399706373028369, "R2_test": -0.3897979292407199, "MAE_test": 0.019802182258127042}