{"MSE_train": [743.7476612266626], "R2_train": 0.008642165944902414, "MAE_train": 20.455919064289994, "MSE_test": 764.024747303092, "R2_test": 0.011902588105323852, "MAE_test": 20.87375668810362}