Time,Iteration,Cost,Parameters
Fri Apr  5 02:57:32 2024,0,0.2577575781921281,[-1.57609709  2.23743475 -2.12427952 -0.11653097  0.55388714 -2.77010897
  3.06858498  2.18960157  1.1855201  -1.06648308]
Fri Apr  5 02:58:35 2024,1,0.24695687441257475,[-1.45241721  2.23743476 -2.12427951 -0.11653096  0.55388714 -2.77010897
  3.06858498  2.18960158  1.18552011 -1.06648308]
Fri Apr  5 02:58:52 2024,2,0.24673475642635956,[-1.43168672  2.23743476 -2.12427951 -0.11653096  0.55388715 -2.77010897
  3.06858498  2.18960158  1.18552011 -1.06648308]
Fri Apr  5 02:59:08 2024,3,0.24673468751895428,[-1.43204564  2.23743476 -2.12427951 -0.11653096  0.55388715 -2.77010898
  3.06858498  2.18960158  1.18552011 -1.06648308]
