{"MSE_train": [766.0555202616756], "R2_train": -0.021092476553176143, "MAE_train": 20.298483724684733, "MSE_test": 801.1169422061312, "R2_test": -0.03606798079909734, "MAE_test": 21.106666545442156}