Time,Iteration,Cost,Parameters
Fri Apr  5 03:03:56 2024,0,0.27856346635843476,[-2.82973689  2.23743448 -2.12427964 -0.11653103  0.55388692 -2.77010905
  3.06858483  2.18960153  1.18551998 -1.06648308  0.60271502  1.14432445
  1.31029899 -1.87354688  0.7296508   2.88578427]
Fri Apr  5 03:04:21 2024,1,0.2784017835079162,[-2.68817187  2.2374342  -2.12427966 -0.11653103  0.55388664 -2.77010921
  3.06858453  2.18960165  1.18551998 -1.06648308  0.60271488  1.14432445
  1.31029899 -1.87354704  0.7296508   2.88578441]
Fri Apr  5 03:04:45 2024,2,0.2784017677843638,[-2.6895595   2.23743419 -2.12427966 -0.11653103  0.55388664 -2.77010921
  3.06858453  2.18960164  1.18551998 -1.06648309  0.60271488  1.14432445
  1.31029898 -1.87354705  0.7296508   2.88578441]
