{"MSE_train": [0.0007461062656990552], "R2_train": -0.9136699537394324, "MAE_train": 0.022293078672234175, "MSE_test": 0.0007339295545631169, "R2_test": -0.889017114403426, "MAE_test": 0.022115976231286295}