{"MSE_train": [0.20202966553838922], "R2_train": 0.5977113745292797, "MAE_train": 0.3866769871512122, "MSE_test": 0.21867930164571833, "R2_test": 0.5921707670577312, "MAE_test": 0.41533097461685886, "hyperparameters": {"alpha": 0.001, "beta": 0.001}}