{"MSE_train": [0.1299905915995451], "R2_train": 0.7411581300233849, "MAE_train": 0.29797524340506226, "MSE_test": 0.17541620959886337, "R2_test": 0.6728549173700664, "MAE_test": 0.36241823368989895}