Time,Iteration,Cost,Parameters
Mon Apr  1 22:26:43 2024,0,0.32566694810617225,[-2.44927934  2.2374346  -2.1242796  -0.11653103  0.55388706 -2.77010901
  3.06858496  2.18960145  1.18551998 -1.0664831   0.60271508  1.14432445
  1.31029895 -1.87354676]
Mon Apr  1 22:27:23 2024,1,0.32445735654378677,[-2.38271774  2.23743459 -2.12427959 -0.11653103  0.55388706 -2.77010902
  3.06858496  2.18960145  1.18551998 -1.06648311  0.60271508  1.14432445
  1.31029894 -1.87354676]
Mon Apr  1 22:27:42 2024,2,0.32445215637635794,[-2.3777147   2.23743459 -2.1242796  -0.11653103  0.55388706 -2.77010902
  3.06858496  2.18960144  1.18551998 -1.06648311  0.60271507  1.14432444
  1.31029894 -1.87354676]
Mon Apr  1 22:28:01 2024,3,0.32445210145382,[-2.37818053  2.2374346  -2.1242796  -0.11653103  0.55388706 -2.77010902
  3.06858496  2.18960146  1.18551999 -1.0664831   0.60271508  1.14432445
  1.31029894 -1.87354676]
