{"MSE_train": [0.1371714287177503], "R2_train": 0.9811653302394802, "MAE_train": 0.3042795025699066, "MSE_test": 15.946279456682982, "R2_test": -0.5896950958104843, "MAE_test": 2.1051750487542895}