{"MSE_train": [2530.6231079696427], "R2_train": -2.3731239423178545, "MAE_train": 42.9049342630227, "MSE_test": 2679.951726721568, "R2_test": -2.4659261686529574, "MAE_test": 44.7867993764218}