{"MSE_train": [138.55034071508078], "R2_train": 0.32877009893528397, "MAE_train": 10.90998099655948, "MSE_test": 127.74699642456656, "R2_test": 0.22996487798613585, "MAE_test": 9.746227603809942, "hyperparameters": {"alpha": 0.001, "beta": 0.001}}