{"MSE_train": [149.3261673368832], "R2_train": 0.27656483549160005, "MAE_train": 10.659776152134427, "MSE_test": 152.9774006211684, "R2_test": 0.07788069661392127, "MAE_test": 10.807596130858311, "hyperparameters": {"alpha": 0.001, "beta": 0.001}}