Time,Iteration,Cost,Parameters
Tue Mar 19 05:21:54 2024,0,0.2353416871278815,[-2.86206822  2.23743464 -2.12427965 -0.11653103  0.55388709]
Tue Mar 19 05:21:55 2024,1,0.23523509130517203,[-2.81320987  2.23743464 -2.12427965 -0.11653102  0.5538871 ]
Tue Mar 19 05:21:55 2024,2,0.23523501068324792,[-2.81452938  2.23743464 -2.12427965 -0.11653102  0.5538871 ]
