Time,Iteration,Cost,Parameters
Thu Apr  4 12:44:30 2024,0,0.2353416871278815,[-2.86206822  2.23743464 -2.12427965 -0.11653103  0.55388709]
Thu Apr  4 12:44:32 2024,1,0.23523509130517203,[-2.81320987  2.23743464 -2.12427965 -0.11653102  0.5538871 ]
Thu Apr  4 12:44:34 2024,2,0.23523501068324792,[-2.81452938  2.23743464 -2.12427965 -0.11653102  0.5538871 ]
