{"MSE_train": [756.7215850625095], "R2_train": -5.741925901012685, "MAE_train": 25.372339060647786, "MSE_test": 492.6830417755465, "R2_test": -1.96980169245558, "MAE_test": 18.014091328641697}