Time,Iteration,Cost,Parameters
Thu Apr  4 14:09:26 2024,0,0.006582741627591184,[-1.63734407  2.23743464 -2.12427961 -0.11653101  0.55388708 -2.77010897
  3.06858498  2.18960148  1.18552001 -1.0664831 ]
Thu Apr  4 14:09:47 2024,1,0.004013914556869639,[-1.57864739  2.23743464 -2.12427961 -0.11653101  0.55388708 -2.77010897
  3.06858498  2.18960148  1.18552001 -1.0664831 ]
Thu Apr  4 14:09:57 2024,2,0.004013911466276605,[-1.57858281  2.23743464 -2.12427961 -0.11653101  0.55388708 -2.77010897
  3.06858498  2.18960148  1.18552001 -1.0664831 ]
