{"MSE_train": [712.4936920318021], "R2_train": 0.050301278063036636, "MAE_train": 19.991042799659564, "MSE_test": 754.460464725683, "R2_test": 0.024271877051429414, "MAE_test": 20.613480334349052}