Time,Iteration,Cost,Parameters
Mon Nov  4 16:18:10 2024,535,0.11725060694274854,[-1.56463308  2.20507623 -2.15221611 -0.17872411  0.52259193 -2.73351407
  3.1239975   2.27210102  1.14260578 -1.01022875  0.55273038  1.08379948
  1.28516256 -1.95230596  0.67438709  2.8557501 ]
