{"MSE_train": [5.823972437967793], "R2_train": 0.9717848081559048, "MAE_train": 1.4481263055073252, "MSE_test": 58.534382297704056, "R2_test": 0.6471656361702858, "MAE_test": 3.3317868594687368}