{"MSE_train": [1165.3362508970488], "R2_train": -0.5533026614561825, "MAE_train": 26.392813132731764, "MSE_test": 1188.4559337719847, "R2_test": -0.5370054915840505, "MAE_test": 27.048124685237386}