Time,Iteration,Cost,Parameters
Tue Mar 18 15:01:35 2025,997,0.11802993943607983,[-2.39748798  1.88696847 -1.96251162 -0.02024703  0.37927632 -2.72617688
  2.90819846  2.05548024  0.96434006 -1.05227308  1.99293721  0.91355683
  1.39401242 -1.99340118  0.8738561   2.84924621 -0.49678011 -0.60852704
 -1.85189465  0.5869335 ]
Tue Mar 18 15:02:32 2025,998,0.12680397957215023,[-2.39538121  1.88907524 -1.96040485 -0.01814026  0.38138309 -2.72828365
  2.90609169  2.05758701  0.96644683 -1.05437985  1.99083044  0.9156636
  1.39611919 -1.99550795  0.87596287  2.84713944 -0.49888688 -0.61063381
 -1.85400142  0.58482673]
Tue Mar 18 15:03:28 2025,999,0.12417715903888008,[-2.39590663  1.88960066 -1.96093027 -0.01761484  0.38190851 -2.72775823
  2.90556627  2.05811243  0.96592141 -1.05490527  1.99135586  0.91513818
  1.39664461 -1.99603337  0.87648829  2.84766486 -0.4994123  -0.61010839
 -1.85452684  0.58430131]
