{"MSE_train": [168.76421830571286], "R2_train": 0.1823940022669489, "MAE_train": 12.035452478561542, "MSE_test": 154.72742723255783, "R2_test": 0.06733186186284756, "MAE_test": 10.77975841542435}