{"MSE_train": [40.59422065947143], "R2_train": 0.8033346249715112, "MAE_train": 4.588627757925667, "MSE_test": 17.83709060681654, "R2_test": 0.892481337125583, "MAE_test": 3.7066267833867244, "BATCH_SIZE": 32, "NUM_CORES": 16, "TOLERANCE": 1e-06, "MAX_ITER": 500, "NUM_QUBITS": 5}