{"MSE_train": [1011.138744058849], "R2_train": -0.34776936788764345, "MAE_train": 24.835320343227295, "MSE_test": 1069.1863647535647, "R2_test": -0.3827566234932074, "MAE_test": 25.77115590292752}