{"MSE_train": [858.8572904783383], "R2_train": -0.1447900244106506, "MAE_train": 22.25421823834552, "MSE_test": 882.9485181748047, "R2_test": -0.1418990663906643, "MAE_test": 22.97809822381427}