Time,Iteration,Cost,Parameters
Mon Nov  4 16:39:56 2024,190,0.18410196714138202,[-3.65206841  1.65814659 -1.11138884  0.03719452  0.35166451 -2.74709461
  3.23087673  2.18649863  1.11854528 -1.09943396  0.52715022  1.313465
  0.94971616 -2.10278623  0.65084159  2.79348144 -0.64057071 -0.51862683
 -1.93335609  0.9269072   1.68361145  2.78066082 -0.97654061 -0.50533067
 -2.38323687 -1.93086903  3.03949941  2.6296701  -0.50802817 -2.58766285
  1.27559489 -0.57464878 -2.1245709   2.19788483  1.11245724 -0.64721726
  0.74345789 -1.86343557 -0.34352425  2.39073645 -0.33698099  0.54381915
  2.51149015  1.15633001  2.51965182  2.74835221  2.90860419 -2.84234371]
