{"MSE_train": [0.5057323256892821], "R2_train": -0.00703211884985655, "MAE_train": 0.6218131674582489, "MSE_test": 0.5738556184689649, "R2_test": -0.07022061502175792, "MAE_test": 0.6804672491946591}