{"MSE_train": [0.12264350649803095], "R2_train": 0.7557879060952704, "MAE_train": 0.2924270688292356, "MSE_test": 0.15837752474175154, "R2_test": 0.7046314674291059, "MAE_test": 0.3454829549916105}