{"MSE_train": [1243.4533330276581], "R2_train": -0.6574266612762021, "MAE_train": 27.303060707035126, "MSE_test": 1299.9656908902891, "R2_test": -0.6812187553540139, "MAE_test": 28.50959771459969}