{"MSE_train": [946.1678477928004], "R2_train": -0.26116821220441366, "MAE_train": 22.796880268319992, "MSE_test": 937.0761117175434, "R2_test": -0.2119011642028834, "MAE_test": 22.81651330386292}