Time,Iteration,Cost,Parameters
Mon Apr  1 23:43:10 2024,0,0.1975416204408943,[-2.81429673  2.23743464 -2.12427962 -0.11653102  0.55388708 -2.77010898
  3.06858498  2.18960144  1.18551999 -1.06648309  0.60271511  1.14432446
  1.31029899 -1.87354677]
Mon Apr  1 23:43:55 2024,1,0.19650668529886448,[-2.71202351  2.23743466 -2.1242796  -0.116531    0.55388708 -2.77010899
  3.06858498  2.18960144  1.18552001 -1.0664831   0.60271513  1.14432447
  1.310299   -1.87354674]
Mon Apr  1 23:44:19 2024,2,0.1964628999256373,[-2.67012512  2.23743467 -2.12427959 -0.11653099  0.55388708 -2.77010899
  3.06858498  2.18960144  1.18552001 -1.06648311  0.60271513  1.14432447
  1.31029901 -1.87354674]
Mon Apr  1 23:44:42 2024,3,0.19644613554720286,[-2.68529131  2.23743467 -2.12427959 -0.116531    0.55388708 -2.77010898
  3.06858499  2.18960144  1.18552001 -1.0664831   0.60271513  1.14432447
  1.31029901 -1.87354674]
Mon Apr  1 23:45:04 2024,4,0.1964460456424365,[-2.68428299  2.23743466 -2.12427959 -0.116531    0.55388708 -2.77010899
  3.06858499  2.18960144  1.18552    -1.0664831   0.60271513  1.14432447
  1.310299   -1.87354674]
