{"MSE_train": [1827.881057764469], "R2_train": -1.4364234011130272, "MAE_train": 35.63445638521411, "MSE_test": 2006.5136675451467, "R2_test": -1.594982647919565, "MAE_test": 37.99323092120984}