{"MSE_train": [1762.8489030749822], "R2_train": -1.3497405927118886, "MAE_train": 35.46476830303876, "MSE_test": 1828.6841904018333, "R2_test": -1.3649994611914718, "MAE_test": 36.5067286579182}