{"MSE_train": [0.31115617665407663], "R2_train": 0.3804148005724053, "MAE_train": 0.4491777825383963, "MSE_test": 0.2909222991620531, "R2_test": 0.4574401087795663, "MAE_test": 0.4636844792514285}