{"MSE_train": [761.0290819256176], "R2_train": -0.0143926248674211, "MAE_train": 20.16425762960204, "MSE_test": 774.6144550513898, "R2_test": -0.0017928620168736753, "MAE_test": 20.543285829408845}