{"MSE_train": [2091.726564046764], "R2_train": -1.7881089569395652, "MAE_train": 37.23209362290101, "MSE_test": 2015.2383630276665, "R2_test": -1.6062661162316547, "MAE_test": 36.21584276872603, "BATCH_SIZE": 25, "NUM_CORES": 16, "TOLERANCE": 1e-06, "MAX_ITER": 1000}