{"MSE_train": [2018.785329405409], "R2_train": -1.690883959595579, "MAE_train": 37.423243788542344, "MSE_test": 2028.1793812241672, "R2_test": -1.6230024675506147, "MAE_test": 38.14067201536663}