{"MSE_train": [1389.6517477565878], "R2_train": -0.8522977866911303, "MAE_train": 30.03653185880666, "MSE_test": 1375.4115800065247, "R2_test": -0.7787913641431785, "MAE_test": 29.998138977732125}