{"MSE_train": [18.39224357744852], "R2_train": 0.9108957525969825, "MAE_train": 3.2016748678745914, "MSE_test": 18.258957562085754, "R2_test": 0.889938401624425, "MAE_test": 2.9350070186071413, "BATCH_SIZE": 32, "NUM_CORES": 16, "TOLERANCE": 1e-06, "MAX_ITER": 500, "NUM_QUBITS": 5}