{"MSE_train": [21.235793692087533], "R2_train": 0.8971197066322398, "MAE_train": 3.6598293284075907, "MSE_test": 20.379984149339954, "R2_test": 0.8771532480582088, "MAE_test": 3.400361624427344}