{"MSE_train": [33.52920535641187], "R2_train": 0.837562252983235, "MAE_train": 3.063171801210813, "MSE_test": 62.66469699494429, "R2_test": 0.6222688677854175, "MAE_test": 4.145240879638314, "BATCH_SIZE": 32, "NUM_CORES": 16, "TOLERANCE": 1e-06, "MAX_ITER": 500, "NUM_QUBITS": 5}