{"MSE_train": [33.529542675792776], "R2_train": 0.8375606187840443, "MAE_train": 3.064277996947031, "MSE_test": 62.77474756127366, "R2_test": 0.6216055034508894, "MAE_test": 4.143988301948005}