{"MSE_train": [797.650959372283], "R2_train": -0.06320674153257988, "MAE_train": 20.846174265538806, "MSE_test": 822.8372933903482, "R2_test": -0.0641584619861606, "MAE_test": 21.459045031569712}