{"MSE_train": [1.4738101602061717], "R2_train": 0.797634770471775, "MAE_train": 0.7613713375014718, "MSE_test": 3.1392199544020616, "R2_test": 0.6870490963274869, "MAE_test": 1.2741616771120323, "BATCH_SIZE": 32, "NUM_CORES": 16, "TOLERANCE": 1e-06, "MAX_ITER": 1000, "NUM_QUBITS": 5}