{"MSE_train": [0.0005054994035993307], "R2_train": -0.2965432201469138, "MAE_train": 0.01523348380234581, "MSE_test": 0.0005001249868456519, "R2_test": -0.28724160734281745, "MAE_test": 0.015250794220563451}