{"MSE_train": [1269.5231923505428], "R2_train": -0.692175757804224, "MAE_train": 27.87324631707212, "MSE_test": 1216.850030153893, "R2_test": -0.5737269894767378, "MAE_test": 27.722385341347163}