{"MSE_train": [122.06712672789406], "R2_train": 0.4086257386742024, "MAE_train": 7.88777096881, "MSE_test": 167.72125541540487, "R2_test": -0.010992516402390962, "MAE_test": 8.761661042897135}