{"MSE_train": [1379.8549024115762], "R2_train": -0.8392393531818603, "MAE_train": 29.542991884348606, "MSE_test": 1497.5529073354796, "R2_test": -0.9367542178925266, "MAE_test": 31.175716878710958}