{"MSE_train": [875.321734668653], "R2_train": -0.1667358490261004, "MAE_train": 21.98899273496722, "MSE_test": 923.9580861963103, "R2_test": -0.19493589296991298, "MAE_test": 22.592877646326187}