{"MSE_train": [933.2428990286139], "R2_train": -0.24394025992957324, "MAE_train": 22.810427419911566, "MSE_test": 993.2931604603318, "R2_test": -0.2846055112324568, "MAE_test": 23.492852631286635}