{"MSE_train": [0.08283751058424467], "R2_train": 0.835051015000469, "MAE_train": 0.24190143770325462, "MSE_test": 0.09423842768231616, "R2_test": 0.8242486353938063, "MAE_test": 0.27407344698414565}