Time,Iteration,Cost,Parameters
Mon Apr  1 16:29:10 2024,0,0.32717157437110106,[-2.80343323  2.23743465 -2.12427962 -0.11653101  0.5538871 ]
Mon Apr  1 16:29:12 2024,1,0.32457068367515024,[-2.58075244  2.23743468 -2.12427959 -0.11653098  0.55388712]
Mon Apr  1 16:29:14 2024,2,0.3242832590311412,[-2.45253104  2.23743469 -2.12427958 -0.11653097  0.55388714]
Mon Apr  1 16:29:16 2024,3,0.3242589977162025,[-2.4816142   2.23743469 -2.12427958 -0.11653097  0.55388713]
Mon Apr  1 16:29:18 2024,4,0.3242589165073876,[-2.48004098  2.23743469 -2.12427958 -0.11653096  0.55388713]
