{"MSE_train": [322.7315077379052], "R2_train": -0.5635258411587694, "MAE_train": 16.553766460279537, "MSE_test": 301.15156108794497, "R2_test": -0.8152855689562502, "MAE_test": 16.30447737035846, "hyperparameters": {"alpha": 0.001, "beta": 0.001}}