Time,Iteration,Cost,Parameters
Thu Apr  4 20:43:11 2024,0,0.508676380228498,[-1.61121049  2.23743464 -2.1242793  -0.11653103  0.55388708 -2.77010914
  3.06858465  2.18960145  1.18551998 -1.06648308  0.60271527  1.14432445
  1.31029899 -1.8735468 ]
Thu Apr  4 20:43:54 2024,1,0.5085280298559686,[-1.59252005  2.23743464 -2.12427929 -0.11653103  0.55388708 -2.77010914
  3.06858464  2.18960145  1.18551998 -1.06648308  0.60271527  1.14432445
  1.31029899 -1.8735468 ]
Thu Apr  4 20:44:16 2024,2,0.5085274558969803,[-1.59128209  2.23743464 -2.12427929 -0.11653103  0.55388708 -2.77010915
  3.06858463  2.18960144  1.18551998 -1.06648308  0.60271527  1.14432445
  1.31029899 -1.8735468 ]
