{"MSE_train": [1003.2095903420317], "R2_train": -0.33720042217609736, "MAE_train": 24.83752090024422, "MSE_test": 1040.1114813847312, "R2_test": -0.3451546778634449, "MAE_test": 25.47892167558554}