{"MSE_train": [90.58042160461207], "R2_train": 0.5611682575570447, "MAE_train": 8.413096585237101, "MSE_test": 139.60000431572922, "R2_test": 0.15851715214396866, "MAE_test": 9.467649466204854, "hyperparameters": {"alpha": 0.001, "beta": 0.001}}