{"MSE_train": [0.5267343073779364], "R2_train": -0.048852008632748634, "MAE_train": 0.6224631065019066, "MSE_test": 0.6575835519324055, "R2_test": -0.2263702762986044, "MAE_test": 0.7462030197203395}