{"MSE_train": [2.4341764362799325], "R2_train": 0.988207232114584, "MAE_train": 1.270423405613902, "MSE_test": 1.7376301349661663, "R2_test": 0.9895258889019458, "MAE_test": 1.1298404622530254}