{"MSE_train": [1061.9521159158364], "R2_train": -0.4154996437477345, "MAE_train": 25.163438002705533, "MSE_test": 1142.3857688500827, "R2_test": -0.47742389964533594, "MAE_test": 26.623335388969704}