{"MSE_train": [0.5026609747465958], "R2_train": -0.0009163360722197478, "MAE_train": 0.6195335245110244, "MSE_test": 0.5697918677026805, "R2_test": -0.06264186227556823, "MAE_test": 0.6784042712307718}