{"MSE_train": [0.58893831767132], "R2_train": -0.1727148370594822, "MAE_train": 0.6434943898286931, "MSE_test": 0.6655003884468733, "R2_test": -0.24113489891595496, "MAE_test": 0.7346725652574715, "hyperparameters": {"alpha": 0.001, "beta": 0.001}}