{"MSE_train": [3.4983194175316115], "R2_train": 0.5196544093624669, "MAE_train": 1.5099975117545448, "MSE_test": 5.339216784333445, "R2_test": 0.46772996418504686, "MAE_test": 1.788700504611559}