{"MSE_train": [823.4154588756792], "R2_train": -0.09754881715144559, "MAE_train": 22.10907956722767, "MSE_test": 856.0646428814761, "R2_test": -0.10713070621279797, "MAE_test": 22.858432870465254}