{"MSE_train": [820.3669661351898], "R2_train": -0.0934854132338323, "MAE_train": 21.482158569065287, "MSE_test": 844.8534758211562, "R2_test": -0.09263153560906567, "MAE_test": 21.993366688742157}