{"MSE_train": [1261.3811932400743], "R2_train": -0.6813231057236513, "MAE_train": 28.060376179416114, "MSE_test": 1304.6598716875908, "R2_test": -0.68728964234184, "MAE_test": 28.41014650915067}