{"MSE_train": [0.20059228947297497], "R2_train": 0.6005735286594617, "MAE_train": 0.38030487111169353, "MSE_test": 0.21668931860873183, "R2_test": 0.5958820156735567, "MAE_test": 0.401301627551759}