{"MSE_train": [672.7735742272981], "R2_train": 0.10324510835373246, "MAE_train": 19.06388923751375, "MSE_test": 673.262801008002, "R2_test": 0.12928313703291627, "MAE_test": 18.90089506676188}