{"MSE_train": [783.4770889815454], "R2_train": -0.04431407378615071, "MAE_train": 20.38699402712423, "MSE_test": 781.901532601111, "R2_test": -0.011217088774673867, "MAE_test": 20.25851370659175}