Time,Iteration,Cost,Parameters
Mon Nov  4 15:57:04 2024,251,0.10869242615404648,[-2.89209756  2.25030643 -2.18842366 -0.11581884  0.59323438 -2.84929364
  3.2004969   2.20598839  1.09406381 -1.05714487  0.60194603  1.13383849
  1.13048423 -1.81936975  0.84099532  2.86026181 -0.61308707 -0.37583241
 -2.03589662  0.71324172  1.64921818  2.73638236 -1.21168545 -0.26035963
 -2.44484578 -2.16009954  3.15483624  2.55804752 -0.788592   -2.61923299
  1.50554004 -0.01903468 -2.36923607  1.99254431  1.07144828 -0.50712813
  0.94595681 -1.93052719 -0.28692242  2.29440803 -0.24216576  0.54998586
  2.77929654  1.11693272  2.62068707]
