{"MSE_train": [0.06390429251028999], "R2_train": 0.8727515094026701, "MAE_train": 0.21203157189852034, "MSE_test": 0.06719206012372976, "R2_test": 0.874689162925594, "MAE_test": 0.2317847786495367}