{"MSE_train": [8.26048050881588e-05], "R2_train": 0.7881289290827733, "MAE_train": 0.006349790557205749, "MSE_test": 8.172938397645754e-05, "R2_test": 0.7896416568575448, "MAE_test": 0.006359972999040486}