Time,Iteration,Cost,Parameters
Thu Nov 14 14:30:33 2024,905,0.019398515782062975,[-2.6358481   2.10659188 -2.10769     0.07212918  0.47552782 -2.87615208
  3.39248588  2.19377647  1.0257883  -1.0815889   1.15207253  1.3461823
  1.33975542 -2.07520048  0.74653431  2.8968709  -1.09174404 -0.52168723
 -2.00457224  0.4747461   1.59902334  2.93296428 -0.77042127 -0.17213239
 -2.03818127 -2.233495    2.59095578  2.89674664 -0.23421385 -2.88371903
  1.5138513  -0.03169781 -2.42652942  1.76368662  1.05884286 -0.96836673
  0.78936402 -1.8611162  -0.19275979  2.73712172  0.0179498   0.98146387
  2.98284025  1.1111652   2.65378448]
