Time,Iteration,Cost,Parameters
Thu Nov 21 16:14:49 2024,1420,0.01410832699151856,[-2.62965318  2.07094514 -2.10163033  0.07306274  0.44864927 -2.90422193
  3.35292555  2.22395615  1.03566095 -1.11811241  1.27562409  1.3014336
  1.37205946 -2.08214904  0.78519721  2.86208571 -1.1912134  -0.52599502
 -2.01074812  0.49290912  1.6142996   2.96528675 -0.69451416 -0.2067176
 -2.02691116 -2.28162655  2.54161379  2.8937781  -0.15054201 -2.95493724
  1.48731499 -0.04098774 -2.42072299  1.73100247  0.99856066 -0.92533117
  0.82404613 -1.87030004 -0.19002667  2.80462297  0.04783702  1.01942511
  3.008475    1.0781407   2.73168005]
