{"MSE_train": [1.0776750040490026], "R2_train": 0.8520271094340268, "MAE_train": 0.8255464644392335, "MSE_test": 1.8289065120476589, "R2_test": 0.8176751059207389, "MAE_test": 1.014495065587123}