{"MSE_train": [1.0531225813150367], "R2_train": 0.8553983419008582, "MAE_train": 0.801483171442104, "MSE_test": 1.9487949258543478, "R2_test": 0.8057233510307844, "MAE_test": 1.0278249705620932}