{"MSE_train": [0.14334541958410713], "R2_train": 0.7145655235416082, "MAE_train": 0.3195747441940441, "MSE_test": 0.17943018829095356, "R2_test": 0.6653689877977567, "MAE_test": 0.37099756030971126, "BATCH_SIZE": 32, "NUM_CORES": 16, "TOLERANCE": 1e-06, "MAX_ITER": 1000, "NUM_QUBITS": 5}