{"MSE_train": [0.1433273581227113], "R2_train": 0.7146014881632372, "MAE_train": 0.319144467268372, "MSE_test": 0.18084229140509972, "R2_test": 0.6627354649835553, "MAE_test": 0.37216919523868064}