{"MSE_train": [0.0005055671682751632], "R2_train": -0.29671702812846723, "MAE_train": 0.015270368511354849, "MSE_test": 0.0005002141160535998, "R2_test": -0.2874710116475767, "MAE_test": 0.015289544985909485}