{"MSE_train": [961.5745893899981], "R2_train": -0.28170420145976616, "MAE_train": 24.180374180467805, "MSE_test": 1001.7890583766498, "R2_test": -0.2955930803818432, "MAE_test": 24.8420091443868}