{"MSE_train": [937.7081741055933], "R2_train": -0.24989212460027832, "MAE_train": 23.839905277005872, "MSE_test": 980.9573347245085, "R2_test": -0.26865184281245313, "MAE_test": 24.52979922918124}