{"MSE_train": [936.3137253586589], "R2_train": -0.24803343278646905, "MAE_train": 23.0544265004225, "MSE_test": 954.4975633051685, "R2_test": -0.23443196740781147, "MAE_test": 23.709314396169905}