{"MSE_train": [758.8051848579299], "R2_train": -0.011428342900405175, "MAE_train": 20.125580976304978, "MSE_test": 778.3260310380905, "R2_test": -0.006592966515392762, "MAE_test": 20.59147382719916}