{"MSE_train": [2.9776923732128573], "R2_train": 0.591140421717971, "MAE_train": 1.250218693082978, "MSE_test": 14.743551509092683, "R2_test": -0.46979435500933064, "MAE_test": 2.5114959762332942}