{"MSE_train": [1438.420191357661], "R2_train": -0.9173023321022169, "MAE_train": 30.71473469699129, "MSE_test": 1419.8852537268695, "R2_test": -0.8363082470133194, "MAE_test": 30.713217545286078}