Time,Iteration,Cost,Parameters
Wed Mar 19 10:54:42 2025,999,0.12629896815754676,[-3.20492626  2.68791929 -1.65059462 -0.11529529  0.524068   -2.7358923
  3.29448377  2.37618912  1.1028798  -1.04887362  0.46386778  1.12744121
  1.55159512 -1.98954687  0.79791352]
