{"MSE_train": [57.972998623046614], "R2_train": 0.7191402783325171, "MAE_train": 5.763787574613889, "MSE_test": 86.47428886105163, "R2_test": 0.4787490787425145, "MAE_test": 7.07426829284775}