{"MSE_train": [0.0004015877289321618], "R2_train": -0.030022673684279022, "MAE_train": 0.013547198768760985, "MSE_test": 0.00039937655685117835, "R2_test": -0.027931286174290193, "MAE_test": 0.013528161521266697}