{"MSE_train": [0.2005899481955422], "R2_train": 0.6005781906940089, "MAE_train": 0.3801902762358115, "MSE_test": 0.21636854005497086, "R2_test": 0.5964802564331536, "MAE_test": 0.40089670203459227}