{"MSE_train": [2538.327328418735], "R2_train": -2.3833930694636103, "MAE_train": 40.61998399248753, "MSE_test": 2638.0119546493656, "R2_test": -2.4116863284039662, "MAE_test": 41.150329709109954}