{"MSE_train": [0.15296838888477976], "R2_train": 0.6954039262454975, "MAE_train": 0.31376156267669586, "MSE_test": 0.1274495670767889, "R2_test": 0.762311024461017, "MAE_test": 0.3096838197851861}