{"MSE_train": [748.1662435470946], "R2_train": 0.0027525390900722257, "MAE_train": 19.87725454190226, "MSE_test": 777.4496051885691, "R2_test": -0.005459503081535866, "MAE_test": 20.580801860460628}