{"MSE_train": [4.543198954116436], "R2_train": 0.3761845833566847, "MAE_train": 1.7101800513274603, "MSE_test": 12.849961226233365, "R2_test": -0.2810210932392143, "MAE_test": 2.7403920224781153}