{"MSE_train": [0.41415923092831586], "R2_train": 0.9431328198902379, "MAE_train": 0.49236762281789853, "MSE_test": 6.076575331479381, "R2_test": 0.39422220524754836, "MAE_test": 1.5097191714136642, "BATCH_SIZE": 32, "NUM_CORES": 16, "TOLERANCE": 1e-06, "MAX_ITER": 1000, "NUM_QUBITS": 5}