{"MSE_train": [3.262331820152274], "R2_train": 0.5520572829474903, "MAE_train": 1.2090538237757091, "MSE_test": 1.8155323281777132, "R2_test": 0.8190083871144038, "MAE_test": 1.1289009442854516, "hyperparameters": {"alpha": 0.001, "beta": 0.001}}