{"MSE_train": [963.3928739222212], "R2_train": -0.284127833438101, "MAE_train": 23.316453937497176, "MSE_test": 992.9143295832574, "R2_test": -0.28411557709026525, "MAE_test": 23.688731197020598, "BATCH_SIZE": 25, "NUM_CORES": 16, "TOLERANCE": 1e-06, "MAX_ITER": 1000}