{"MSE_train": [0.07061630465571263], "R2_train": 0.8593863130938549, "MAE_train": 0.21872976760371338, "MSE_test": 0.1049382158985522, "R2_test": 0.8042939053940651, "MAE_test": 0.2901540523934529, "hyperparameters": {"alpha": 0.001, "beta": 0.001}}