{"MSE_train": [0.21081046024012123], "R2_train": 0.5802267451225693, "MAE_train": 0.38471774285254867, "MSE_test": 0.22422197653747963, "R2_test": 0.5818338726532597, "MAE_test": 0.4335494100237097, "BATCH_SIZE": 32, "NUM_CORES": 16, "TOLERANCE": 1e-06, "MAX_ITER": 1000, "NUM_QUBITS": 5}