{"MSE_train": [0.325573203315752], "R2_train": 0.35170710646399694, "MAE_train": 0.4984306336478845, "MSE_test": 0.3739140670110222, "R2_test": 0.30266337057138204, "MAE_test": 0.535698588901041}