{"MSE_train": [0.0005327377104715332], "R2_train": -0.3664060960513673, "MAE_train": 0.015114923706842556, "MSE_test": 0.0005332944488121513, "R2_test": -0.3726144894412484, "MAE_test": 0.015187977838075859}