{"MSE_train": [3.44570213334939], "R2_train": 0.5268791585724991, "MAE_train": 1.3811490288187995, "MSE_test": 16.0687232985746, "R2_test": -0.6019016030083575, "MAE_test": 2.664018663587918}