{"MSE_train": [195.6832102808171], "R2_train": 0.05198052058978442, "MAE_train": 9.529481992194018, "MSE_test": 168.41213135434774, "R2_test": -0.015156987997262839, "MAE_test": 8.176492552575702}