{"MSE_train": [794.0916863380432], "R2_train": -0.05846250717732149, "MAE_train": 20.79258458067142, "MSE_test": 813.5806081686151, "R2_test": -0.05218698234154928, "MAE_test": 21.30061906423943}