Time,Iteration,Cost,Parameters
Wed Mar 19 11:01:21 2025,997,0.11657254798166958,[-1.59285144  2.1363071  -2.06882541 -0.00521608  0.57111534 -2.76404511
  3.08227708  2.13900145  1.23406775 -0.85316864  0.79796437  1.22098035
  1.30975265 -1.7526383   0.70345161  2.72714816 -0.5604673  -0.38297881
 -1.98232182  0.49387137]
Wed Mar 19 11:02:36 2025,998,0.11072560140379462,[-1.59353449  2.13562406 -2.06950846 -0.00589913  0.5704323  -2.76336206
  3.08159404  2.1383184   1.23338471 -0.85385168  0.79728133  1.22029731
  1.31043569 -1.75332135  0.70276856  2.72646512 -0.55978426 -0.38366185
 -1.98163878  0.49318833]
Wed Mar 19 11:03:21 2025,999,0.11731779713312289,[-1.59322846  2.13593009 -2.06920243 -0.0055931   0.57073833 -2.76366809
  3.08190007  2.13801237  1.23369074 -0.85354565  0.79758736  1.22060334
  1.31074172 -1.75301532  0.70307459  2.72677115 -0.55947823 -0.38396788
 -1.98194481  0.49349436]
