Time,Iteration,Cost,Parameters
Thu Apr  4 14:41:48 2024,0,0.44383582482302186,[ 0.08121584  2.23743464 -2.12427942 -0.11653103  0.55388708 -2.77010897
  3.06858498  2.18960145  1.18551998 -1.06648308  0.6027151   1.14432445
  1.31029899 -1.87354659  0.72965059  2.88578419 -0.54534335 -0.47522485
 -2.0265424   0.7289737 ]
Thu Apr  4 14:42:31 2024,1,0.22411987175659037,[ 1.14976383  2.23743463 -2.12427936 -0.11653103  0.55388708 -2.77010897
  3.06858498  2.18960145  1.18551999 -1.06648309  0.6027151   1.14432445
  1.31029899 -1.87354652  0.72965053  2.88578419 -0.54534335 -0.47522485
 -2.0265424   0.7289737 ]
Thu Apr  4 14:42:49 2024,2,0.2222304866894188,[ 1.20349138  2.23743463 -2.12427935 -0.11653103  0.55388708 -2.77010897
  3.06858498  2.18960145  1.18551999 -1.06648309  0.6027151   1.14432445
  1.31029898 -1.87354652  0.72965052  2.88578419 -0.54534335 -0.47522485
 -2.0265424   0.7289737 ]
Thu Apr  4 14:42:57 2024,3,0.22210416737034488,[ 1.22193941  2.23743463 -2.12427935 -0.11653103  0.55388707 -2.77010898
  3.06858498  2.18960145  1.18551998 -1.06648309  0.6027151   1.14432445
  1.31029899 -1.87354652  0.72965052  2.88578419 -0.54534335 -0.47522485
 -2.0265424   0.7289737 ]
Thu Apr  4 14:43:04 2024,4,0.22210395986142123,[ 1.22121707  2.23743462 -2.12427936 -0.11653103  0.55388707 -2.77010898
  3.06858498  2.18960145  1.18551998 -1.06648309  0.6027151   1.14432445
  1.31029899 -1.87354652  0.72965052  2.88578419 -0.54534335 -0.47522485
 -2.0265424   0.7289737 ]
