{"MSE_train": [775.294087574571], "R2_train": -0.03340676883071936, "MAE_train": 20.686836735122775, "MSE_test": 793.642158900403, "R2_test": -0.026400998067275472, "MAE_test": 21.095909088179557}