{"MSE_train": [2.856112325794876], "R2_train": 0.9861630943382852, "MAE_train": 1.2571393376499973, "MSE_test": 2.1139899292533757, "R2_test": 0.9872572620987615, "MAE_test": 1.2371054834223005}