{"MSE_train": [124.30580609326867], "R2_train": 0.3977800884853937, "MAE_train": 9.738312853497558, "MSE_test": 129.12745610434712, "R2_test": 0.22164372392610476, "MAE_test": 9.747728393570906}