{"MSE_train": [0.00047139077447519114], "R2_train": -0.2090588205125652, "MAE_train": 0.013836540359586964, "MSE_test": 0.0004690549010360588, "R2_test": -0.20727218319932228, "MAE_test": 0.01387369856714421}