{"MSE_train": [154.03307722078665], "R2_train": 0.25376143681797136, "MAE_train": 10.7385031562964, "MSE_test": 250.10866619634788, "R2_test": -0.5076084971199593, "MAE_test": 12.54997680437385}