{"MSE_train": [169.6991861307209], "R2_train": 0.17786439694487033, "MAE_train": 11.333716543476564, "MSE_test": 167.12214443067978, "R2_test": -0.007381186875007106, "MAE_test": 11.282921238951868}