{"MSE_train": [699.2669309983627], "R2_train": 0.06793152263825786, "MAE_train": 20.46608125428314, "MSE_test": 716.6607246312635, "R2_test": 0.07315749952560613, "MAE_test": 20.773226851614368}