{"MSE_train": [760.7258745560098], "R2_train": -0.013988473006683488, "MAE_train": 20.15680539505456, "MSE_test": 775.1287907115029, "R2_test": -0.0024580416938366767, "MAE_test": 20.547721423814068}