{"MSE_train": [768.2470031333554], "R2_train": -0.02401355291589602, "MAE_train": 20.26022037951563, "MSE_test": 799.8820083518725, "R2_test": -0.034470866373731646, "MAE_test": 21.110974084074314}