{"MSE_train": [3.6134058293844022], "R2_train": 0.9824942614731488, "MAE_train": 1.4440455426332472, "MSE_test": 3.356325815377987, "R2_test": 0.9797686925634373, "MAE_test": 1.4271736953012426}