{"MSE_train": [0.49640496100551507], "R2_train": 0.011540860063399827, "MAE_train": 0.6156956064187196, "MSE_test": 0.5620599363777328, "R2_test": -0.04822208135581563, "MAE_test": 0.6741607789924607}