{"MSE_train": [4.424811250726786], "R2_train": 0.39244010622973535, "MAE_train": 1.7069864536037247, "MSE_test": 12.608581833373337, "R2_test": -0.2569578226749647, "MAE_test": 2.726746835707001}