{"MSE_train": [1535.8872155253498], "R2_train": -1.0472183009286775, "MAE_train": 33.197438917394244, "MSE_test": 1637.178339715307, "R2_test": -1.1173289032756584, "MAE_test": 34.59369545620775}