{"MSE_train": [0.11073723085106643], "R2_train": 0.7794961038578545, "MAE_train": 0.27269182098195077, "MSE_test": 0.16032272804084752, "R2_test": 0.7010037314549336, "MAE_test": 0.3462622222450992}