{"MSE_train": [2.122479239292234], "R2_train": 0.7085676228692981, "MAE_train": 1.2181502326860383, "MSE_test": 3.0395138423682457, "R2_test": 0.6969888642685322, "MAE_test": 1.5096786804942124, "hyperparameters": {"alpha": 0.001, "beta": 0.001}}