{"MSE_train": [3.37575495277635], "R2_train": 0.5364834330127942, "MAE_train": 1.266435733785031, "MSE_test": 6.4588279642955655, "R2_test": 0.35611518866106384, "MAE_test": 1.9029919198870846}