{"MSE_train": [849.504679655742], "R2_train": -0.13232372099726253, "MAE_train": 21.343872788018942, "MSE_test": 896.9836428316174, "R2_test": -0.16005040297755913, "MAE_test": 22.041290292431054}