{"MSE_train": [851.9450304861753], "R2_train": -0.1355765190088929, "MAE_train": 22.406100376665037, "MSE_test": 881.9482734873019, "R2_test": -0.1406054706132085, "MAE_test": 23.120518821936574}