{"MSE_train": [3.461421915439965], "R2_train": 0.5247207141562604, "MAE_train": 1.4055384747159398, "MSE_test": 15.279955877492728, "R2_test": -0.5232688595878581, "MAE_test": 2.617093485338324, "hyperparameters": {"alpha": 0.001, "beta": 0.001}}