{"MSE_train": [206.77432570092247], "R2_train": -0.0017522112657377686, "MAE_train": 13.567234494378642, "MSE_test": 218.46282076050187, "R2_test": -0.31685322980678277, "MAE_test": 14.664600853424972, "hyperparameters": {"alpha": 0.001, "beta": 0.001}}