{"MSE_train": [256.35371912640954], "R2_train": -0.24194773277856196, "MAE_train": 14.396656399372494, "MSE_test": 224.07254128151672, "R2_test": -0.35066758119479435, "MAE_test": 12.795027032062233, "hyperparameters": {"alpha": 0.001, "beta": 0.001}}