Time,Iteration,Cost,Parameters
Thu Apr  4 20:10:48 2024,0,0.40254991577958255,[-1.11690592  2.23743464 -2.12427932 -0.11653071  0.55388708 -2.77010897
  3.06858498  2.18960177  1.1855203  -1.06648308  0.60271526  1.14432476
  1.3102993  -1.87354617]
Thu Apr  4 20:11:32 2024,1,0.40148190093570923,[-1.17493456  2.23743464 -2.12427933 -0.11653072  0.55388708 -2.77010897
  3.06858498  2.18960176  1.18552029 -1.06648308  0.60271525  1.14432475
  1.31029929 -1.87354619]
Thu Apr  4 20:11:55 2024,2,0.401473258885145,[-1.18082954  2.23743463 -2.12427933 -0.11653073  0.55388708 -2.77010897
  3.06858498  2.18960175  1.18552029 -1.06648308  0.60271525  1.14432475
  1.31029929 -1.8735462 ]
Thu Apr  4 20:12:17 2024,3,0.40147324021039094,[-1.18056732  2.23743463 -2.12427933 -0.11653072  0.55388708 -2.77010897
  3.06858498  2.18960176  1.18552029 -1.06648308  0.60271526  1.14432475
  1.3102993  -1.87354619]
