{"MSE_train": [702.3299354913186], "R2_train": 0.06384877568234859, "MAE_train": 19.65645817231502, "MSE_test": 724.3372787365145, "R2_test": 0.0632295707897339, "MAE_test": 20.198366256935145}