{"MSE_train": [671.4903599255339], "R2_train": 0.10495553329641727, "MAE_train": 19.13941313076024, "MSE_test": 689.8212516177762, "R2_test": 0.1078684351528304, "MAE_test": 19.516297195567024}