{"MSE_train": [102.6384393261188], "R2_train": 0.5027512085590369, "MAE_train": 9.289655828311723, "MSE_test": 172.38405942782825, "R2_test": -0.03909903128826797, "MAE_test": 10.510321065590269, "hyperparameters": {"alpha": 0.001, "beta": 0.001}}