{"MSE_train": [0.4071508973366257], "R2_train": 0.18926671282540874, "MAE_train": 0.5538781925598177, "MSE_test": 0.41711844645070667, "R2_test": 0.22208871721356505, "MAE_test": 0.571355506959325, "hyperparameters": {"alpha": 0.001, "beta": 0.001}}