{"MSE_train": [906.5263533123969], "R2_train": -0.20832918069474227, "MAE_train": 22.872178002055602, "MSE_test": 915.5948914812316, "R2_test": -0.18411994612747073, "MAE_test": 22.992694381705764}