{"MSE_train": [704.1117028308631], "R2_train": 0.06147381828401843, "MAE_train": 19.74200202428579, "MSE_test": 709.5829859829356, "R2_test": 0.08231099260965336, "MAE_test": 19.822533597808306}