{"MSE_train": [145.9749307245263], "R2_train": 0.2928004521501155, "MAE_train": 10.392293893435703, "MSE_test": 182.75132610646284, "R2_test": -0.1015909855828383, "MAE_test": 11.198130309313608}