{"MSE_train": [204.481523357439], "R2_train": 0.009355646587475341, "MAE_train": 12.54847265676926, "MSE_test": 204.72923906261207, "R2_test": -0.23406975501356864, "MAE_test": 11.870637710669715}