{"MSE_train": [4.708450484996115], "R2_train": 0.3534943041882477, "MAE_train": 1.6352426346644868, "MSE_test": 11.670304807637576, "R2_test": -0.16342036835055307, "MAE_test": 2.556852450051695}