{"MSE_train": [0.31957719454174904], "R2_train": 0.3636465715003616, "MAE_train": 0.49031910363222186, "MSE_test": 0.37583779575207776, "R2_test": 0.29907568389527983, "MAE_test": 0.5396178627734027, "hyperparameters": {"alpha": 0.001, "beta": 0.001}}