{"MSE_train": [1459.340034444288], "R2_train": -0.9451868572070437, "MAE_train": 31.650276356330377, "MSE_test": 1481.6127388348557, "R2_test": -0.91613912748318, "MAE_test": 32.111926568839074}