{"MSE_train": [1765.383031227591], "R2_train": -1.3531183886063252, "MAE_train": 34.628086131720664, "MSE_test": 1842.9204185121728, "R2_test": -1.3834108807176353, "MAE_test": 36.20561809451782}