{"MSE_train": [0.16198587238517542], "R2_train": 0.6774479937198865, "MAE_train": 0.34360586904481566, "MSE_test": 0.1776540385299824, "R2_test": 0.6686814448485889, "MAE_test": 0.37889609914494565, "hyperparameters": {"alpha": 0.001, "beta": 0.001}}