{"MSE_train": [102.82277698041185], "R2_train": 0.5018581544906382, "MAE_train": 9.204393674647502, "MSE_test": 130.68886215951196, "R2_test": 0.21223185878756112, "MAE_test": 9.835769608290548, "hyperparameters": {"alpha": 0.001, "beta": 0.001}}