{"MSE_train": [102.82277684020451], "R2_train": 0.5018581551698957, "MAE_train": 9.204393632813472, "MSE_test": 130.6888642620876, "R2_test": 0.21223184611362644, "MAE_test": 9.835769627389942, "hyperparameters": {"alpha": 0.001, "beta": 0.001}}