{"MSE_train": [106.05452996922868], "R2_train": 0.4862013958875683, "MAE_train": 9.312492209376204, "MSE_test": 154.82129384713758, "R2_test": 0.06676605137779534, "MAE_test": 10.181632067275974, "hyperparameters": {"alpha": 0.001, "beta": 0.001}}