{"MSE_train": [0.0004556681474888938], "R2_train": -0.16873223401842896, "MAE_train": 0.013972008869258595, "MSE_test": 0.0004538837604668985, "R2_test": -0.16822409745051603, "MAE_test": 0.013980906259050283}