{"MSE_train": [759.5304768687395], "R2_train": -0.01239510078668582, "MAE_train": 20.72864764380653, "MSE_test": 795.9327554093728, "R2_test": -0.02936337918149623, "MAE_test": 21.441088278961708}