Time,Iteration,Cost,Parameters
Fri Apr  5 00:35:07 2024,0,0.11308150743594231,[-1.76144309  2.23743464 -2.12427961 -0.11653103  0.55388708 -2.77010897
  3.06858498  2.18960145  1.18552    -1.06648311]
Fri Apr  5 00:35:29 2024,1,0.0862020771390435,[-1.59418484  2.23743464 -2.12427961 -0.11653103  0.55388708 -2.77010897
  3.06858498  2.18960145  1.18552    -1.06648312]
Fri Apr  5 00:35:39 2024,2,0.08581034920455938,[-1.57097252  2.23743464 -2.12427961 -0.11653103  0.55388708 -2.77010897
  3.06858498  2.18960145  1.18552    -1.06648311]
Fri Apr  5 00:35:51 2024,3,0.08581009573088895,[-1.57154841  2.23743464 -2.12427961 -0.11653103  0.55388708 -2.77010897
  3.06858498  2.18960145  1.18552    -1.06648311]
