{"MSE_train": [204.77432542672506], "R2_train": 0.007937118830819823, "MAE_train": 12.511846505837191, "MSE_test": 188.77711628198068, "R2_test": -0.1379133274218085, "MAE_test": 11.929404090008433}