{"MSE_train": [3.3127418047407238], "R2_train": 0.9839508777649145, "MAE_train": 1.4679829905567487, "MSE_test": 3.6551493673016884, "R2_test": 0.977967439800504, "MAE_test": 1.5912272099199387}