{"MSE_train": [3.697570500837801], "R2_train": 0.4922957357044131, "MAE_train": 1.455714166399027, "MSE_test": 13.361358790056897, "R2_test": -0.3320026530085678, "MAE_test": 2.426411604391498}