Time,Iteration,Cost,Parameters
Thu Apr  4 23:57:31 2024,0,0.41394072340404975,[-1.30599094  2.2374346  -2.12427964 -0.11653103  0.55388704 -2.77010901
  3.06858491  2.18960141  1.18551998 -1.06648312]
Thu Apr  4 23:57:51 2024,1,0.35820794648392734,[-1.68251774  2.2374346  -2.12427964 -0.11653103  0.55388705 -2.770109
  3.06858492  2.18960142  1.18551998 -1.06648312]
Thu Apr  4 23:58:01 2024,2,0.35802885455976735,[-1.70841889  2.2374346  -2.12427963 -0.11653103  0.55388705 -2.77010901
  3.06858492  2.18960142  1.18551998 -1.06648311]
Thu Apr  4 23:58:11 2024,3,0.35802300559723477,[-1.70450093  2.2374346  -2.12427963 -0.11653103  0.55388706 -2.770109
  3.06858493  2.18960143  1.18551999 -1.06648311]
