{"MSE_train": [1679.7238810809752], "R2_train": -1.2389413982326105, "MAE_train": 31.473836696259305, "MSE_test": 1587.6925197890844, "R2_test": -1.0533299153277076, "MAE_test": 31.151203259639033, "BATCH_SIZE": 25, "NUM_CORES": 16, "TOLERANCE": 1e-06, "MAX_ITER": 1000}