{"MSE_train": [775.0891037104944], "R2_train": -0.033133541269678046, "MAE_train": 20.60370683900401, "MSE_test": 793.0565265121452, "R2_test": -0.0256436118056369, "MAE_test": 21.060995282164868}