{"MSE_train": [0.15596322208342434], "R2_train": 0.689440508309888, "MAE_train": 0.3396397764086346, "MSE_test": 0.16644189307895518, "R2_test": 0.689591703133288, "MAE_test": 0.3685552711448387, "hyperparameters": {"alpha": 0.001, "beta": 0.001}}