Time,Iteration,Cost,Parameters
Mon Apr  1 21:46:30 2024,0,0.15198260350839526,[-3.80861471  2.23743292 -2.12428049 -0.11653188  0.55388622 -2.77010897
  3.06858584  2.1896006   1.18551913 -1.06648394  0.60271596  1.14432445
  1.31029813 -1.87354594]
Mon Apr  1 21:47:01 2024,1,0.15198158899442996,[-3.80604967  2.23743293 -2.12428049 -0.11653188  0.55388623 -2.77010897
  3.06858584  2.1896006   1.18551913 -1.06648394  0.60271596  1.14432445
  1.31029813 -1.87354595]
