{"MSE_train": [260.1047595553831], "R2_train": -0.26012026474806027, "MAE_train": 13.886090099416538, "MSE_test": 127.913830997332, "R2_test": 0.22895923022774467, "MAE_test": 10.435691588347819}