{"MSE_train": [234.301645423458], "R2_train": -0.1351128367147314, "MAE_train": 13.030889164033363, "MSE_test": 364.6946774411857, "R2_test": -1.198311649597621, "MAE_test": 15.101512642925528}