{"MSE_train": [261.09795323489595], "R2_train": -0.264931954793691, "MAE_train": 13.663912639342422, "MSE_test": 117.51854869331638, "R2_test": 0.29162005749868525, "MAE_test": 9.812784923599631}