{"MSE_train": [0.5349847796478981], "R2_train": -0.06528064123045274, "MAE_train": 0.6258914071068995, "MSE_test": 0.6271449430658771, "R2_test": -0.1696033376242827, "MAE_test": 0.6839599592385046}