{"MSE_train": [2018.7853294054094], "R2_train": -1.6908839595955794, "MAE_train": 37.42324378854235, "MSE_test": 2028.179381224169, "R2_test": -1.6230024675506174, "MAE_test": 38.14067201536665}