{"MSE_train": [2330.7684656889396], "R2_train": -2.1067332353266117, "MAE_train": 39.4500778781936, "MSE_test": 2307.8443881389016, "R2_test": -1.9846874398049654, "MAE_test": 38.96571388783847}