{"MSE_train": [2.4872715991492846], "R2_train": 0.9879495683788627, "MAE_train": 1.1417969094123253, "MSE_test": 1.9305348556133652, "R2_test": 0.9883630951435162, "MAE_test": 1.070318898088232}