{"MSE_train": [4.137961886859705], "R2_train": 0.9757500432856705, "MAE_train": 1.6684706454923024, "MSE_test": 4.544424700393926, "R2_test": 0.9726070535778351, "MAE_test": 1.7836166292719562}