{"MSE_train": [806.7590783182909], "R2_train": -0.07534715627450783, "MAE_train": 21.26490992036867, "MSE_test": 809.1415176426974, "R2_test": -0.04644599832852059, "MAE_test": 21.450838767613654}