{"MSE_train": [807.7218383928433], "R2_train": -0.07663044063556246, "MAE_train": 21.26301104169689, "MSE_test": 809.2939383100243, "R2_test": -0.0466431208267597, "MAE_test": 21.418674412796136}