{"MSE_train": [753.5271048701471], "R2_train": -0.004393072448558799, "MAE_train": 20.140249675859568, "MSE_test": 774.4679284967326, "R2_test": -0.0016033622527080738, "MAE_test": 20.623176213183626}