{"MSE_train": [0.000424950364558641], "R2_train": -0.08994493394926506, "MAE_train": 0.012475526058744326, "MSE_test": 0.00042309603588720855, "R2_test": -0.0889814258848598, "MAE_test": 0.01249565229771656}