Time,Iteration,Cost,Parameters
Mon Nov  4 15:04:24 2024,185,0.11653907639350414,[-3.09347204  2.16231251 -1.70061839 -0.09481286  0.55753987 -2.77603549
  3.09785358  2.24282982  1.20802438 -1.02498194  0.63500409  1.10841856
  1.337109   -1.84257553  0.6913129   2.86116717 -0.58399911 -0.49180909
 -2.03876357  0.64377392  1.64453657  2.83361583 -1.30235858 -0.33730677
 -2.3270218  -2.28594304  3.18919856  2.58180896 -0.65191963 -2.73530317
  1.44405081 -0.04557691 -2.37372321  2.05696802  1.26095483 -0.62379151
  1.02467286 -1.87977217 -0.30934516  2.37061904 -0.20894449  0.5425557
  2.63698715  1.04415667  2.58111871  2.92351962  2.84336424 -2.9716811 ]
