{"MSE_train": [760.0739172583725], "R2_train": -0.013119464594050445, "MAE_train": 20.13369733645704, "MSE_test": 773.478819015173, "R2_test": -0.00032416740691365575, "MAE_test": 20.50179039879095}