{"MSE_train": [761.6894404401612], "R2_train": -0.015272831449312019, "MAE_train": 20.159625646255567, "MSE_test": 775.4437432667527, "R2_test": -0.002865363322894554, "MAE_test": 20.5500208229327}