Time,Iteration,Cost,Parameters
Mon Nov  4 17:10:46 2024,260,0.10693127662457647,[-2.90501027  2.24182547 -2.11577083 -0.12519711  0.5606328  -2.76485988
  3.07422444  2.19877448  1.1912317  -1.07518045  0.60517973  1.13459333
  1.31047273 -1.87564352  0.73727463  2.87944305 -0.54784801 -0.48452103
 -2.03165363  0.73204905  1.60912535  2.81811606 -1.28174302 -0.25891239
 -2.38409223 -2.2638944   3.13183249  2.53195391 -0.66788148 -2.67326431
  1.52824759 -0.04696201 -2.34154293  2.04352955  1.14632665 -0.65389607
  1.05467752 -1.92122851 -0.31878136  2.32496375 -0.20665391  0.55757611
  2.69678174  1.07309269  2.58725602  2.93218811  2.75554468 -2.92636404]
