{"MSE_train": [1.303228426894041], "R2_train": 0.8210569265588268, "MAE_train": 0.8279633117773825, "MSE_test": 1.9250158388903569, "R2_test": 0.8080939038630105, "MAE_test": 0.8241360031366917}