{"MSE_train": [0.32428456866324995], "R2_train": 0.3542730814246915, "MAE_train": 0.49447934251988135, "MSE_test": 0.38322126584123534, "R2_test": 0.2853057709668412, "MAE_test": 0.5420458433868899, "hyperparameters": {"alpha": 0.001, "beta": 0.001}}