{"MSE_train": [2.8443460665701883], "R2_train": 0.986220097915285, "MAE_train": 1.2541487997185705, "MSE_test": 2.1050459454502253, "R2_test": 0.9873111747687413, "MAE_test": 1.2357797100304662}