{"MSE_train": [2.856112325794994], "R2_train": 0.9861630943382846, "MAE_train": 1.2571393376500213, "MSE_test": 2.113989929253144, "R2_test": 0.9872572620987629, "MAE_test": 1.2371054834222313}