{"MSE_train": 0.0005894129892397612, "R2_train": -0.5130975493284411, "MAE_train": 0.021144336732539064, "MSE_test": 0.0006295271084830305, "R2_test": -0.6021146729088749, "MAE_test": 0.021287715891353292}