{"MSE_train": [743.3499555320334], "R2_train": 0.00917227672920884, "MAE_train": 20.029256059957213, "MSE_test": 773.5049066070175, "R2_test": -0.000357905950167714, "MAE_test": 20.426371104001706}