{"MSE_train": [0.16198587239935097], "R2_train": 0.6774479936916596, "MAE_train": 0.34360586907385515, "MSE_test": 0.1776540382583482, "R2_test": 0.6686814453551773, "MAE_test": 0.3788960990035136, "hyperparameters": {"alpha": 0.001, "beta": 0.001}}