Time,Iteration,Cost,Parameters
Thu Apr  4 23:44:53 2024,0,0.09418781504657975,[-4.69140471  2.23743464 -2.12427939 -0.1165309   0.5538872  -2.77010922
  3.06858486  2.18960157  1.18552011 -1.06648321  0.6027151   1.14432457
  1.31029911 -1.87354668  0.72965056  2.88578419 -0.54534335 -0.47522485
 -2.0265424   0.7289737 ]
Thu Apr  4 23:45:14 2024,1,0.09386745594642172,[-4.66860922  2.23743464 -2.1242794  -0.11653091  0.5538872  -2.77010921
  3.06858486  2.18960157  1.18552011 -1.06648321  0.6027151   1.14432457
  1.31029911 -1.87354668  0.72965056  2.88578419 -0.54534335 -0.47522485
 -2.0265424   0.7289737 ]
Thu Apr  4 23:45:26 2024,2,0.09386722167367245,[-4.6679756   2.23743464 -2.12427939 -0.11653091  0.5538872  -2.77010921
  3.06858486  2.18960157  1.18552011 -1.0664832   0.6027151   1.14432457
  1.3102991  -1.87354668  0.72965056  2.88578419 -0.54534335 -0.47522485
 -2.0265424   0.7289737 ]
