{"MSE_train": [11.409582638074552], "R2_train": -0.5666215851383565, "MAE_train": 2.3444378377848336, "MSE_test": 9.517617165486012, "R2_test": 0.05118247972044243, "MAE_test": 2.255667259546564, "hyperparameters": {"alpha": 0.001, "beta": 0.001}}