Time,Iteration,Cost,Parameters
Mon Apr  1 18:47:53 2024,0,0.44550898610183487,[-3.9564665   2.23743867 -2.1242756  -0.11652699  0.5538891  -2.77010696
  3.068587    2.18960347  1.18552402 -1.0664851 ]
Mon Apr  1 18:48:14 2024,1,0.44550882411204884,[-3.95571765  2.23743867 -2.1242756  -0.11652699  0.5538891  -2.77010696
  3.068587    2.18960347  1.18552402 -1.0664851 ]
