{"MSE_train": [761.1635378596206], "R2_train": -0.01457184417856383, "MAE_train": 20.15330940471156, "MSE_test": 775.1562218628633, "R2_test": -0.0024935178348388654, "MAE_test": 20.536900109428803}