{"MSE_train": [4.328277968998672], "R2_train": 0.9790309458791873, "MAE_train": 1.5596208272153, "MSE_test": 6.121367295244276, "R2_test": 0.963101537069261, "MAE_test": 2.1471653139084834}