{"MSE_train": [0.00042378909966001146], "R2_train": -0.0869664336377074, "MAE_train": 0.013162584014581955, "MSE_test": 0.0004222426613507503, "R2_test": -0.08678497651946349, "MAE_test": 0.013159475700430587}