{"MSE_train": [0.10163350166353768], "R2_train": 0.7976237718503193, "MAE_train": 0.267217818031255, "MSE_test": 0.09915840244351265, "R2_test": 0.8150730549074334, "MAE_test": 0.2890730379347241}