{"MSE_train": [0.07352346881192469], "R2_train": 0.8535974648605836, "MAE_train": 0.22382073560362964, "MSE_test": 0.0704323851222873, "R2_test": 0.8686460703754525, "MAE_test": 0.2393924078826927}