{"MSE_train": [0.07352346881192469], "R2_train": 0.8535974648605836, "MAE_train": 0.22382073560362964, "MSE_test": 0.0704323851222873, "R2_test": 0.8686460703754525, "MAE_test": 0.2393924078826927, "BATCH_SIZE": 32, "NUM_CORES": 16, "TOLERANCE": 1e-06, "MAX_ITER": 1000, "NUM_QUBITS": 5}