{"MSE_train": [0.27826962678592615], "R2_train": 0.9617914854872558, "MAE_train": 0.3889265243117189, "MSE_test": 0.6984554180168054, "R2_test": 0.9303705196136993, "MAE_test": 0.5360285855948999}