Time,Iteration,Cost,Parameters
Tue Oct 22 15:05:53 2024,625,0.15177716667836527,[-3.27271512  3.22810587 -1.54130481 -0.29051019  0.85047856 -2.47941717
  2.94884999  2.21626358  1.4256417  -1.32891343  0.42807814  1.02376507
  1.28110092 -1.60680394  0.88252803]
