{"MSE_train": [98.77864128830164], "R2_train": 0.5214506346425976, "MAE_train": 8.785825552008287, "MSE_test": 108.16457672292901, "R2_test": 0.34800405985591276, "MAE_test": 8.8345219470438}