{"MSE_train": [227.63053609532918], "R2_train": -0.10279355095043141, "MAE_train": 13.231385674740682, "MSE_test": 214.86093294927545, "R2_test": -0.2951417203558677, "MAE_test": 12.615998637645161, "hyperparameters": {"alpha": 0.001, "beta": 0.001}}