{"MSE_train": [0.10540049084710165], "R2_train": 0.7901228095694552, "MAE_train": 0.26724409864157445, "MSE_test": 0.1388518830081183, "R2_test": 0.741046104895958, "MAE_test": 0.3298988308265876, "BATCH_SIZE": 32, "NUM_CORES": 16, "TOLERANCE": 1e-06, "MAX_ITER": 1000, "NUM_QUBITS": 5}