Time,Iteration,Cost,Parameters
Fri Apr  5 03:39:31 2024,0,0.32663897328298214,[-1.510412    2.23743457 -2.12427951 -0.11653103  0.55388702 -2.77010903
  3.06858492  2.18960145  1.18552005 -1.06648315  0.60271516  1.14432451
  1.31029899 -1.8735468 ]
Fri Apr  5 03:40:05 2024,1,0.3265681332922751,[-1.49687222  2.23743457 -2.12427951 -0.11653103  0.55388702 -2.77010904
  3.06858492  2.18960145  1.18552005 -1.06648315  0.60271516  1.14432451
  1.31029899 -1.8735468 ]
Fri Apr  5 03:40:21 2024,2,0.3265681330993383,[-1.49684987  2.23743457 -2.12427951 -0.11653103  0.55388702 -2.77010904
  3.06858492  2.18960145  1.18552005 -1.06648315  0.60271516  1.14432451
  1.31029899 -1.8735468 ]
