{"MSE_train": [21.67170862984949], "R2_train": 0.8950078450587754, "MAE_train": 3.0414918562220272, "MSE_test": 11.061108326903959, "R2_test": 0.9333256973666263, "MAE_test": 2.9633870853122586}