{"MSE_train": [905.9453950124472], "R2_train": -0.2075548084285297, "MAE_train": 23.03067534873376, "MSE_test": 962.5040935517881, "R2_test": -0.2447866474661038, "MAE_test": 24.11695101315283}