{"MSE_train": [0.05120025193249911], "R2_train": 0.8980482449506119, "MAE_train": 0.18312697512046977, "MSE_test": 0.06247359516319832, "R2_test": 0.8834889346965689, "MAE_test": 0.22464834105302373}