{"MSE_train": [0.1619006973961273], "R2_train": 0.6776175971747918, "MAE_train": 0.3433044778231965, "MSE_test": 0.18103147611038903, "R2_test": 0.6623826421390432, "MAE_test": 0.380616332329383}