Time,Iteration,Cost,Parameters
Wed Mar 19 09:56:54 2025,996,0.10721503739085618,[-3.43145636  3.0922938  -1.77742511  0.04608037  0.4133514  -3.01867417
  2.92938081  2.18015443  1.26541917 -1.01754054  0.70529026  1.2774648
  1.10201741 -1.92188301  0.75134689]
Wed Mar 19 09:57:30 2025,997,0.10486652768393542,[-3.43177593  3.09261336 -1.77774467  0.04639993  0.41367096 -3.01899373
  2.92906124  2.18047399  1.26573874 -1.0178601   0.7049707   1.27714524
  1.10169785 -1.92220257  0.75166645]
Wed Mar 19 09:58:07 2025,998,0.10550527730232881,[-3.4324801   3.09190918 -1.7770405   0.0471041   0.41437514 -3.01969791
  2.92976542  2.17976981  1.26644291 -1.01856428  0.70426652  1.27644106
  1.10240203 -1.92290675  0.75096228]
Wed Mar 19 09:58:43 2025,999,0.10187356591137484,[-3.43242384  3.09185292 -1.77709676  0.04704784  0.4144314  -3.01975417
  2.92982169  2.17971355  1.26638665 -1.01862054  0.70421026  1.2763848
  1.10245829 -1.92285049  0.75101854]
