{"MSE_train": [1390.5705270618798], "R2_train": -0.8535224481046084, "MAE_train": 29.413604937513416, "MSE_test": 1387.2800812452606, "R2_test": -0.7941406514515537, "MAE_test": 29.32595851307853}