{"MSE_train": [818.4641627914432], "R2_train": -0.09094912424789015, "MAE_train": 21.283870705373293, "MSE_test": 830.2420425199379, "R2_test": -0.07373487096571729, "MAE_test": 21.534499377151775}