{"MSE_train": [784.4913162277493], "R2_train": -0.04566595988738276, "MAE_train": 20.54790000141297, "MSE_test": 803.5046603099095, "R2_test": -0.03915596726420256, "MAE_test": 20.92533754961254}