{"MSE_train": [244.81171635546738], "R2_train": -0.18603060303320818, "MAE_train": 13.938815343155738, "MSE_test": 196.20309391537597, "R2_test": -0.1826757386960367, "MAE_test": 11.908754811515632}