{"MSE_train": [318.9590238179132], "R2_train": -0.5452494226720637, "MAE_train": 15.611338676226453, "MSE_test": 394.44869293253777, "R2_test": -1.377663318055946, "MAE_test": 18.157166973449648}