{"MSE_train": [1.9956929583728922], "R2_train": 0.725976333659895, "MAE_train": 1.1407262492194332, "MSE_test": 3.5763382575470706, "R2_test": 0.643472484950129, "MAE_test": 1.4499023195653702}