{"MSE_train": [28.725699975881668], "R2_train": 0.8608336244190338, "MAE_train": 3.8166062957962397, "MSE_test": 34.68027118892458, "R2_test": 0.7909537789234323, "MAE_test": 3.796321316518692}