{"MSE_train": [0.17039588794138932], "R2_train": 0.9766033618813557, "MAE_train": 0.33177965762241246, "MSE_test": 11.311872139552339, "R2_test": -0.12768797972779078, "MAE_test": 1.7939476811663178, "BATCH_SIZE": 32, "NUM_CORES": 16, "TOLERANCE": 1e-06, "MAX_ITER": 1000, "NUM_QUBITS": 5}