{"MSE_train": [2.4033192540387764], "R2_train": 0.6700061747402228, "MAE_train": 1.1777526322130154, "MSE_test": 11.984919926044467, "R2_test": -0.1947845566026074, "MAE_test": 2.310562719021964, "hyperparameters": {"alpha": 0.001, "beta": 0.001}}