{"MSE_train": [0.5020917512631774], "R2_train": 0.00021712188861888748, "MAE_train": 0.6187143190264797, "MSE_test": 0.5742250054672107, "R2_test": -0.0709095088266114, "MAE_test": 0.6784095303134896, "hyperparameters": {"alpha": 0.001, "beta": 0.001}}