{"MSE_train": [0.13959605125849853], "R2_train": 0.7220313985460189, "MAE_train": 0.30805013063687126, "MSE_test": 0.178934217738721, "R2_test": 0.6662939554940897, "MAE_test": 0.36142963850729026}