{"MSE_train": [237.49238768963414], "R2_train": -0.1505709121304586, "MAE_train": 13.501302521351011, "MSE_test": 221.86152173519523, "R2_test": -0.33733996681810674, "MAE_test": 12.354179534348884}