{"MSE_train": [762.8341043688233], "R2_train": -0.016798579511723366, "MAE_train": 20.023734668891716, "MSE_test": 787.4649627436235, "R2_test": -0.018412157971683163, "MAE_test": 20.76072520494236}