{"MSE_train": [791.4406743851445], "R2_train": -0.05492891426041013, "MAE_train": 20.869617484846327, "MSE_test": 814.208989404511, "R2_test": -0.05299965480414137, "MAE_test": 21.474747304337725}