{"MSE_train": [0.45134502535916543], "R2_train": 0.10126579984717943, "MAE_train": 0.5732080316416392, "MSE_test": 0.430097591611806, "R2_test": 0.19788306640225461, "MAE_test": 0.5757764571861175}