{"MSE_train": [82.25822557481038], "R2_train": 0.60148650425997, "MAE_train": 6.215394344674968, "MSE_test": 96.29207969623626, "R2_test": 0.4195692625803229, "MAE_test": 6.526909060102113}