{"MSE_train": [0.0008406582971364442], "R2_train": -1.1561841771754557, "MAE_train": 0.02152862490722976, "MSE_test": 0.0008415219617339886, "R2_test": -1.1659427365724673, "MAE_test": 0.021541166044410982}