{"MSE_train": [1393.0382688069171], "R2_train": -0.8568117560767945, "MAE_train": 29.334631045406688, "MSE_test": 1380.615929210078, "R2_test": -0.7855220413846937, "MAE_test": 29.192360041099207}