{"MSE_train": [913.9405938298875], "R2_train": -0.21821178712668776, "MAE_train": 23.48163240831416, "MSE_test": 952.0432708687075, "R2_test": -0.23125788173446105, "MAE_test": 24.11425044592582}