{"MSE_train": [740.3759903828378], "R2_train": 0.013136341159340037, "MAE_train": 20.15201650805899, "MSE_test": 748.9641302666588, "R2_test": 0.031380172787974225, "MAE_test": 20.20533179798139}