{"MSE_train": [0.2182466155453854], "R2_train": 0.5654196093063044, "MAE_train": 0.3781544089340091, "MSE_test": 0.22320758175356267, "R2_test": 0.5837256833711104, "MAE_test": 0.39412483395135667, "BATCH_SIZE": 32, "NUM_CORES": 16, "TOLERANCE": 1e-06, "MAX_ITER": 1000, "NUM_QUBITS": 5}