{"MSE_train": [209.4154009302324], "R2_train": -0.014547334364855669, "MAE_train": 12.625438612586699, "MSE_test": 192.00303203793564, "R2_test": -0.157358547288172, "MAE_test": 12.07764234580502}