{"MSE_train": [860.2490053778981], "R2_train": -0.14664507221836298, "MAE_train": 22.177452673383247, "MSE_test": 883.1112276225596, "R2_test": -0.14210949515594296, "MAE_test": 22.848617011050983}