{"MSE_train": [128.91624474418222], "R2_train": 0.3754440605583198, "MAE_train": 10.355487606515076, "MSE_test": 129.71679750925614, "R2_test": 0.2180912836078316, "MAE_test": 10.285872966412317}