{"MSE_train": 0.00019915231147634563, "R2_train": 0.48919904280262094, "MAE_train": 0.010295430914969575, "MSE_test": 0.00019636965085513607, "R2_test": 0.4945759727095489, "MAE_test": 0.010253493634412459}