{"MSE_train": [0.29739144091304726], "R2_train": 0.4078236298968998, "MAE_train": 0.45295778121133223, "MSE_test": 0.36467248328319507, "R2_test": 0.3198986003097576, "MAE_test": 0.5458996943009521, "BATCH_SIZE": 32, "NUM_CORES": 16, "TOLERANCE": 1e-06, "MAX_ITER": 1000, "NUM_QUBITS": 5}