{"MSE_train": [0.0005373421873488233], "R2_train": -0.378216007665636, "MAE_train": 0.016162828037307647, "MSE_test": 0.0005322984949190682, "R2_test": -0.3700510636499126, "MAE_test": 0.01610354523057472}