{"MSE_train": [0.0005439967508763483], "R2_train": -0.3952841370505882, "MAE_train": 0.01857157764154908, "MSE_test": 0.0005402215578566973, "R2_test": -0.3904437585545155, "MAE_test": 0.018553126386005814}