{"MSE_train": [0.40947541865710607], "R2_train": 0.1846380436425864, "MAE_train": 0.5514223625957203, "MSE_test": 0.4445476237956244, "R2_test": 0.17093426284760804, "MAE_test": 0.589513321249145}