{"MSE_train": [0.05287225133031105], "R2_train": 0.8947189005311121, "MAE_train": 0.19263881930304955, "MSE_test": 0.04162076804303877, "R2_test": 0.9223787263919455, "MAE_test": 0.17108631512416883}