{"MSE_train": [2.1210010278558067], "R2_train": 0.7087705924271833, "MAE_train": 1.2093217104777443, "MSE_test": 3.090164612289248, "R2_test": 0.6919394556738085, "MAE_test": 1.5188225746939739}