{"MSE_train": [74.37120101355282], "R2_train": 0.6396964912482708, "MAE_train": 7.410267382534005, "MSE_test": 95.33287896428531, "R2_test": 0.42535114609489755, "MAE_test": 8.200536184395506}