{"MSE_train": [0.0005125925347928259], "R2_train": -0.31473622115355426, "MAE_train": 0.018228434752034072, "MSE_test": 0.0005090996267487972, "R2_test": -0.31034089291763145, "MAE_test": 0.01821065892442133}