Time,Iteration,Cost,Parameters
Mon Apr  1 19:01:32 2024,0,0.31574966703685964,[-3.31143011  2.15186791 -1.39685809 -0.11653103  0.55388708 -2.77010898
  3.06858497  2.18960145  1.18551998 -1.06648309  0.6027151   1.14432445
  1.31029899 -1.8735468   0.7296508 ]
Mon Apr  1 19:01:37 2024,1,0.17315996353441948,[-3.7572134   2.42708513 -0.50977115 -0.11653103  0.55388708 -2.77010898
  3.06858497  2.18960146  1.18551999 -1.0664831   0.6027151   1.14432444
  1.31029899 -1.8735468   0.7296508 ]
Mon Apr  1 19:01:59 2024,2,0.1491511460072587,[-3.98895747  2.50080447 -0.11577921 -0.11653103  0.55388708 -2.77010898
  3.06858497  2.18960146  1.18551999 -1.06648312  0.6027151   1.14432444
  1.31029899 -1.8735468   0.72965079]
Mon Apr  1 19:02:09 2024,3,0.14863769326888127,[-3.95318851  2.51508141 -0.06997286 -0.11653104  0.55388708 -2.77010898
  3.06858496  2.18960146  1.18551999 -1.06648312  0.6027151   1.14432444
  1.31029899 -1.87354681  0.72965079]
Mon Apr  1 19:02:14 2024,4,0.14841267208545753,[-3.84997367  2.53543773 -0.01955979 -0.11653105  0.55388708 -2.77010899
  3.06858495  2.18960146  1.18551999 -1.06648312  0.6027151   1.14432444
  1.31029899 -1.87354683  0.72965079]
Mon Apr  1 19:02:20 2024,5,0.14808324934036315,[-3.83316075  2.54695701  0.02536848 -0.11653106  0.55388708 -2.77010899
  3.06858494  2.18960146  1.18551999 -1.06648312  0.6027151   1.14432444
  1.31029899 -1.87354683  0.72965079]
Mon Apr  1 19:02:25 2024,6,0.14800722159140314,[-3.82793517  2.55405716  0.05460388 -0.11653106  0.55388708 -2.77010899
  3.06858493  2.18960146  1.18551999 -1.06648313  0.6027151   1.14432443
  1.31029899 -1.87354683  0.72965079]
Mon Apr  1 19:02:30 2024,7,0.1480066229488889,[-3.82873571  2.55336894  0.0518581  -0.11653106  0.55388708 -2.770109
  3.06858493  2.18960146  1.18551999 -1.06648313  0.6027151   1.14432444
  1.31029899 -1.87354683  0.72965079]
Mon Apr  1 19:02:35 2024,8,0.1480066216977584,[-3.82881198  2.55336497  0.05186207 -0.11653106  0.55388708 -2.77010899
  3.06858493  2.18960146  1.18551999 -1.06648312  0.6027151   1.14432444
  1.31029899 -1.87354683  0.72965079]
