{"MSE_train": [0.0004854685057357942], "R2_train": -0.24516645365915601, "MAE_train": 0.0162824409274257, "MSE_test": 0.0004812763105187601, "R2_test": -0.2387281336122986, "MAE_test": 0.016225894701695786}