{"MSE_train": [2.202616533218793], "R2_train": 0.6975641691565415, "MAE_train": 1.2615434972889383, "MSE_test": 3.7023777442377517, "R2_test": 0.6309075255553734, "MAE_test": 1.5638826643048012}