{"MSE_train": [108.81426054387111], "R2_train": 0.47283142746293705, "MAE_train": 7.642630583647103, "MSE_test": 114.86241445412175, "R2_test": 0.3076307404126368, "MAE_test": 8.140914898432374}