{"MSE_train": [1235.8616921129249], "R2_train": -0.6473075939009294, "MAE_train": 26.749358299561564, "MSE_test": 1225.589547219097, "R2_test": -0.5850296262353238, "MAE_test": 27.12412007420494}