{"MSE_train": [923.3680683078566], "R2_train": -0.23077787797485905, "MAE_train": 22.462733544766103, "MSE_test": 930.6951709910422, "R2_test": -0.2036488254670441, "MAE_test": 22.724716336074746}