{"MSE_train": [681.5849708637381], "R2_train": 0.09150020139147796, "MAE_train": 20.123227615215686, "MSE_test": 689.8602215195218, "R2_test": 0.10781803618448205, "MAE_test": 20.174999739198498}