{"MSE_train": [852.246158088408], "R2_train": -0.13597789870134291, "MAE_train": 22.157087701774675, "MSE_test": 872.259263461119, "R2_test": -0.12807487423594877, "MAE_test": 22.90075753065915}