{"MSE_train": [2.0548750021838105], "R2_train": 0.7584470923320886, "MAE_train": 1.0020137882442697, "MSE_test": 5.357646168530736, "R2_test": 0.46589272674312043, "MAE_test": 1.7177353073382253}