{"MSE_train": [0.37581034066947083], "R2_train": 0.25167313927529666, "MAE_train": 0.5318293572174289, "MSE_test": 0.4541918101757488, "R2_test": 0.15294819327376918, "MAE_test": 0.602433271562969}