{"MSE_train": [0.11570265064406153], "R2_train": 0.7696087841016896, "MAE_train": 0.2832198646718071, "MSE_test": 0.16996471618082737, "R2_test": 0.6830217615219166, "MAE_test": 0.3554935396168996}