{"MSE_train": [79.81335079400836], "R2_train": 0.6133311020340606, "MAE_train": 5.884785355272408, "MSE_test": 92.09190853524542, "R2_test": 0.4448871127290933, "MAE_test": 5.949884867706576}