{"MSE_train": [1389.6826769099887], "R2_train": -0.8523390128490373, "MAE_train": 30.0354743375129, "MSE_test": 1375.3004251580603, "R2_test": -0.778647609875434, "MAE_test": 29.993819137642276}