{"MSE_train": [4.424811250726804], "R2_train": 0.3924401062297329, "MAE_train": 1.706986453603729, "MSE_test": 12.608581833373378, "R2_test": -0.2569578226749687, "MAE_test": 2.7267468357070026}