{"MSE_train": [8.641970465863144], "R2_train": -0.18660759989325348, "MAE_train": 2.622538070454904, "MSE_test": 11.064057909766266, "R2_test": -0.10298321603459759, "MAE_test": 2.8552103486376974}