Time,Iteration,Cost,Parameters
Thu Apr  4 12:54:55 2024,0,0.232740568182248,[-5.04161793  2.23743464 -2.12427949 -0.11653103  0.55388708]
Thu Apr  4 12:55:00 2024,1,0.23272690273637622,[-5.02934157  2.23743464 -2.12427949 -0.11653103  0.55388708]
