{"MSE_train": [0.6404343614245475], "R2_train": 0.9120635411216661, "MAE_train": 0.6014649522018921, "MSE_test": 1.314866552559097, "R2_test": 0.8689200878533186, "MAE_test": 0.7786337268268396}