{"MSE_train": [760.6536128995014], "R2_train": -0.013892153834179188, "MAE_train": 20.191266524751825, "MSE_test": 775.428735104821, "R2_test": -0.0028459535773146527, "MAE_test": 20.5866716641504}