{"MSE_train": [760.4597887043706], "R2_train": -0.013633801244598676, "MAE_train": 20.156178204773283, "MSE_test": 775.0615620826723, "R2_test": -0.0023710962979091033, "MAE_test": 20.550038397160307}