{"MSE_train": [858.474256269127], "R2_train": -0.14427946957625082, "MAE_train": 22.280509884154647, "MSE_test": 869.8333959591189, "R2_test": -0.12493754994274142, "MAE_test": 22.942206686805342}