{"MSE_train": [1174.3105678412112], "R2_train": -0.5652647285277148, "MAE_train": 26.306897650454278, "MSE_test": 1250.9511805718078, "R2_test": -0.6178293023789212, "MAE_test": 27.37368535549057}