{"MSE_train": [1051.591505357727], "R2_train": -0.40168975502091064, "MAE_train": 25.57118567446795, "MSE_test": 1054.6510815394379, "R2_test": -0.3639584421833324, "MAE_test": 26.07759393771679}