{"MSE_train": [1391.2631615964444], "R2_train": -0.8544456761129431, "MAE_train": 30.049570191505627, "MSE_test": 1483.718781220813, "R2_test": -0.918862828565181, "MAE_test": 30.965334100246416}