Time,Iteration,Cost,Parameters
Wed Mar 19 10:43:21 2025,999,0.15069378337965447,[-2.93803336  1.85364379 -1.89491114 -0.10272517  0.49983629 -2.75312739
  3.04864692  2.13657063  1.23392068 -1.03930696  0.505593    1.14200178
  1.67709139 -1.88103303  0.81283921  2.93243554 -0.52809185 -0.49839514
 -1.91122028  0.7328536   1.61516034  2.82073195 -1.32061192 -0.2634442 ]
