{"MSE_train": [1389.6777017820991], "R2_train": -0.8523323813901893, "MAE_train": 30.037897507400658, "MSE_test": 1375.538589565117, "R2_test": -0.7789556229797856, "MAE_test": 30.001205492379906}