{"MSE_train": [0.5939551034453084], "R2_train": -0.18270443857627217, "MAE_train": 0.6702961301569003, "MSE_test": 0.7852505493130122, "R2_test": -0.4644647517333578, "MAE_test": 0.8194140663808593}