{"MSE_train": [6.830303398058123], "R2_train": 0.06214792636380739, "MAE_train": 2.17959701229073, "MSE_test": 8.938832619554, "R2_test": 0.10888189209424315, "MAE_test": 2.6182090000639584, "BATCH_SIZE": 32, "NUM_CORES": 16, "TOLERANCE": 1e-06, "MAX_ITER": 1000, "NUM_QUBITS": 5}