{"MSE_train": [0.0005741468643902047], "R2_train": -0.4726154355342449, "MAE_train": 0.01973320470606229, "MSE_test": 0.0005729547983418554, "R2_test": -0.47469387643286454, "MAE_test": 0.019750927457399425}