{"MSE_train": [0.0009841679235394999], "R2_train": -1.5242685543554102, "MAE_train": 0.02611463014944126, "MSE_test": 0.0009746417277023221, "R2_test": -1.508571691376242, "MAE_test": 0.025985446783990885}