{"MSE_train": [758.4455559171322], "R2_train": -0.010948985469922956, "MAE_train": 20.176943622398227, "MSE_test": 775.8258385644957, "R2_test": -0.0033595192728552714, "MAE_test": 20.618073137515037}