{"MSE_train": [760.0823039820133], "R2_train": -0.013130643444911883, "MAE_train": 19.99466127611036, "MSE_test": 772.9636309020387, "R2_test": 0.0003421147299199623, "MAE_test": 20.234097147713012}