{"MSE_train": [893.4336530706331], "R2_train": -0.1908776287366487, "MAE_train": 22.449135671022244, "MSE_test": 880.028108074931, "R2_test": -0.13812216037872904, "MAE_test": 22.293640540191532}