{"MSE_train": [975.0173860321461], "R2_train": -0.29962240471276647, "MAE_train": 23.328306296280463, "MSE_test": 965.9161184217801, "R2_test": -0.24919934869765425, "MAE_test": 23.777870194516897}