{"MSE_train": [1213.525129198468], "R2_train": -0.6175346913621973, "MAE_train": 27.743798587220038, "MSE_test": 1200.0341359858398, "R2_test": -0.5519793411645599, "MAE_test": 27.578783831738022}