{"MSE_train": [206.93879274676516], "R2_train": -0.0025489989050868633, "MAE_train": 12.57727151849314, "MSE_test": 191.37228842545193, "R2_test": -0.15355654216717363, "MAE_test": 12.01322042722634, "hyperparameters": {"alpha": 0.001, "beta": 0.001}}