Time,Iteration,Cost,Parameters
Thu Apr  4 14:05:19 2024,0,0.33971857161021435,[-1.40907062  2.23743464 -2.12427958 -0.11653103  0.55388702 -2.77010909
  3.06858498  2.18960145  1.18551998 -1.06648314  0.6027151   1.14432439
  1.31029899 -1.87354674  0.72965074  2.88578419 -0.54534335 -0.47522485
 -2.0265424   0.7289737 ]
Thu Apr  4 14:05:34 2024,1,0.32642380681895483,[-1.57958099  2.23743464 -2.12427958 -0.11653103  0.55388703 -2.77010908
  3.06858498  2.18960145  1.18551998 -1.06648314  0.6027151   1.1443244
  1.31029899 -1.87354675  0.72965075  2.88578419 -0.54534335 -0.47522485
 -2.0265424   0.7289737 ]
Thu Apr  4 14:05:43 2024,2,0.3263971920008115,[-1.58767058  2.23743464 -2.12427958 -0.11653102  0.55388703 -2.77010907
  3.06858499  2.18960146  1.18551999 -1.06648313  0.60271511  1.1443244
  1.31029899 -1.87354674  0.72965075  2.88578419 -0.54534335 -0.47522485
 -2.0265424   0.7289737 ]
Thu Apr  4 14:05:51 2024,3,0.3263971834449849,[-1.58752814  2.23743464 -2.12427958 -0.11653102  0.55388703 -2.77010907
  3.06858498  2.18960146  1.18551999 -1.06648313  0.60271511  1.1443244
  1.31029899 -1.87354674  0.72965075  2.88578419 -0.54534335 -0.47522485
 -2.0265424   0.7289737 ]
