{"MSE_train": [1713.3322726936688], "R2_train": -1.283738772466076, "MAE_train": 33.94091223410176, "MSE_test": 1725.8268767442455, "R2_test": -1.2319762236873815, "MAE_test": 33.41675239935529}