{"MSE_train": [808.9089484990221], "R2_train": -0.07821276615401218, "MAE_train": 20.92979430828777, "MSE_test": 827.5430219825906, "R2_test": -0.07024428349846956, "MAE_test": 21.34320496623992}