{"MSE_train": [0.2973914409130472], "R2_train": 0.4078236298968999, "MAE_train": 0.45295778121133223, "MSE_test": 0.36467248328319457, "R2_test": 0.3198986003097586, "MAE_test": 0.5458996943009519}