{"MSE_train": [0.3972320495510976], "R2_train": 0.20901747383993496, "MAE_train": 0.5452952917115335, "MSE_test": 0.45864980543394, "R2_test": 0.1446341883682939, "MAE_test": 0.5960471348299766, "hyperparameters": {"alpha": 0.001, "beta": 0.001}}