{"MSE_train": [256.278659826663], "R2_train": -0.2415840956623858, "MAE_train": 14.422690782632753, "MSE_test": 224.61593696107556, "R2_test": -0.35394306923069485, "MAE_test": 12.858556929260612, "MAX_ITER": 1000}