{"MSE_train": [152.02938789280515], "R2_train": 0.2634686391420077, "MAE_train": 7.74996317465308, "MSE_test": 85.12508593224877, "R2_test": 0.48688182292421944, "MAE_test": 5.837498301133105, "BATCH_SIZE": 32, "NUM_CORES": 16, "TOLERANCE": 1e-06, "MAX_ITER": 500, "NUM_QUBITS": 5}