{"MSE_train": [256.2699911526891], "R2_train": -0.24154209884632727, "MAE_train": 14.427800894052723, "MSE_test": 224.73075573056067, "R2_test": -0.3546351754065309, "MAE_test": 12.871095081709148}