{"MSE_train": [193.33491717179777], "R2_train": 0.06335721257843441, "MAE_train": 12.548342642649951, "MSE_test": 169.59438301411498, "R2_test": -0.022283380997176083, "MAE_test": 11.405672603998616}