{"MSE_train": [193.22864650653756], "R2_train": 0.06387205828549325, "MAE_train": 12.604326448194684, "MSE_test": 168.87702445680162, "R2_test": -0.01795927710691614, "MAE_test": 11.337034313841679}