{"MSE_train": [206.93281434880606], "R2_train": -0.0025200355734207314, "MAE_train": 12.576301569013804, "MSE_test": 193.49184921782094, "R2_test": -0.16633286019459148, "MAE_test": 12.089330339889603}