{"MSE_train": [783.5715826142783], "R2_train": -0.04444002645526357, "MAE_train": 20.740933109076845, "MSE_test": 808.2176863892189, "R2_test": -0.0452512264656828, "MAE_test": 21.322782758716578}