{"MSE_train": [0.07760549128674735], "R2_train": 0.8454691971323725, "MAE_train": 0.23181575848091618, "MSE_test": 0.10340630393249053, "R2_test": 0.8071508675178338, "MAE_test": 0.2910395633888032}