{"MSE_train": [1.2985746239415725], "R2_train": 0.8216959287370474, "MAE_train": 0.7249586651367528, "MSE_test": 6.49471987829984, "R2_test": 0.3525371001278208, "MAE_test": 1.5126713244786505, "hyperparameters": {"alpha": 0.001, "beta": 0.001}}