{"MSE_train": [1149.1035556372526], "R2_train": -0.5316657401553655, "MAE_train": 25.860713236608298, "MSE_test": 1216.1407514896841, "R2_test": -0.572809694042407, "MAE_test": 26.75397288648613}