{"MSE_train": [0.0004319334360394405], "R2_train": -0.10785564545508541, "MAE_train": 0.01442163588496048, "MSE_test": 0.00043460407877524566, "R2_test": -0.11860128494848765, "MAE_test": 0.014489114581104565}