{"MSE_train": [764.6831746861915], "R2_train": -0.019263246549221513, "MAE_train": 20.028247751656522, "MSE_test": 786.296522651021, "R2_test": -0.016901038553719605, "MAE_test": 20.618039228336215}