{"MSE_train": [9.77423161892317], "R2_train": 0.9526471281940392, "MAE_train": 2.3634521251721794, "MSE_test": 14.896653060376105, "R2_test": 0.9102057474696212, "MAE_test": 3.221777958913467}