{"MSE_train": [3396.0524054998937], "R2_train": -3.5266739414027564, "MAE_train": 48.377329797901666, "MSE_test": 3623.2312677702525, "R2_test": -3.685850099773548, "MAE_test": 49.820477067505145}