{"MSE_train": [2073.345317586913], "R2_train": -1.7636081838579845, "MAE_train": 37.79224786225697, "MSE_test": 2218.1051074710863, "R2_test": -1.8686294831927537, "MAE_test": 38.696191708350945}