{"MSE_train": [109.08352362261337], "R2_train": 0.47152693821540637, "MAE_train": 7.667698256744511, "MSE_test": 121.22287814389347, "R2_test": 0.2692910489091249, "MAE_test": 8.164256017679628}