{"MSE_train": [109.88425928292595], "R2_train": 0.4676476426808259, "MAE_train": 7.644143269314523, "MSE_test": 123.89911580902438, "R2_test": 0.25315918628467515, "MAE_test": 8.11075238661876}