{"MSE_train": [0.0660056141153558], "R2_train": 0.8685672833984291, "MAE_train": 0.21368177516955855, "MSE_test": 0.08497036121898534, "R2_test": 0.8415332545056864, "MAE_test": 0.25576084042203295, "hyperparameters": {"alpha": 0.001, "beta": 0.001}}