{"MSE_train": [1522.0688802331078], "R2_train": -1.0287995338390834, "MAE_train": 31.589872497212518, "MSE_test": 1668.003822497944, "R2_test": -1.157194862939193, "MAE_test": 33.336271106258565}