{"MSE_train": [1751.0206470830215], "R2_train": -1.3339744466758798, "MAE_train": 35.613985333642034, "MSE_test": 1833.806171612458, "R2_test": -1.3716236136104292, "MAE_test": 36.74648660384685}