{"MSE_train": [3068.8637233211753], "R2_train": -3.090556854651764, "MAE_train": 47.43863941749718, "MSE_test": 3194.1521382191027, "R2_test": -3.130930931377396, "MAE_test": 48.090462336976614, "BATCH_SIZE": 25, "NUM_CORES": 16, "TOLERANCE": 1e-06, "MAX_ITER": 1000}