{"MSE_train": [1647.394254169743], "R2_train": -1.1958485179704148, "MAE_train": 34.80975592998658, "MSE_test": 1748.9104407786845, "R2_test": -1.2618297198735275, "MAE_test": 36.24050159713085}