{"MSE_train": [0.06667415166735557], "R2_train": 0.8672360677467433, "MAE_train": 0.22139820612808875, "MSE_test": 0.06975766907722104, "R2_test": 0.8699043921509583, "MAE_test": 0.2233193573162407}