{"MSE_train": [8.366607401413756], "R2_train": -0.14879817826930397, "MAE_train": 2.5404317847738067, "MSE_test": 8.964200293629059, "R2_test": 0.10635297196721383, "MAE_test": 2.738864655113282}