{"MSE_train": [2.0369632953222196], "R2_train": 0.7203096057223637, "MAE_train": 0.8930893801339149, "MSE_test": 15.013145110594106, "R2_test": -0.49667031860528343, "MAE_test": 2.1712027351684946}