{"MSE_train": [777.1278083875361], "R2_train": -0.03585097617169386, "MAE_train": 20.47173245997539, "MSE_test": 788.8364192174362, "R2_test": -0.020185834278745318, "MAE_test": 20.80491301206595}