{"MSE_train": [859.5828302242156], "R2_train": -0.1457571125085244, "MAE_train": 21.793782506474585, "MSE_test": 868.1697756496008, "R2_test": -0.12278602418652373, "MAE_test": 22.10684347041499}