{"MSE_train": [777.1298748857031], "R2_train": -0.03585373065315811, "MAE_train": 20.471476152570837, "MSE_test": 788.8683775251513, "R2_test": -0.02022716529747659, "MAE_test": 20.805315183792708}