Time,Iteration,Cost,Parameters
Tue Mar 18 15:01:11 2025,997,0.10741052973575431,[-1.58877668  2.11166191 -2.12237205 -0.14120894  0.46951734]
Tue Mar 18 15:01:44 2025,998,0.10918799241311215,[-1.58798049  2.11086573 -2.12157587 -0.14041275  0.47031352]
Tue Mar 18 15:02:17 2025,999,0.10822416742881766,[-1.58775531  2.11064055 -2.12180105 -0.14018757  0.47008834]
