{"MSE_train": [9.852194787996938], "R2_train": 0.9522694228055574, "MAE_train": 2.553604411453041, "MSE_test": 12.773649210691415, "R2_test": 0.9230028196058196, "MAE_test": 3.134409576973319, "BATCH_SIZE": 32, "NUM_CORES": 16, "TOLERANCE": 1e-06, "MAX_ITER": 500, "NUM_QUBITS": 5}