{"MSE_train": [120.04861667275932], "R2_train": 0.41840474244722414, "MAE_train": 7.911249133283389, "MSE_test": 119.91500253426084, "R2_test": 0.2771746797014708, "MAE_test": 7.402078265577321}