{"MSE_train": [835.0494759872746], "R2_train": -0.11305605785468242, "MAE_train": 21.692226804316842, "MSE_test": 844.8228550139806, "R2_test": -0.09259193435213375, "MAE_test": 22.015726309943588}