{"MSE_train": [839.8454772159396], "R2_train": -0.11944875478408612, "MAE_train": 22.15900333779846, "MSE_test": 837.0501550296847, "R2_test": -0.08253966213840425, "MAE_test": 22.27245825037181}