{"MSE_train": [834.8697803048085], "R2_train": -0.11281653747452425, "MAE_train": 21.692179068270004, "MSE_test": 844.081433584046, "R2_test": -0.09163306934333959, "MAE_test": 22.004955943329037}