Time,Iteration,Cost,Parameters
Tue Mar 18 15:01:12 2025,997,0.11872962899443294,[-3.24890568  2.34603026 -1.63030139 -0.18441983  0.56725748 -2.72575864
  3.12376629  2.2336194   1.4036796  -0.90150421  0.73497807  1.22130153
  1.44283617 -1.8874542   0.69634566]
Tue Mar 18 15:01:47 2025,998,0.12332570203360356,[-3.25047801  2.34445792 -1.62872905 -0.18284749  0.56568514 -2.72733098
  3.12219396  2.23204707  1.40210726 -0.90307654  0.73655041  1.22287387
  1.44126384 -1.88902654  0.69791799]
Tue Mar 18 15:02:22 2025,999,0.11637776809367088,[-3.25031115  2.34462478 -1.62856219 -0.18268063  0.56551829 -2.72716412
  3.12236082  2.23221392  1.40227412 -0.90290968  0.73638355  1.22270701
  1.44109698 -1.8891934   0.69808485]
