{"MSE_train": [2.3534968304735986], "R2_train": 0.9885980977273557, "MAE_train": 1.14123936143296, "MSE_test": 1.775222691869167, "R2_test": 0.9892992879645319, "MAE_test": 1.1640546686673017}