{"MSE_train": [900.7474963130402], "R2_train": -0.20062641340301357, "MAE_train": 22.608514044759026, "MSE_test": 924.4902299170225, "R2_test": -0.19562410344352354, "MAE_test": 22.93885272725091}