{"MSE_train": [1929.2894266973544], "R2_train": -1.5715928762204285, "MAE_train": 37.38263379147295, "MSE_test": 1984.7054834122675, "R2_test": -1.566778574195665, "MAE_test": 38.43483506117736}