{"MSE_train": [1767.622027143941], "R2_train": -1.3561027961652412, "MAE_train": 35.27197907897755, "MSE_test": 1801.4619566376552, "R2_test": -1.3297935089977457, "MAE_test": 36.13071055306746}