{"MSE_train": [0.5897807152291664], "R2_train": -0.17439224891255245, "MAE_train": 0.6694770426306345, "MSE_test": 0.6324817571130065, "R2_test": -0.17955630876886053, "MAE_test": 0.6679460592061834, "hyperparameters": {"alpha": 0.001, "beta": 0.001}}